Date,alpha,beta,spread,spread_std,zscore
2018-01-02,-1.0897169509627975,1.0044493234616205,-0.053715955016883754,236.00792049311244,-0.00022760234022930337
2018-01-03,-1.0898364175902109,1.0049482044459164,0.11842532670397077,2.376380077738177,0.04983433745021429
2018-01-04,-1.0898123246100213,1.0048124310005848,-0.032378033602014966,2.3866422510611907,-0.01356635398020733
2018-01-05,-1.0898927947327341,1.005123038982524,0.07451331418840823,2.401709511914887,0.031025115160158837
2018-01-08,-1.0898578836131756,1.0047270898570106,-0.09526421226991033,2.407001558733598,-0.03957796035663223
2018-01-09,-1.0898551050858587,1.0046964189863459,-0.007396066721724992,2.4124855224842845,-0.0030657455362089834
2018-01-10,-1.0898503131204011,1.0047647243958038,0.016456208321272925,2.408645506595318,0.006832142079941932
2018-01-11,-1.0898978758966298,1.0049297330130327,0.03997633389710131,2.425737536988998,0.016480073910519952
2018-01-12,-1.0898834551564114,1.0048751389549808,-0.01331420019934626,2.4415758121888653,-0.005453117668056401
2018-01-15,-1.0898834553722383,1.0048750824879724,-1.3786115800940024e-05,2.4415504502035494,-5.6464595273018795e-06
2018-01-16,-1.0898518937323456,1.0050818314342416,0.05032569994432379,2.4327530354352223,0.02068672783931825
2018-01-17,-1.0896607571959342,1.0046054126356208,-0.11685593242722803,2.457003246031286,-0.04756034922460174
2018-01-18,-1.0896725919222991,1.004422008147676,-0.045003879232979216,2.4532985369168934,-0.018344232695600284
2018-01-19,-1.0896995970214165,1.004577711273696,0.03833611236493084,2.4640231948430964,0.015558340702783847
2018-01-22,-1.089751684669037,1.004742837404327,0.04095467348128068,2.4835399153288926,0.016490443027913686
2018-01-23,-1.0897333393912247,1.0045378880335625,-0.05099574735424994,2.489259393534337,-0.020486313112529592
2018-01-24,-1.089729831421241,1.004677628412759,0.03476814317241406,2.487944732314931,0.013974644501071259
2018-01-25,-1.0897302493327292,1.0047140418214306,0.00906200167668203,2.488904606367484,0.0036409598236502422
2018-01-26,-1.0896973229443172,1.0046419430218005,-0.01811842761375715,2.517772404701019,-0.00719621343848539
2018-01-29,-1.0896931095869251,1.004657613988054,0.003923440471965023,2.5010828778438903,0.0015686967060233145
2018-01-30,-1.0894247462249445,1.0052636026850124,0.15018793646950712,2.474102895586268,0.06070399769445252
2018-01-31,-1.089339867451544,1.003992325201574,-0.31497759308527407,2.478463776815514,-0.12708581663839244
2018-02-01,-1.0893323575444902,1.004128185889648,0.03363549323762527,2.475321911285171,0.013588330909316736
2018-02-02,-1.0889704063690886,1.0045212803676173,0.09551840775151277,2.420879291859208,0.03945608030632362
2018-02-05,-1.0894770354611787,1.004240576692589,-0.06565224563112793,2.3211765545209335,-0.028284037895892785
2018-02-06,-1.0894994005943426,1.004267853781554,0.0064316966214335025,2.3663919854910485,0.0027179337408459255
2018-02-07,-1.0892965862870865,1.0050304829246508,0.17954180032413092,2.3517162727095444,0.07634500913550712
2018-02-08,-1.089900723785427,1.0046648919553032,-0.08340451988451036,2.265156566266715,-0.03682064239028401
2018-02-09,-1.0894681206860017,1.004020274340595,-0.14783299641987924,2.3002946804864224,-0.0642669818236585
2018-02-12,-1.0902009531950392,1.0053120211604945,0.3003222431921415,2.33082261564679,0.12884817625162942
2018-02-13,-1.0901472034527628,1.0048694312134783,-0.10339714254399723,2.337547411917866,-0.044233174487427376
2018-02-14,-1.0899537028380872,1.0045339664928459,-0.07929516295951089,2.3697311864671633,-0.03346167000389842
2018-02-15,-1.0901045814803374,1.0048277577816649,0.07032496229220442,2.399051151434721,0.029313656880616115
2018-02-16,-1.0901048435616822,1.0048650640725003,0.008951217560820623,2.399597424865556,0.003730299702802081
2018-02-19,-1.0901048433953202,1.0048651040625824,9.5956103507433e-06,2.3995967557888194,3.998842858740629e-06
2018-02-20,-1.0901379658437997,1.0047382842743873,-0.03027756397600001,2.3849656724243506,-0.012695178100916835
2018-02-21,-1.0900918612413641,1.0049453948845255,0.049184412562681246,2.3726931058081444,0.020729361265593986
2018-02-22,-1.090088158134774,1.0048754401189375,-0.016616014926881917,2.375925071225433,-0.006993492820172085
2018-02-23,-1.090020040880589,1.004771842999581,-0.024936453496195554,2.413878411866721,-0.010330451349002075
2018-02-26,-1.0899496535654454,1.0046241077369034,-0.0360041792104937,2.442044202274448,-0.014743459261286292
2018-02-27,-1.0899501333559962,1.0046231880005576,-0.00022227969020605087,2.411695920231268,-9.216737829234106e-05
2018-02-28,-1.0893269267488688,1.0059123217770476,0.30798228106627334,2.384362471813972,0.12916755934007257
2018-03-01,-1.0900013707055056,1.004737112266187,-0.2771483130305512,2.352685404064804,-0.11780083837461391
2018-03-02,-1.0899018876105102,1.0043059400482635,-0.10189845373108142,2.365759328184364,-0.04307219780013923
2018-03-05,-1.0901038251935822,1.0047457840628233,0.10499575223576585,2.3919044299689953,0.04389629908295577
2018-03-06,-1.090080421808961,1.004534336147225,-0.05068679154865663,2.3983863792867846,-0.02113370555570346
2018-03-07,-1.0900804483966333,1.0045329564932144,-0.0003307802833489859,2.397506634608609,-0.000137968453798663
2018-03-08,-1.0901108246671667,1.0046930922778101,0.038538419568567406,2.408665501431153,0.015999905153151858
2018-03-09,-1.0903423734290982,1.0050286934883446,0.08196798017962692,2.4495740360891407,0.03346213626206319
2018-03-12,-1.0903583393984513,1.0045967167631102,-0.10573482062696371,2.4474680991367506,-0.04320171554606067
2018-03-13,-1.0903441004454288,1.0046490311988854,0.01273443686844189,2.4316207154321536,0.005237016113419109
2018-03-14,-1.090339433973694,1.0046704900242154,0.005195645516351988,2.4191733760870653,0.002147694566958147
2018-03-15,-1.0903413305116123,1.0046308247995823,-0.00958705985016195,2.416654200451047,-0.0039670797122619405
2018-03-16,-1.0903472489942805,1.004808769430266,0.04303337940186225,2.4188349341274797,0.017790953320006193
2018-03-19,-1.0903789717318801,1.0047531078302918,-0.013314359694078348,2.3864572575509824,-0.0055791318499212265
2018-03-20,-1.0903747409491424,1.0046916714337293,-0.014682077558006768,2.390636277162759,-0.006141493667715803
2018-03-21,-1.0903817504415139,1.0046050456480349,-0.02067713459362608,2.386275409921561,-0.00866502437549979
2018-03-22,-1.09003327291597,1.0049226620829774,0.07423139008224666,2.3263644849583756,0.03190875314775743
2018-03-23,-1.0900033847094535,1.0049542360464234,0.007218837364206365,2.277027559678086,0.003170289851576028
2018-03-26,-1.0895811780710987,1.0045942986537097,-0.08378578576656537,2.3399067081256937,-0.0358073189309668
2018-03-27,-1.0891142189599776,1.0051996718030078,0.1396196333967339,2.298774573105152,0.060736548520343894
2018-03-28,-1.0891475628682568,1.0049268885304952,-0.06256887617348639,2.292628262746598,-0.027291330736073226
2018-03-29,-1.0881638091659103,1.0033221114863164,-0.37217085553481866,2.3255014516052412,-0.16003896934913436
2018-03-30,-1.0881638157405025,1.003320284672792,-0.00042479206754819643,2.3254188672304084,-0.00018267335555513363
2018-04-02,-1.0863347661512508,1.0050863790909819,0.40298697339466116,2.271621319320003,0.17740059488229007
2018-04-03,-1.0861993803297676,1.0048448854499106,-0.055429477057884924,2.3010983681970645,-0.024088269247400543
2018-04-04,-1.0857218327895106,1.0038832806818838,-0.22334064033842083,2.3277524731668016,-0.09594690282277996
2018-04-05,-1.0859830224199027,1.0047702940866685,0.20763030055152853,2.343895087840388,0.08858344455290207
2018-04-06,-1.0860698204279138,1.0046814265441342,-0.020455875108865484,2.2922449407077856,-0.008923948198375886
2018-04-09,-1.086176843714401,1.005266473527324,0.1345670945908921,2.3020914503579553,0.058454278421462405
2018-04-10,-1.0858832925230708,1.0048422969843476,-0.09893242128202928,2.339507544238822,-0.04228771201257988
2018-04-11,-1.0858320311968415,1.0050573532949814,0.050086151717977145,2.3267219774146666,0.021526487566696857
2018-04-12,-1.0857022460127337,1.0046979161986258,-0.08420975179967627,2.346614840725258,-0.03588562994583718
2018-04-13,-1.085682883447661,1.0048408003777178,0.03344384097232478,2.3394015781537396,0.014295895704541126
2018-04-16,-1.0856370603843888,1.0047096728202445,-0.030882888296417832,2.358853316939609,-0.013092330953620076
2018-04-17,-1.0856150327879515,1.0046603400060632,-0.011738186233117176,2.3840493701366117,-0.004923633872751783
2018-04-18,-1.0856194458765047,1.0049570437356306,0.07075662348034939,2.3850471427366937,0.029666760967735233
2018-04-19,-1.0856479681799336,1.0048348135138083,-0.02902222017138456,2.3721857445107655,-0.01223437930125916
2018-04-20,-1.0856548924902825,1.0048158493221522,-0.00446753801838895,2.352252409003881,-0.0018992596208163045
2018-04-23,-1.0856555909324235,1.004665910789072,-0.03526804540462081,2.352259183468521,-0.014993265050246866
2018-04-24,-1.0857620691050893,1.0044819373159837,-0.042808405984544606,2.3212256344454665,-0.01844215631143131
2018-04-25,-1.0857995633407762,1.0049417903173192,0.10691131011358834,2.3258621633885856,0.04596631382395746
2018-04-26,-1.085727362517449,1.0047759524780409,-0.03889274329949899,2.349774587100817,-0.016551691176252516
2018-04-27,-1.0857287204946744,1.0048153054765274,0.009253221141989343,2.351825160943968,0.003934485137609172
2018-04-30,-1.0856961214255876,1.0049114987798484,0.022479328844354995,2.333629203384983,0.009632776626101616
2018-05-01,-1.0856814760925733,1.0047269473094609,-0.04313430820386088,2.3381896374156166,-0.01844773730651587
2018-05-02,-1.0855935768762977,1.0050135098924347,0.06662165739439274,2.321914302868321,0.028692556530658032
2018-05-03,-1.0855977001287442,1.0049715032005946,-0.009736242909184512,2.3169338527067063,-0.004202210131208694
2018-05-04,-1.08557104040451,1.004922948263127,-0.01136769822255701,2.34690902528707,-0.004843689337794648
2018-05-07,-1.0855326652028379,1.0046688974938003,-0.0597951196075428,2.355331719371849,-0.025387132995215535
2018-05-08,-1.0855238096950868,1.0050793369678728,0.09663530245435936,2.354356878044843,0.04104530768275427
2018-05-09,-1.0852453324494864,1.004431393870458,-0.1538246510617114,2.378537409131347,-0.06467194943883135
2018-05-10,-1.0853369152340417,1.0046750225392758,0.058375689222316396,2.4000375225596606,0.02432282356988245
2018-05-11,-1.0854167793602858,1.0056331530390317,0.2303350891695004,2.4049871799871494,0.09577393637945761
2018-05-14,-1.0853772641132158,1.0048309824102648,-0.19311512691535881,2.408045058848252,-0.08019581120617576
2018-05-15,-1.0852329875506967,1.0052923882345166,0.11043550957973025,2.390459898020714,0.04619843640596948
2018-05-16,-1.0851279688514441,1.0047500672677359,-0.13013896213982434,2.401763164783651,-0.05418476061587328
2018-05-17,-1.085129439154318,1.0047110190834843,-0.009371794729133853,2.3998210376387714,-0.0039052056724842017
2018-05-18,-1.085133972762429,1.0046687398505576,-0.010125440092508597,2.393958968510742,-0.004229579631771022
2018-05-21,-1.0851831681197999,1.0048320591679278,0.039332104231789344,2.4114814684611017,0.01631034894781477
2018-05-22,-1.0851923798434528,1.0047530290168412,-0.019014707255252006,2.4049755577133825,-0.00790640353672905
2018-05-23,-1.0851805447694778,1.004649595574264,-0.024932779947675954,2.411810145904796,-0.010337787155432323
2018-05-24,-1.085198481528471,1.0044257046660292,-0.053914941109667325,2.407425026822459,-0.022395273169037885
2018-05-25,-1.0851457048172237,1.004858396819757,0.10392300572166846,2.4006913204299503,0.043288783042318174
2018-05-28,-1.0851457028252727,1.0048588604659634,0.00011130285949434437,2.4006968493248495,4.636272985722716e-05
2018-05-29,-1.085299078250168,1.004537930129555,-0.07633887126007721,2.3740272782955527,-0.03215585261298479
2018-05-30,-1.0852560815371695,1.0044603162439476,-0.018627285108578917,2.4057526749574936,-0.007742809683837527
2018-05-31,-1.0851042350241829,1.0049956946507512,0.12808748906593337,2.3897598076745337,0.05359847824647065
2018-06-01,-1.0848964679072488,1.0045052159420111,-0.11819886226186327,2.414297722890013,-0.048957865113824654
2018-06-04,-1.0849123707373243,1.0045892118052695,0.02035558974753826,2.4254574163155818,0.008392474594940384
2018-06-05,-1.0849063599019415,1.0044102667390373,-0.04343262315512675,2.427629151750762,-0.017890962927267506
2018-06-06,-1.084813373663092,1.0041440708686957,-0.06507948021038601,2.448473386251831,-0.026579615108666098
2018-06-07,-1.0847970905142066,1.004681981395818,0.1316279799280835,2.446861943296839,0.05379460835078065
2018-06-08,-1.084813813459659,1.0048330753614505,0.03705477492675868,2.453692159798693,0.01510163969786607
2018-06-11,-1.084790775730003,1.0044782290042662,-0.08718574759743092,2.4577979073369582,-0.035473114911997505
2018-06-12,-1.0847872693470384,1.0044101707914106,-0.01674542318644967,2.4611188306805576,-0.006803988079608153
2018-06-13,-1.0847466883641494,1.0046877594367063,0.06811898668027538,2.452627793851033,0.027773878633788645
2018-06-14,-1.0847114856030604,1.0043721388279199,-0.07758843276843663,2.4595501436709597,-0.03154578204802661
2018-06-15,-1.0847017614342,1.0045276220864698,0.03819487117422682,2.4560402735170705,0.015551402632144724
2018-06-18,-1.0846896754302255,1.00465646187979,0.03158515638986614,2.4507057496087774,0.012888187982138734
2018-06-19,-1.0847106655128282,1.004522383992188,-0.03275695076621332,2.4416974875951842,-0.013415646669021017
2018-06-20,-1.0846793390065155,1.0041385954432107,-0.09386763730779535,2.4467825759447,-0.03836370187962171
2018-06-21,-1.084482267161084,1.0048144394628995,0.16441102948687103,2.4298927117842113,0.06766184724516006
2018-06-22,-1.0844629051785162,1.0045748219860975,-0.058321286086169266,2.4348901955920184,-0.023952326963963586
2018-06-25,-1.0844128319191644,1.0046613110439298,0.02082138550019863,2.4017506958288624,0.008669253447645202
2018-06-26,-1.0843954574479644,1.004478981376042,-0.04387525820990845,2.4074720951674258,-0.018224617555476663
2018-06-27,-1.0842666013518214,1.0048288278914899,0.08362619280325134,2.3868146851761014,0.03503673465838481
2018-06-28,-1.0841171370076947,1.0042514832285432,-0.13850627035932916,2.4017792476109054,-0.05766819348493577
2018-06-29,-1.084135773423398,1.0048420664300852,0.14193598403079477,2.4037782722020444,0.05904703677214395
2018-07-02,-1.0840569554761839,1.004150781661997,-0.1665482420033868,2.410548240846211,-0.0690914370354691
2018-07-03,-1.08397674917976,1.0046179141288165,0.1122305436024078,2.4009573512408156,0.0467440804579086
2018-07-04,-1.0839767470029171,1.0046184146717925,0.00012017370266903526,2.400964213222526,5.005226733793776e-05
2018-07-05,-1.0838152398063723,1.0041614536143837,-0.11048588957348215,2.4215576091696156,-0.045625959570447405
2018-07-06,-1.0840182584246103,1.0047997441106442,0.1555508950578144,2.440351040616829,0.0637411964380735
2018-07-09,-1.083861378991627,1.004387524033916,-0.10137341841280545,2.4632010693467374,-0.04115515362279806
2018-07-10,-1.0838521902519684,1.0043242980876879,-0.015620108503952679,2.4721324237313507,-0.006318475642326729
2018-07-11,-1.0838021140205603,1.0044853368722788,0.03956288434233102,2.453753302624491,0.01612341562618184
2018-07-12,-1.0839457666009396,1.0048994220787053,0.10232988234935192,2.4748810387770046,0.041347394378163566
2018-07-13,-1.083936264966254,1.0046519479185883,-0.06129595016483336,2.477393859832891,-0.02474210950412543
2018-07-16,-1.083946203967759,1.0041150999473423,-0.13295328128009487,2.4765115463409275,-0.05368571023887806
2018-07-17,-1.0839420978198362,1.0040895456767012,-0.00634966093414846,2.4865412083704292,-0.002553611785227461
2018-07-18,-1.0839335235833656,1.0039889294209676,-0.025063280850986303,2.4919814486142084,-0.010057571200991083
2018-07-19,-1.0838679409661187,1.0043690545886597,0.0943957049285018,2.4816900166400977,0.038036863708023436
2018-07-20,-1.0838714574732575,1.0042952492990025,-0.01829923805550493,2.479058655703951,-0.007381526860367367
2018-07-23,-1.0838718206479065,1.0043003555340275,0.0012677621471084422,2.483634403846925,0.0005104463624536659
2018-07-24,-1.0838742576601101,1.0043126327463152,0.0030617942964283884,2.496033272317788,0.0012266640554776103
2018-07-25,-1.083584791606957,1.0035266410387835,-0.1976996012386394,2.519161049540406,-0.07847834947857246
2018-07-26,-1.0834250927110802,1.0046421783627972,0.2801908229078265,2.510418176831809,0.1116112150133617
2018-07-27,-1.0835130757554885,1.0043099469112449,-0.08295330383631949,2.4943393080824046,-0.03325662373500109
2018-07-30,-1.083416626397131,1.0047230129438198,0.10254664270809144,2.4803720731975143,0.04134324999712475
2018-07-31,-1.0833208324271368,1.0042735103021525,-0.11198755011821504,2.493662916001356,-0.04490885652572063
2018-08-01,-1.0833363479356377,1.004020130134967,-0.06310681101211912,2.4901264754828136,-0.025342813561260284
2018-08-02,-1.083459311302186,1.0046709045943485,0.16269062434466264,2.5020069505442963,0.06502404971707625
2018-08-03,-1.0833902324579257,1.0042937620607069,-0.09472340735740659,2.5136024878129253,-0.03768432272671126
2018-08-06,-1.0833599583123361,1.0040929071187623,-0.050647482659314846,2.5232622252331915,-0.02007222323261871
2018-08-07,-1.083407262864985,1.0045204309260303,0.10812932633808714,2.5304626200382536,0.0427310506315452
2018-08-08,-1.0834085123137587,1.0044501501128458,-0.017778284506704267,2.5295746262254295,-0.007028171583628113
2018-08-09,-1.0834269425495746,1.0039920954806483,-0.11577553007035135,2.5272899041301127,-0.04581015018544183
2018-08-10,-1.0832995420647977,1.0044295458675627,0.10989364915388933,2.5093627549774884,0.04379344872952623
2018-08-13,-1.083350476585921,1.0040678117876332,-0.09051310283916791,2.500929678036465,-0.036191782453568126
2018-08-14,-1.08333709753562,1.0040150419261509,-0.013267615957801127,2.51694880911087,-0.005271309416295998
2018-08-15,-1.0831589101989656,1.004558594888789,0.13588997090369048,2.496888576088449,0.054423722470055766
2018-08-16,-1.0829607467291387,1.0039805568220859,-0.14536738621731615,2.5184546946109747,-0.057720866104272336
2018-08-17,-1.082988834605177,1.0041997833020888,0.0553601367472254,2.5266874789943676,0.021910163883528233
2018-08-20,-1.0829599627994078,1.0038917502920328,-0.07798599864520384,2.5328333700254553,-0.030790023365974552
2018-08-21,-1.083000572448616,1.0045244701792067,0.16047942201581122,2.537136087531368,0.06325219321284323
2018-08-22,-1.0830035110717888,1.0039669569329184,-0.14143829015725373,2.537043168324771,-0.05574926431017195
2018-08-23,-1.0829762382020507,1.0043455857458148,0.09591854728520843,2.53273533368457,0.03787152412236779
2018-08-24,-1.0829209502965609,1.0041183587995868,-0.05784929494086555,2.548487193018135,-0.022699464646850156
2018-08-27,-1.082906297720998,1.004070827395191,-0.012193468948851205,2.5686150393202065,-0.004747098635721704
2018-08-28,-1.0829077931943958,1.004278142866794,0.053260711899952184,2.5692867923854372,0.020729765185342596
2018-08-29,-1.0828437414398915,1.0039841606178566,-0.07589013989110072,2.583802324553164,-0.029371496097026294
2018-08-30,-1.0828046597595444,1.0042117867500449,0.05859943610181517,2.5727950540887967,0.022776565902008567
2018-08-31,-1.0827969134675333,1.0037324809205304,-0.12336413233282428,2.574119519104382,-0.047924788036161806
2018-09-03,-1.0827969151953545,1.0037320344541802,-0.00011492083166331213,2.574118240696728,-4.4644736922499295e-05
2018-09-04,-1.082799696776653,1.0036923422219945,-0.010202359421839446,2.569809838725459,-0.003970083415549331
2018-09-05,-1.0827968756805588,1.0037177225939795,0.0065071177234585775,2.5628686626515207,0.0025389977326135678
2018-09-06,-1.0828062576858477,1.0036395639010531,-0.019980952895480186,2.555399968049495,-0.00781910978528007
2018-09-07,-1.0827542355821977,1.0041522925551762,0.1307476594606385,2.549162951350672,0.051290428252678766
2018-09-10,-1.082710495588577,1.0036386185611357,-0.1311861252578126,2.554885155598179,-0.05134717111270616
2018-09-11,-1.0827029629323177,1.0035799821951974,-0.015022439849985858,2.563410226874085,-0.0058603338991530685
2018-09-12,-1.0827027808899266,1.003753016678517,0.04435633442483322,2.563576368047183,0.017302521187859864
2018-09-13,-1.0827296941012863,1.0038736420585483,0.031072551436807316,2.5783566756310674,0.012051300632873895
2018-09-14,-1.0827286545759327,1.0040803248206986,0.05328590739674155,2.5782474890056855,0.020667491241227402
2018-09-17,-1.0827805807590918,1.0038242025933917,-0.06575209471083099,2.565326928431164,-0.025631078043936467
2018-09-18,-1.0827399072040733,1.003635861795814,-0.04854189253092045,2.5796730329584507,-0.01881707174154977
2018-09-19,-1.0827483655896601,1.0039809331507312,0.08906650664249582,2.5814996814826086,0.03450184684560685
2018-09-20,-1.0826230186822257,1.0035961834255565,-0.10003021694495828,2.6033219207541163,-0.03842406739923354
2018-09-21,-1.0825979548181874,1.0040403547164285,0.1154929037581951,2.5997700044481027,0.044424277363224955
2018-09-24,-1.0826341506173365,1.003743899127768,-0.07687173198155506,2.5919483856896637,-0.029657894580759982
2018-09-25,-1.0826283043345915,1.0038729593599223,0.0334205977064812,2.589228030004555,0.012907552876454226
2018-09-26,-1.082632221116716,1.0038403169278325,-0.008430451834556152,2.5816087262004044,-0.003265580778758847
2018-09-27,-1.0826366649443033,1.0038832275402805,0.011103071618606464,2.5886818583223743,0.004289083103399172
2018-09-28,-1.0826301580808118,1.0042941289668526,0.10633676645869627,2.5878794699212166,0.04109030876230627
2018-10-01,-1.082565615927231,1.0038594013614575,-0.11286857742652501,2.5979531773543263,-0.0434451930890713
2018-10-02,-1.0825690198725397,1.0036867770272422,-0.0448293195036058,2.5968801507053936,-0.017262760274642925
2018-10-03,-1.0825659593895987,1.0035523307602492,-0.034932746505035084,2.5986470014029956,-0.013442667082591472
2018-10-04,-1.0826466501229806,1.0032839306723074,-0.06930105542403453,2.579138158565967,-0.02686984998995431
2018-10-05,-1.0824872858172505,1.003919839236524,0.16314447675313204,2.5631656033037937,0.06364960443556471
2018-10-08,-1.082487380016873,1.0038857735818119,-0.008731508327457504,2.563261320615012,-0.0034064058382321017
2018-10-09,-1.082500185289668,1.0036390150932448,-0.06318359618100544,2.560169509353818,-0.024679458117971596
2018-10-10,-1.081506328488094,1.004383297940129,0.185399547347032,2.4778948053624354,0.0748213955434295
2018-10-11,-1.082242563861145,1.003560364387997,-0.20033005556339845,2.425567530530476,-0.08259100315363552
2018-10-12,-1.0824276265327115,1.0038956988602983,0.08224093196400872,2.4582439255443087,0.033455155165612295
2018-10-15,-1.0824728436890967,1.0036975803401673,-0.04848117491565063,2.444929908884808,-0.019829269845107366
2018-10-16,-1.082250228624317,1.0034472338349238,-0.062326900375097694,2.4988252991851994,-0.024942480130732164
2018-10-17,-1.0822456165412753,1.0038386395962544,0.09777763472703782,2.4981408428424903,0.03914016097498422
2018-10-18,-1.0822733651944954,1.0037922210881824,-0.011457242390463307,2.4624150508523193,-0.004652847774991302
2018-10-19,-1.082260336591456,1.0041151851326695,0.07946691450308663,2.4602874537847,0.03229984950776438
2018-10-22,-1.0823730066670847,1.0034148895677455,-0.17174703203522768,2.451019427386287,-0.07007167308272824
2018-10-23,-1.082147734997846,1.0043046661158208,0.21700399933192216,2.4364598764141947,0.08906528748230114
2018-10-24,-1.0815626785107706,1.0047445298394737,0.10447942038101132,2.362215132493705,0.044229426415838845
2018-10-25,-1.0812536388464589,1.004340516903985,-0.09685594825654675,2.405264021785722,-0.04026832288649906
2018-10-26,-1.0807913720933615,1.0049290006778946,0.13943909996493176,2.3617628518006484,0.05904026302159042
2018-10-29,-1.0807753740250639,1.0049937252187666,0.015216280804821736,2.348585594831585,0.006478912600974581
2018-10-30,-1.0799380043197717,1.0037553945001385,-0.294620979824316,2.386184625145129,-0.12346948208435338
2018-10-31,-1.0798864623985998,1.0036406986793105,-0.027607683048927356,2.411726876550968,-0.011447267647657246
2018-11-01,-1.0802244004234876,1.004478379371604,0.20363705359363848,2.435188282534629,0.08362271412610688
2018-11-02,-1.080306101548978,1.0041343757567813,-0.08338239034895878,2.4216378503938842,-0.03443222954885532
2018-11-05,-1.080144872222218,1.0034938968020406,-0.15588009366413758,2.4364908704771984,-0.06397729437566402
2018-11-06,-1.080269392419693,1.0040220856347992,0.12930029521390907,2.4505181512425707,0.05276447152547941
2018-11-07,-1.0800769863588333,1.003800812306433,-0.05519270889126915,2.503320182718232,-0.02204780246342204
2018-11-08,-1.0800451874316397,1.0041500536373296,0.08725987012257974,2.4977842248290267,0.03493491121257789
2018-11-09,-1.0802989057094734,1.003478141330994,-0.1665560973512754,2.475195410958425,-0.06729008005343018
2018-11-12,-1.0795744209777796,1.0043570022101915,0.21402239808037393,2.4271456481536653,0.08817863824660922
2018-11-13,-1.0796013570296858,1.003950470016669,-0.09854775695487206,2.4235824130596706,-0.040662020166444296
2018-11-14,-1.0795638490160533,1.0040763337916108,0.030328953229599165,2.406815410089728,0.01260127930976995
2018-11-15,-1.0796834112092204,1.004362191538699,0.06937072393887433,2.43113312652478,0.028534317262188504
2018-11-16,-1.0796549594359262,1.0041144503077273,-0.06036649821388096,2.4379764618844093,-0.024760902805116208
2018-11-19,-1.0797430556406598,1.0039915693224137,-0.029544637898339943,2.3973101759344155,-0.012324078125111253
2018-11-20,-1.0796368669522478,1.004122447429207,0.030899016769723175,2.3529433140768696,0.01313207019687416
2018-11-21,-1.0796583713785834,1.00428254103814,0.03776639970064366,2.360514506974925,0.015999223723917086
2018-11-22,-1.0796583706540537,1.0042827182826886,4.1836900749103734e-05,2.360503835336123,1.7723716489173333e-05
2018-11-23,-1.0797870943975114,1.0038114824344415,-0.11067176084105768,2.3459389878666497,-0.047175890512694184
2018-11-26,-1.0800437104969487,1.0041976730342133,0.09175329609485061,2.3827410471744197,0.03850745602576349
2018-11-27,-1.0800692879879357,1.0043928888723888,0.04663110712797902,2.3901572884999633,0.01950963953390875
2018-11-28,-1.0796692127154033,1.0039784044834283,-0.10096899522585545,2.445992983573655,-0.04127934785746495
2018-11-29,-1.0796825251667215,1.003826613457454,-0.03706150757358273,2.4408742428265344,-0.015183702184781742
2018-11-30,-1.0794198088105331,1.0029065764132172,-0.22586040326132206,2.457935008399021,-0.09189030730655344
2018-12-03,-1.079937378992822,1.0039580312701308,0.2610310154217643,2.4877022157421647,0.10492856169438675
2018-12-04,-1.0811018867849054,1.0030894707408542,-0.21044578832768934,2.409775648743859,-0.08733003358108801
2018-12-05,-1.0811018919537194,1.0030885423807592,-0.00022369397299826232,2.4096459533256,-9.283271373935156e-05
2018-12-06,-1.0809756760202147,1.004188083556657,0.2643725178556622,2.4033760859372393,0.110000477828906
2018-12-07,-1.081229519482893,1.0039348675944793,-0.059718509755469995,2.348559559651914,-0.025427717815391927
2018-12-10,-1.0812524276072855,1.004317068657258,0.08986676565129414,2.3520389325698696,0.038208026409284175
2018-12-11,-1.0812525815900704,1.0043559953998542,0.009156723974712122,2.352475515265994,0.0038923780142624664
2018-12-12,-1.0811610519797528,1.0039563444917536,-0.09442740142074513,2.365199790345143,-0.039923646960481826
2018-12-13,-1.0811345021932541,1.0045550296683714,0.1414859620458344,2.36297133646686,0.05987629213369373
2018-12-14,-1.0813543808637511,1.004281422209879,-0.0637007814308106,2.3202981384956685,-0.027453705355342858
2018-12-17,-1.0805901707987762,1.005110177310807,0.1891455603669101,2.273227432143242,0.08320573546333641
2018-12-18,-1.0806006856853319,1.0041334977549303,-0.22198899771743186,2.2729224940064987,-0.0976667696777157
2018-12-19,-1.0804072493578314,1.0044103557487822,0.062164789982887214,2.238517327415417,0.027770519897946214
2018-12-20,-1.079655176979538,1.005347529383481,0.20694472870926006,2.2002975032254364,0.09405306709928901
2018-12-21,-1.0795120348864835,1.0054932375001346,0.031544731783640145,2.155262344030096,0.014636144815974039
2018-12-24,-1.0801105559931472,1.0050216742030955,-0.09960745574807106,2.0997885818829483,-0.04743689750839098
2018-12-25,-1.0801105603295547,1.0050210100569017,-0.0001394466144688522,2.099700820012025,-6.641261133005301e-05
2018-12-26,-1.082749484076666,1.006196956001018,0.2563328901376565,2.203103615755052,0.11635080996851144
2018-12-27,-1.081867533557381,1.0041937980393472,-0.4445132481277483,2.223653028660819,-0.19990225201431427
2018-12-28,-1.0818399498749989,1.0045426793085077,0.07747395272613744,2.219977526589632,0.0348985301869944
2018-12-31,-1.081664896955994,1.004116971793878,-0.09518729786762492,2.2402746953622246,-0.0424891188855902
2019-01-01,-1.0816648990241258,1.0041164491938817,-0.0001170694879704115,2.2402304113722433,-5.225778892033748e-05
2019-01-02,-1.0816741569538997,1.0047159010695232,0.13433227551016103,2.241208735219672,0.05993742278404713
2019-01-03,-1.0801779008387709,1.0059860816524806,0.27905954105804653,2.1854204295916335,0.12769146717924268
2019-01-04,-1.0773706241450591,1.0041972029031816,-0.4018076510810147,2.262366335577611,-0.1776050344996086
2019-01-07,-1.07770272415225,1.0053087740905473,0.252776973350052,2.2772068534728724,0.11100307948070351
2019-01-08,-1.0774870993648658,1.0048102137376527,-0.11442431442526413,2.299609527581452,-0.04975814939573963
2019-01-09,-1.0774882288510728,1.004815825740249,0.0012952878772409804,2.3102365467702355,0.0005606732691731602
2019-01-10,-1.0774173444988402,1.0043959343459794,-0.09730780240974468,2.3192932713320538,-0.04195579904125592
2019-01-11,-1.0773916627592202,1.0053203127369916,0.2142872771331099,2.3180350612582012,0.09244350127163192
2019-01-14,-1.0776633712535568,1.0040783949575123,-0.28674608679926905,2.3068365050488544,-0.12430273501034106
2019-01-15,-1.0779421170206702,1.004674328895718,0.13866751497394603,2.331769297178454,0.059468796995371706
2019-01-16,-1.0779170345145102,1.004448924734193,-0.05266774221394144,2.3378522532557553,-0.02252825949141779
2019-01-17,-1.077980407930666,1.0046506317013353,0.04743547503747436,2.3550178297590167,0.020142299747398652
2019-01-18,-1.0779054364060123,1.0045185329714905,-0.031447552938260515,2.386504986399092,-0.013177241664058096
2019-01-21,-1.0779054369164611,1.0045183901480725,-3.408234215385164e-05,2.3864318443871393,-1.4281716125274194e-05
2019-01-22,-1.0779834736129366,1.0043846427395964,-0.03157003696523475,2.354724099456898,-0.013407106578862541
2019-01-23,-1.0780205917975303,1.0050319582747176,0.15259702805212783,2.3580998637889348,0.06471185991544005
2019-01-24,-1.0780032190809963,1.0045785587615568,-0.10699696536681813,2.3604082931109374,-0.045329854872607565
2019-01-25,-1.0778233978396017,1.0041017913200736,-0.11334920100634349,2.38140874871049,-0.047597541189735276
2019-01-28,-1.077656025171094,1.0045772196002216,0.11246997384472479,2.3622639726157275,0.04761109475846899
2019-01-29,-1.077651187486319,1.0046515798559288,0.017545275685137085,2.3589810972913186,0.007437649968998611
2019-01-30,-1.0774631236925918,1.0043741049813546,-0.06631121893829572,2.3968321749326607,-0.027666191914399993
2019-01-31,-1.0775082389200266,1.0044992775877337,0.030211597522423972,2.4173825333407453,0.012497648636797467
2019-02-01,-1.0775068016732452,1.00442594408496,-0.017734532422139182,2.4186790688830095,-0.0073323214519441455
2019-02-04,-1.0774557487821153,1.004253896998879,-0.04185709175285979,2.4360277513600477,-0.017182518437850614
2019-02-05,-1.0774378792334502,1.0041516585180388,-0.024992191770166983,2.4464066141286835,-0.01021587810702852
2019-02-06,-1.0774259310000949,1.004331676539263,0.04398330259783734,2.442747134485039,0.01800567155597526
2019-02-07,-1.0774619824890168,1.0042420429283265,-0.021724644532554294,2.419826534307376,-0.008977769366750295
2019-02-08,-1.0774667141447827,1.0043545857064153,0.027257122919934318,2.4225001849138397,0.011251649469287353
2019-02-11,-1.0774667429078262,1.0043560870920256,0.0003638600269937342,2.423829946670186,0.00015011780322856337
2019-02-12,-1.0773606752527307,1.0041583505095746,-0.04844076435298916,2.455343339112434,-0.019728713121847836
2019-02-13,-1.077383655769352,1.0043452711088006,0.04600795858581819,2.4627475005864783,0.018681557315503056
2019-02-14,-1.0773768067153593,1.0044145884451692,0.017038109966847514,2.457136359865796,0.006934132856907503
2019-02-15,-1.0771521412084086,1.0039281835350238,-0.12063706227681337,2.4850004956459393,-0.0485460918370785
2019-02-18,-1.0771521429369362,1.0039276982497036,-0.00012058549228299853,2.4849457664290817,-4.8526408065751216e-05
2019-02-19,-1.0771695699704793,1.0042538662400784,0.08114183946878484,2.4884147909567664,0.03260784325975926
2019-02-20,-1.0771752260538827,1.004328951611012,0.018713602843661192,2.493214452566848,0.007505813559036171
2019-02-21,-1.0772286789637748,1.0039283167135564,-0.09962115311230946,2.4853851518569376,-0.0400827827581887
2019-02-22,-1.0773227468551543,1.004334156646069,0.10134749725150982,2.499714592950831,0.04054362747543608
2019-02-25,-1.077309986604563,1.0041225103555689,-0.0529719691390369,2.5036067196820593,-0.021158262886338625
2019-02-26,-1.0773087957060863,1.0041570312427475,0.008636908849894098,2.501735173537974,0.0034523673573648938
2019-02-27,-1.0773070696289615,1.0042276614522037,0.017661737326051252,2.50049177948348,0.007063305494929319
2019-02-28,-1.0772847700934685,1.0044747286693516,0.061668238742498716,2.4952476747891947,0.024714275607013086
2019-03-01,-1.0770340062420662,1.0035946246959662,-0.22090018019775925,2.51295817782843,-0.08790443953534073
2019-03-04,-1.0769565667429153,1.0040486675658322,0.1137048525363582,2.502706984025715,0.04543274672668988
2019-03-05,-1.0769607597150208,1.0039746462232348,-0.018504877404893705,2.499513280991821,-0.007403392310662525
2019-03-06,-1.0768680179607382,1.004321565707395,0.08624922124451473,2.483606201119197,0.03472741419539375
2019-03-07,-1.076958947939861,1.0040542486780712,-0.06594410569570641,2.463619499629804,-0.026767163397438405
2019-03-08,-1.0769561513308592,1.004085759145172,0.007749676501703107,2.458648209862479,0.003152007054370976
2019-03-11,-1.076908925182055,1.0040058388404665,-0.019885888527028328,2.4943541903387163,-0.007972359580708929
2019-03-12,-1.076940137366245,1.004226932061609,0.05530673497955263,2.5030816136629026,0.022095458125561924
2019-03-13,-1.0768452667427053,1.0038854617498796,-0.08596398026480756,2.5204194623175686,-0.03410701335632531
2019-03-14,-1.0768486821844057,1.0037421091934198,-0.03611396658237709,2.519147394895095,-0.014335789424453658
2019-03-15,-1.0769252423602476,1.0041729714645071,0.10894379736240012,2.530446316883464,0.04305319446435716
2019-03-18,-1.0768683175602656,1.0038093505124712,-0.09231451746435937,2.5404834504062976,-0.036337381945784994
2019-03-19,-1.076865267351945,1.003600065046989,-0.05318638402934539,2.5416257779636426,-0.020926127083885047
2019-03-20,-1.0767769503776359,1.0041919288731054,0.14997089334653424,2.532521641550981,0.05921801057332258
2019-03-21,-1.076788533175472,1.0042179867932914,0.006661170933597305,2.5609434243157456,0.002601061339485503
2019-03-22,-1.0770156723666884,1.0039254670809794,-0.07372269998964498,2.51266425765927,-0.029340449988460877
2019-03-25,-1.0770099152121573,1.0040656572609707,0.035197179581700766,2.510406079424232,0.014020512406412482
2019-03-26,-1.0770463310203102,1.00419051640573,0.03153474309812054,2.5287197432810156,0.01247063585512414
2019-03-27,-1.0771136894343951,1.0038581247344902,-0.08370508217433326,2.516376721193766,-0.033264129917170614
2019-03-28,-1.0770874807298176,1.003689924184105,-0.04246353491419086,2.5262962860728084,-0.01680861233430442
2019-03-29,-1.0769992631932426,1.0033542907499724,-0.08525710750322446,2.542987897304753,-0.033526352049723186
2019-04-01,-1.0771115225279166,1.0036000879828637,0.06311059766528615,2.572361954243186,0.024534104759706687
2019-04-02,-1.0771130514065574,1.0038451039154899,0.06303577033907004,2.5729324523789803,0.024499582288212043
2019-04-03,-1.0770968068103393,1.003606272366322,-0.06154070311652049,2.5775750415602317,-0.023875426369456654
2019-04-04,-1.0771195501851472,1.0038556343843836,0.06440183877140271,2.583732672258841,0.02492589092628499
2019-04-05,-1.077164634400122,1.0041108610334193,0.06619511059659544,2.595513614189152,0.025503665338035622
2019-04-08,-1.0771509430201753,1.003767189669572,-0.08927912688335482,2.598356048623836,-0.03435985107993172
2019-04-09,-1.0771392714330912,1.0038230637114403,0.014454143747286707,2.584966519559698,0.00559161739152765
2019-04-10,-1.0771534025023204,1.003935287509743,0.02908884009087842,2.593457753777578,0.01121623826280116
2019-04-11,-1.0771547478379235,1.0037274792526056,-0.053888524441561,2.5932689693952446,-0.020780152416711294
2019-04-12,-1.0771505133099253,1.0037112904497518,-0.004222014285574005,2.6107770731206075,-0.0016171485221936315
2019-04-15,-1.0771444009247237,1.0038812538896578,0.044340409268670555,2.6086082881939183,0.016997726132109255
2019-04-16,-1.0771417995341668,1.0037803925729514,-0.026326467303533718,2.610574710254919,-0.01008454850961265
2019-04-17,-1.0771202897664265,1.0039798525163142,0.05195203999204523,2.6037004295934367,0.01995315567089162
2019-04-18,-1.0771040198593131,1.003779342933416,-0.05230013431418001,2.6093287046215154,-0.02004352085712642
2019-04-19,-1.0771040205424076,1.0037791612131566,-4.741464334756529e-05,2.6093226777648533,-1.817124564608494e-05
2019-04-22,-1.077097804752467,1.003609343115189,-0.044347724095644026,2.6120027497118863,-0.016978436986919615
2019-04-23,-1.0771860330190026,1.003872920588517,0.06935131358659419,2.634691073393348,0.026322370120331878
2019-04-24,-1.0771952814511343,1.003765029185315,-0.028373648330102696,2.6291225027627063,-0.010792060202705428
2019-04-25,-1.0771953493139692,1.0037625889468822,-0.000641209103946494,2.62752012720536,-0.00024403584859632884
2019-04-26,-1.0771537844899,1.0035383688973902,-0.059155284303471944,2.6402915559571096,-0.02240483031883502
2019-04-29,-1.0771722063426763,1.0040167185198028,0.12640839719290398,2.643133597836921,0.04782520160780131
2019-04-30,-1.0771722340492762,1.0040184532551724,0.0004586914586752755,2.6444703652825288,0.00017345305309415712
2019-05-01,-1.0772460186194013,1.0037616644340848,-0.06748679958741377,2.625372782131052,-0.025705606474915075
2019-05-02,-1.0772699198109685,1.0034480610276875,-0.08220096294837731,2.620559361375596,-0.03136771643487137
2019-05-03,-1.077402491399338,1.0038160736167336,0.09720447447188008,2.6451314236097248,0.03674844796151123
2019-05-06,-1.0774550575048847,1.0034654390850497,-0.09244623585749423,2.635185350498267,-0.035081492783805235
2019-05-07,-1.0772559327881834,1.0037593178598827,0.07632958567990045,2.5906992498440036,0.029462928081866915
2019-05-08,-1.077258133560057,1.0037213648594894,-0.009820852260531865,2.587200759441424,-0.0037959374527441712
2019-05-09,-1.0772867931949013,1.0034703248414205,-0.06479498099810144,2.5800624882119787,-0.025113725459806717
2019-05-10,-1.0773844782007571,1.0040384699760345,0.14712772924093542,2.591499573093432,0.05677320219092739
2019-05-13,-1.0775911663010715,1.0038355700125217,-0.05148212227550175,2.5273309420134003,-0.020370154703399656
2019-05-14,-1.077624327909098,1.0039291969033448,0.02383786675446231,2.5497791950795192,0.009348992571773998
2019-05-15,-1.0775864398419985,1.003769097745439,-0.04102504272742635,2.5650153572451866,-0.01599407294445482
2019-05-16,-1.0777270247765105,1.0041748793857646,0.10485169466727484,2.587596885871646,0.040520876818088684
2019-05-17,-1.0778926592197604,1.003464354111365,-0.18295594734252063,2.5727469641722007,-0.07111307481471968
2019-05-20,-1.0778695168918784,1.0035491117064401,0.02168280110808496,2.555620673649065,0.008484358156770185
2019-05-21,-1.0779504396147552,1.0037840218114404,0.06047363609371814,2.577963642431594,0.023457908830970955
2019-05-22,-1.0779721640189732,1.0036012311202565,-0.04700583680261161,2.5705194013025676,-0.018286513137692015
2019-05-23,-1.077810075883067,1.0039182597921539,0.0806354493253707,2.538505513902894,0.03176492975246509
2019-05-24,-1.077790510785108,1.0037128379425615,-0.05225205686292611,2.5447539733154576,-0.020533245025195504
2019-05-27,-1.0777905115365214,1.0037126422145433,-4.980570082580016e-05,2.544746784409489,-1.9571967290001948e-05
2019-05-28,-1.0777314153008835,1.0038645369877603,0.03834723415232588,2.5208388061588134,0.015212092918689383
2019-05-29,-1.0777751785453655,1.0037041880240738,-0.04019979451237532,2.5044253480226897,-0.016051504407633522
2019-05-30,-1.077816693599258,1.004176171266771,0.11842177482543548,2.5100574670850504,0.04717890979721656
2019-05-31,-1.0781992559747953,1.0034590001826214,-0.17810273018508838,2.4782130747959146,-0.07186739994088501
2019-06-03,-1.0780863003393337,1.0042486128903643,0.19513646505060933,2.4699992318796538,0.07900264199762998
2019-06-04,-1.0778120443128787,1.003939653065122,-0.07770409328057326,2.524206472945587,-0.03078357262506247
2019-06-05,-1.0778317261531187,1.0039969945291423,0.014576517273440004,2.5456737562070857,0.005725995814624029
2019-06-06,-1.077780186849159,1.0038020446038425,-0.04990313668801605,2.562611548080205,-0.019473547102915875
2019-06-07,-1.0777074386785088,1.0036200544730192,-0.04703338222776665,2.588586631931447,-0.018169522181559435
2019-06-10,-1.0777037048759859,1.0035991194974958,-0.005439889644435425,2.6004191158632914,-0.0020919280323893025
2019-06-11,-1.0777044399998585,1.0035290557690253,-0.018215966786840454,2.5999578386374687,-0.007006254684647769
2019-06-12,-1.0776561869996613,1.0040421306659664,0.1331359096450342,2.5940663788491025,0.05132324705742572
2019-06-13,-1.0775725237105318,1.003570038335098,-0.1229333982446974,2.6059501129763007,-0.04717411804337768
2019-06-14,-1.0775634222560797,1.0037387423765556,0.04391409484378528,2.602632365816796,0.01687295348377162
2019-06-17,-1.0775454848853876,1.0031908370556055,-0.14270534373451937,2.605041634234901,-0.054780446446274104
2019-06-18,-1.0779326093280777,1.0042586852307718,0.28037219065902264,2.6293993110232066,0.10662974980012388
2019-06-19,-1.0778863166612638,1.003805563777193,-0.11941006781552232,2.6364584393180386,-0.045291845315949535
2019-06-20,-1.077898918365395,1.0038402586158814,0.009220546194569579,2.6614399829719337,0.0034644952557875562
2019-06-21,-1.0778943700451402,1.003913069884701,0.019352036104919534,2.657358725453759,0.007282432710177307
2019-06-24,-1.0779032584091244,1.0037076742093125,-0.05453153630401175,2.6546668829840856,-0.020541762378379232
2019-06-25,-1.077935324500685,1.0036242757673524,-0.02195630548402505,2.6289976772533583,-0.008351588011657687
2019-06-26,-1.0779287377370044,1.00376005929967,0.03566184402939143,2.6260372024810734,0.013580098559037248
2019-06-27,-1.0778383011932533,1.0031834575164877,-0.15193967664833963,2.6368221859066567,-0.05762226875229966
2019-06-28,-1.0778597414197422,1.0032954615596736,0.029657951295405383,2.650019715182792,0.011191596472088755
2019-07-01,-1.0779664613485556,1.0036162985561279,0.08565019191746615,2.6731023966602585,0.032041493069804
2019-07-02,-1.0779131412255638,1.003149933825912,-0.12498285219027139,2.681243828105795,-0.04661375846543856
2019-07-03,-1.0780313938254265,1.0035657659205632,0.11220935390690556,2.7014573614452555,0.04153660002498598
2019-07-04,-1.078031392609387,1.0035661172589732,9.490740404771714e-05,2.701429203766882,3.5132293644926146e-05
2019-07-05,-1.0780245156988637,1.003698086980729,0.035610537288675914,2.6980162784076747,0.013198785186608539
2019-07-08,-1.07808721438081,1.00338867399821,-0.08310773340480182,2.684098863852057,-0.030962992654276007
2019-07-09,-1.078065962381169,1.0030214404684619,-0.09870072575353106,2.6884192895088854,-0.03671329324956655
2019-07-10,-1.0780962099474205,1.003197885303777,0.04761966882898605,2.7007255845576013,0.017632175997912985
2019-07-11,-1.0781326629209886,1.0037694325020041,0.15458495782331738,2.7054720288094245,0.05713788801998605
2019-07-12,-1.0779929835058755,1.003046209495555,-0.19652727009389537,2.719485604196068,-0.07226633955725337
2019-07-15,-1.0779898498200713,1.003476659443185,0.11704443069322679,2.7191995454569815,0.043043707803193464
2019-07-16,-1.0779685739113876,1.0036374600951194,0.04359652876405562,2.710040176085442,0.016087041494354994
2019-07-17,-1.0780390163427795,1.0033596768185207,-0.07485811267861209,2.692447176028829,-0.02780300142750528
2019-07-18,-1.0780012688660607,1.0030999793461752,-0.07015327337018107,2.7029663022233947,-0.02595417978850668
2019-07-19,-1.0779355399523887,1.0033887411818836,0.07765885562861286,2.687241954106352,0.028899093179883935
2019-07-22,-1.0779499215127313,1.0035612994076268,0.04645893756622854,2.6933565796030337,0.017249456651252614
2019-07-23,-1.077944209687964,1.0035400110411825,-0.005768546825322574,2.712583409072614,-0.002126587815153946
2019-07-24,-1.0779217777092969,1.0034144898711224,-0.034187310178595,2.725587583682441,-0.012543097269472362
2019-07-25,-1.0779108345633235,1.003472936699076,0.015863559995864307,2.7124603283738233,0.005848402584886778
2019-07-26,-1.077871582855789,1.0033186685788522,-0.04208828383434593,2.7309811372589987,-0.015411415062569286
2019-07-29,-1.0778718285043132,1.0033152639275127,-0.0009283081459443565,2.7260170842672657,-0.00034053643731799254
2019-07-30,-1.0778722599107304,1.0033107966904142,-0.0012151739066439404,2.7193746801189964,-0.00044685784402124606
2019-07-31,-1.0779367768697246,1.003156258902366,-0.041636119313295694,2.6902079414635467,-0.015476914877682097
2019-08-01,-1.077798838694777,1.0035437848815913,0.10344224118358625,2.6658828665883427,0.038802245394962236
2019-08-02,-1.0779169227704912,1.0031237451415507,-0.11129805569663631,2.647033917522655,-0.042046327763264765
2019-08-05,-1.077782545158889,1.0032338177209472,0.028395300151544234,2.567728422992736,0.011058529358976747
2019-08-06,-1.0781064769339277,1.0038516241860367,0.1604079267821703,2.60187516521796,0.06165089275862045
2019-08-07,-1.0780931652450123,1.0034720094246594,-0.09884486836824635,2.604323384896236,-0.03795414538052256
2019-08-08,-1.0781937244811137,1.0036060557025928,0.03548338186720912,2.654878428598211,0.013365350927177678
2019-08-09,-1.0782669595815648,1.003322701939013,-0.07480435551497067,2.6375204559511873,-0.028361620986174854
2019-08-12,-1.0782781976704725,1.0032995541254235,-0.006042453946349724,2.6056686646315956,-0.0023189648125135054
2019-08-13,-1.0783159019271817,1.0033626445364923,0.016653672919630935,2.645867513772058,0.006294220263466167
2019-08-14,-1.0782568901073868,1.0034119242233424,0.012712797562301148,2.5679911239939437,0.004950483451254767
2019-08-15,-1.0782608517174985,1.0034518976431017,0.010286706381464228,2.5745343423111158,0.003995559978520242
2019-08-16,-1.078195193278648,1.0033389805696566,-0.029433050871773503,2.612656240346743,-0.011265565831908774
2019-08-19,-1.0781895421154981,1.0033268549963898,-0.0032000398426248466,2.6439556948007312,-0.0012103227935769273
2019-08-20,-1.0781515411625966,1.003449576558491,0.032231425212273734,2.623431132977855,0.012285981060111863
2019-08-21,-1.0781235394140252,1.0033609988487977,-0.02339844140465175,2.644919750014975,-0.008846560053294348
2019-08-22,-1.0781223022207769,1.003429124625501,0.018011977527351064,2.643898392320752,0.006812658754083425
2019-08-23,-1.077842160076288,1.0036967203544165,0.06920090365088072,2.5757672101972577,0.02686613269123073
2019-08-26,-1.0777888018969795,1.0035746446748994,-0.03173719201623726,2.6043719314042404,-0.012186121203942255
2019-08-27,-1.077800707232864,1.0034985593383872,-0.01975005854990286,2.5943539291619913,-0.007612707860674344
2019-08-28,-1.07786761970472,1.0037523330231102,0.06621135483158014,2.611884894306829,0.025350027857621974
2019-08-29,-1.077721451640652,1.0034627662946736,-0.07646244738253927,2.6458485319877636,-0.028899026704712696
2019-08-30,-1.0777233679870584,1.0030533592782906,-0.1083122954622695,2.6456939159353943,-0.04093908777953829
2019-09-02,-1.0777233693532262,1.0030529982470162,-9.551373534577579e-05,2.6456939959336805,-3.6101580716657465e-05
2019-09-03,-1.0775965969043264,1.0035539106522382,0.13180931161707576,2.628994960346253,0.05013676846292462
2019-09-04,-1.0775298588720075,1.0034027812075914,-0.04011724368092473,2.659119477536325,-0.015086664596994101
2019-09-05,-1.0773904364421352,1.00312336029276,-0.0751265915396857,2.693863561686846,-0.02788804622779146
2019-09-06,-1.0773927229272153,1.0032256662813108,0.02757368397931259,2.6955956679147444,0.010229161705339513
2019-09-09,-1.0773932097708543,1.003259783433823,0.009199880041592223,2.6968530010508043,0.003411339082259053
2019-09-10,-1.0773942589206806,1.0030924236101513,-0.0451299322005525,2.696671524892272,-0.01673542060424114
2019-09-11,-1.0773530464245913,1.0029409464903665,-0.04109982470276918,2.7161732242114898,-0.015131518246484644
2019-09-12,-1.0773850318227196,1.0032134401845185,0.07421184777484768,2.724772126791483,0.027235983165401358
2019-09-13,-1.0773840723158568,1.0032454791686714,0.008724292269732814,2.7228773296874484,0.003204070993067562
2019-09-16,-1.0774002135333771,1.0031062852426824,-0.0378036471807377,2.7148863451774767,-0.013924578186445742
2019-09-17,-1.0774094965119225,1.0032114229465245,0.028601713624368585,2.7214497634514747,0.010509734189652835
2019-09-18,-1.0774063350984384,1.003080072587422,-0.03576699401941141,2.723419372607826,-0.013133120216135687
2019-09-19,-1.0774057666454924,1.0031455961319193,0.017842004170347536,2.723058727589297,0.0065521922056168535
2019-09-20,-1.0772308914092124,1.0039588644435715,0.2204012592037543,2.7080633155324376,0.08138704067206079
2019-09-23,-1.0772182745182992,1.003192703117626,-0.20756748868745944,2.7095078041537795,-0.07660708279535143
2019-09-24,-1.0771733907795176,1.0033369244082937,0.03880907407221912,2.6879715827525557,0.01443805221797679
2019-09-25,-1.0772252064738144,1.0035806796032019,0.06583459413974424,2.703149122850743,0.024354777020335092
2019-09-26,-1.0772308057223419,1.0035112810033648,-0.018726323533655886,2.6977140858173154,-0.006941552343187787
2019-09-27,-1.0772393771713045,1.0034704392205829,-0.010967342544518033,2.6833697658063604,-0.004087152909104316
2019-09-30,-1.0771433598580404,1.0029726083636363,-0.13416551369346053,2.6971025242154916,-0.04974431356942405
2019-10-01,-1.0770254240556039,1.0032206782607231,0.06621315807348083,2.6645275483403807,0.024849868080636713
2019-10-02,-1.0767987722242238,1.0035371303336194,0.08303463723234472,2.6169277304892526,0.03172981671023098
2019-10-03,-1.076746802584787,1.0033759659206334,-0.04247106707970261,2.6386748995218574,-0.016095604307828373
2019-10-04,-1.0766680402409048,1.0032257686809727,-0.04008969856573685,2.674605563301035,-0.014989013376708002
2019-10-07,-1.0766329216260282,1.0034224199830344,0.052391411283281286,2.6625362888229285,0.019677257171372798
2019-10-08,-1.0766253018227832,1.0034347450371306,0.003238349625689807,2.6214262932045633,0.0012353388054756578
2019-10-09,-1.076617574641981,1.0034136915328027,-0.005563162684552481,2.6462572914861573,-0.0021022758075909423
2019-10-10,-1.0765277787506833,1.0030831612975877,-0.08798770194590588,2.664914071830775,-0.03301708782131914
2019-10-11,-1.0766627909275852,1.0034379543181289,0.0953485821993354,2.6914464483361984,0.035426520285506
2019-10-14,-1.0766756614168778,1.0029988667317749,-0.11810319885239551,2.6895995210643293,-0.04391107223489528
2019-10-15,-1.076682227076234,1.003016509918055,0.004785095639135761,2.716069109459375,0.0017617724167881058
2019-10-16,-1.0766652674121842,1.0032472460819946,0.062567530229785,2.71106305839394,0.02307859643325693
2019-10-17,-1.0766795108167868,1.0033852683238387,0.03750695043339647,2.718652028808007,0.013796157079301314
2019-10-18,-1.0766804883409193,1.003379545659847,-0.0015499166852350754,2.706821150707444,-0.0005725966360318987
2019-10-21,-1.0765667429865127,1.0029573153120384,-0.11498885663053215,2.7262448448074617,-0.04217847742089105
2019-10-22,-1.076535890211781,1.0031831916562575,0.06139234133593163,2.716744051228906,0.022597764153807976
2019-10-23,-1.0765364723620299,1.003188657361483,0.0014885166522162763,2.7246040419707773,0.0005463240270096617
2019-10-24,-1.076525956067077,1.0030258297709538,-0.04443019648857671,2.729470990747788,-0.016277951529502885
2019-10-25,-1.076541571041178,1.0031320684878506,0.029095212374954826,2.7403020282826698,0.01061752028596228
2019-10-28,-1.0765434888659218,1.0031412994425648,0.002541640918707344,2.7556427862083126,0.0009223404903668849
2019-10-29,-1.0765429703053562,1.0031740212290945,0.009013949193274584,2.754720638977634,0.0032721826909533564
2019-10-30,-1.0765322815615177,1.0030808922090373,-0.025722938513013105,2.763389376708625,-0.009308474125948471
2019-10-31,-1.0764989630872956,1.0033715725083774,0.080118869250839,2.7552576830223514,0.02907853945731618
2019-11-01,-1.076304089590694,1.0028318145405972,-0.1499647784796707,2.782180842339514,-0.05390188020760236
2019-11-04,-1.0763361860706973,1.0030662292412345,0.06542695533141796,2.7926161850891176,0.0234285526527986
2019-11-05,-1.0763316112809556,1.0031613231671261,0.02652733036660493,2.7892660910262035,0.009510505452294519
2019-11-06,-1.0763286085047645,1.002934988417807,-0.06315282903773323,2.790531378642314,-0.022631112311110858
2019-11-07,-1.0763211293143597,1.0028768602660425,-0.01627011114163679,2.800462952292691,-0.005809793387310027
2019-11-08,-1.0763393659809053,1.0031076536108432,0.06475431590382641,2.80668196977703,0.023071483196569882
2019-11-11,-1.0763562472063464,1.0028458281319874,-0.0733782470809956,2.8020728811243676,-0.026187130097612466
2019-11-12,-1.0763796045619363,1.003236963170179,0.10975642456656942,2.806860677290277,0.03910291146781374
2019-11-13,-1.0763758383019317,1.0030122749121861,-0.06309390009869276,2.808391234052666,-0.022466207462001196
2019-11-14,-1.0763775298456755,1.0030469175634844,0.009740515186422272,2.812362386449329,0.0034634637532327023
2019-11-15,-1.076320773263351,1.0028358075465418,-0.059751422097349405,2.833221441035863,-0.021089570067457736
2019-11-18,-1.0763245432166668,1.0031240324778243,0.08168779502420875,2.83445955859932,0.028819530967157527
2019-11-19,-1.0763252877875646,1.0030605519154396,-0.01798902076234299,2.833825596612859,-0.0063479632563995594
2019-11-20,-1.0763261868081582,1.0030541296339222,-0.0018140407403848258,2.823357265870757,-0.0006425119351040945
2019-11-21,-1.0763355022660543,1.002890226975069,-0.04621587133607363,2.8193017311388275,-0.0163926658951134
2019-11-22,-1.0763406717313437,1.0029586812484554,0.01933444866216405,2.825352972775876,0.00684319759281906
2019-11-25,-1.0763879902900568,1.0031324181781434,0.04940644149911577,2.8466625639916656,0.017355917811992704
2019-11-26,-1.0764059840359184,1.0033906541089321,0.07363494784874547,2.852322764483138,0.025815783811580197
2019-11-27,-1.0763420624668059,1.0030177698970442,-0.10679971816819034,2.8660432514180068,-0.03726381941910681
2019-11-28,-1.0763420634078444,1.0030174898631288,-8.025496214258965e-05,2.866028659147966,-2.800214920615917e-05
2019-11-29,-1.0763340787051945,1.0030743477721251,0.016241687988724607,2.8552891926745607,0.005688281253749625
2019-12-02,-1.076358931950978,1.0029948201113064,-0.022541001150671036,2.8313863910584196,-0.007961117995712634
2019-12-03,-1.0763037743185733,1.0032074374064608,0.059837870802141424,2.8119022629669757,0.021280210052181385
2019-12-04,-1.076291766751688,1.0031539398760287,-0.01512327391276358,2.8293367190696155,-0.005345165816013811
2019-12-05,-1.0762682820962612,1.0028369651242708,-0.0898423257129366,2.8352748305336877,-0.03168734287957032
2019-12-06,-1.07632503272125,1.0030136070043758,0.0504692491770129,2.860560394814141,0.017643133586169934
2019-12-09,-1.0763433788691814,1.0028495249163312,-0.04681271831225331,2.8520424067201766,-0.016413752545176043
2019-12-10,-1.0763461501423575,1.0027832966129129,-0.01887062622176927,2.8490687649194713,-0.006623436560788889
2019-12-11,-1.0763721038869778,1.0030748383092625,0.083242010576555,2.8562930852367083,0.02914337152822555
2019-12-12,-1.0762872297647248,1.0028068378357655,-0.07713624640012995,2.881577091050546,-0.02676876028744667
2019-12-13,-1.0762895617911925,1.0030592545483816,0.07275361348092702,2.8825366710463216,0.025239440736938984
2019-12-16,-1.076202420979893,1.0027169105362552,-0.09929742407047115,2.903250199664415,-0.034202158698533415
2019-12-17,-1.07620243595627,1.0028411729045839,0.036077523477445084,2.9034984438237577,0.012425535668596001
2019-12-18,-1.076202436059913,1.0028410865008428,-2.5087576432269998e-05,2.9036795255005923,-8.639926070334817e-06
2019-12-19,-1.076171552294873,1.0026351322987057,-0.06002441396924496,2.916130457099333,-0.020583583228629312
2019-12-20,-1.0760388384492627,1.001891943667032,-0.2176840882833062,2.9310217981127784,-0.07426901035791282
2019-12-23,-1.0760567043593812,1.002700372030646,0.23708858731356486,2.933096388280586,0.08083218412489637
2019-12-24,-1.0760566106924452,1.0026080229620458,-0.0270886028216637,2.933457974737095,-0.00923435858122067
2019-12-25,-1.076056610918225,1.0026079567200372,-1.9430954353083507e-05,2.9334577116116494,-6.623908119134974e-06
2019-12-26,-1.076079636657916,1.0027361056957624,0.037761090294452515,2.9486337443247455,0.012806300669634379
2019-12-27,-1.0760802490688444,1.002673658663769,-0.0184094339396097,2.948073704949105,-0.006244563664980525
2019-12-30,-1.076099201311354,1.0025768072256613,-0.028416020569125067,2.932179550781356,-0.009691091584603975
2019-12-31,-1.0761112570804379,1.0027336947759977,0.046091684831537805,2.938818965528508,0.01568374417484706
2020-01-01,-1.0761112567051405,1.0027338068723468,3.2941561585175805e-05,2.9388133057299846,1.1209137212271233e-05
2020-01-02,-1.0760417734496686,1.0025242667270204,-0.062092872523578535,2.966811878688041,-0.020929157311799874
2020-01-03,-1.0760008542733028,1.0026723899609649,0.043645823908150305,2.9439828032140922,0.014825434394691434
2020-01-06,-1.0759801988475153,1.0025205485927282,-0.04485521012628624,2.9556206828777016,-0.015176240437799868
2020-01-07,-1.0759865888069258,1.002456865447164,-0.01877614220262558,2.9475250122999883,-0.006370138378562676
2020-01-08,-1.0760252419920435,1.002676618893842,0.06505986454141066,2.9625248925157996,0.021960951182476415
2020-01-09,-1.076026344897008,1.002681351493457,0.0014103071084718977,2.9825039885178604,0.0004728600913532197
2020-01-10,-1.0760357863392607,1.0025875608463308,-0.027903304534049767,2.974216384373022,-0.009381733178748495
2020-01-13,-1.076000455003869,1.0024407032400808,-0.04394621111060815,2.9950338219097508,-0.014673026658038314
2020-01-14,-1.075998818340007,1.0024692798079848,0.008546646797924495,2.9903787726063937,0.002858048243325141
2020-01-15,-1.0759990002891007,1.0024717047111613,0.0007265449525561962,2.997104226248969,0.00024241564447209925
2020-01-16,-1.0759922666521813,1.0024479890964089,-0.0071596682336121376,3.0220059475736467,-0.0023691774132213734
2020-01-17,-1.0759693208989165,1.0022411291642268,-0.06269273450942592,3.031971995698117,-0.020677214234952328
2020-01-20,-1.0759693213465336,1.0022409903194267,-4.2095348419479706e-05,3.0319633630438982,-1.3883857876573633e-05
2020-01-21,-1.075953100974756,1.0024491476241295,0.06298920347040848,3.0254230491656426,0.020819965488059523
2020-01-22,-1.0759527499778971,1.002359314165234,-0.027182301778850615,3.0260623548227272,-0.008982730225479114
2020-01-23,-1.0759492496440417,1.0022700156654234,-0.02705051026731553,3.0297864081957235,-0.008928190513411292
2020-01-24,-1.075874725033269,1.002502672428163,0.06992063544652183,3.002270038011197,0.023289255983395672
2020-01-27,-1.0757220616123144,1.002766149095847,0.07796922036970955,2.9536251703352203,0.026397804688555137
2020-01-28,-1.0756452771855005,1.002558023545043,-0.06204571355237931,2.985067452984885,-0.020785363992474402
2020-01-29,-1.075648668037701,1.0024354755362017,-0.036556655256902104,2.982935356448491,-0.012255262313302954
2020-01-30,-1.0756707362100295,1.0026516373483856,0.06464830156289736,2.9919322495468204,0.021607541939724556
2020-01-31,-1.0758757679844946,1.0023300132679211,-0.09471921614112944,2.9388325862117766,-0.032230218415818204
2020-02-03,-1.0759313338928365,1.0025525948771705,0.06582212550682698,2.95990032960809,0.0222379533690387
2020-02-04,-1.0757588198089687,1.0022306330724204,-0.09659483721668494,3.005798438206598,-0.03213616588154128
2020-02-05,-1.075900292445886,1.0026031052797937,0.11305150361198457,3.0391794652218236,0.03719803483330431
2020-02-06,-1.0758393062573721,1.002127651045541,-0.14498049715382422,3.0507677840529364,-0.04752262624237432
2020-02-07,-1.0758177148292052,1.0022410504501427,0.03442772067006672,3.0342271392656035,0.011346454662059188
2020-02-10,-1.075827249380167,1.0022792206358588,0.011657131527670117,3.056681837612412,0.003813655508476327
2020-02-11,-1.0758202379328161,1.002162213096196,-0.035822067307265115,3.06229126451609,-0.011697798874440443
2020-02-12,-1.0758218785342044,1.0021698634855258,0.002355999343478743,3.0819170611548414,0.0007644590353109354
2020-02-13,-1.0758139110791751,1.0023459457281108,0.0542045786795029,3.078082295730444,0.01760985362694466
2020-02-14,-1.0758207532327024,1.0024950658644751,0.04595740221958522,3.082537281950716,0.014908952598458789
2020-02-17,-1.07582075292137,1.002495162718496,2.985424288226568e-05,3.0825340298024733,9.684967819861739e-06
2020-02-18,-1.0758359511601325,1.0023155980348646,-0.055231506969960265,3.0751750592575795,-0.017960443196132863
2020-02-19,-1.0758320263394465,1.0022909069479928,-0.007624918892304322,3.0899008443235316,-0.0024676904782598734
2020-02-20,-1.0758326668399483,1.0022864093257786,-0.001384603179531041,3.077262417322694,-0.00044994641072427133
2020-02-21,-1.0758259839399014,1.0023051086032293,0.0057015598590623995,3.0456702524286032,0.0018720213898783043
2020-02-24,-1.0754264359226802,1.0026392261158712,0.09876421985751449,2.9442996584843786,0.033544214690550495
2020-02-25,-1.0756619049752167,1.002426779129291,-0.060907493929050815,2.8561200875378625,-0.0213252566636848
2020-02-26,-1.0756344025981566,1.0026148269828188,0.05352477891790386,2.8450288496722647,0.01881343977375473
2020-02-27,-1.0744592008529743,1.0032805946129641,0.18199690437552363,2.7164247573497278,0.06699869152756817
2020-02-28,-1.07251584048599,1.0085245265726421,1.4128552052498549,2.6907067886460894,0.5250870184784332
2020-03-02,-1.0623662168488277,1.002890041890941,-1.5799435943578146,2.8228019379499307,-0.559707563296224
2020-03-03,-1.062203643776693,1.0030375767759117,0.04060642759640132,2.741547444289248,0.014811499133814415
2020-03-04,-1.059007651709675,1.001033074429734,-0.5704051783475848,2.8621869623463576,-0.19928997855541178
2020-03-05,-1.0565389326333168,1.002885903457057,0.5141875088440884,2.762123953759658,0.1861565655459464
2020-03-06,-1.0564128624032216,1.0030803210594057,0.05292771644053573,2.716053177914311,0.019486995641661016
2020-03-09,-1.048293487648213,1.0054686768354264,0.6049660880999852,2.5002515442415087,0.24196208957187598
2020-03-10,-1.0439495275754127,1.0034072257515185,-0.5383968850849783,2.6336798594570494,-0.20442761224440253
2020-03-11,-1.0437988389422808,1.0034808071709456,0.018583236052535312,2.5055563793364137,0.007416810176690977
2020-03-12,-1.0390904958142988,1.0045200803036283,0.24005287308222023,2.2664860091268184,0.10591412085296856
2020-03-13,-1.0192743917099618,0.9992503481323937,-1.2815003261171682,2.4715729215155187,-0.5184958594429729
2020-03-16,-0.9772083859058814,1.0066945277009098,1.6681112146937664,2.187266240829374,0.76264662415365
2020-03-17,-0.9508965632237929,0.9972866535389996,-2.158923557661666,2.324018748381294,-0.9289613343977458
2020-03-18,-0.9363180781179588,1.0027515429385863,1.213472211361875,2.1944913095743015,0.5529628693755322
2020-03-19,-0.9360584483476266,1.0011865535015037,-0.3443278472974498,2.202000215838857,-0.1563704875325261
2020-03-20,-0.9311234382434387,1.003379741183247,0.4661606426977585,2.103462150713581,0.22161589289335087
2020-03-23,-0.927107345340568,1.0061539971843914,0.5710535754562045,2.0441505635459882,0.2793598405322932
2020-03-24,-0.9098470608267595,1.002125129466592,-0.883778019404474,2.2389888776317384,-0.3947219337414837
2020-03-25,-0.9110792899106964,1.0042371092161695,0.4771319407119847,2.265219107588652,0.21063390252782055
2020-03-26,-0.906050413594872,1.0022757218341483,-0.46590753855741696,2.4021488602813066,-0.19395448228085926
2020-03-27,-0.9041806566501656,1.0036226947048688,0.3152891107583855,2.327096697309224,0.1354860376549664
2020-03-30,-0.9047302840377072,1.004025951006075,0.09627061003399717,2.401419087210927,0.04008905007322502
2020-03-31,-0.9045648172104056,1.0042746956063793,0.058989105294216415,2.3649634566549222,0.02494292464783047
2020-04-01,-0.9044380986711236,1.0043356052289905,0.013885699729485168,2.2593706591933116,0.006145826349025412
2020-04-02,-0.9039506168416098,1.0038661228148258,-0.10804502417377648,2.312083573651964,-0.04673058768508011
2020-04-03,-0.9041242121107185,1.0035976641926612,-0.06135989373754569,2.279306089174913,-0.026920427242730437
2020-04-06,-0.9028242081477238,1.0031376014934426,-0.11060369853754537,2.433673158189487,-0.04544722785200465
2020-04-07,-0.9028341223793754,1.0037400423005125,0.146587660811349,2.4335373843367156,0.06023645322025858
2020-04-08,-0.9018296036110011,1.0030187834565363,-0.18049257775780347,2.5168785361044357,-0.07171286781171632
2020-04-09,-0.9019373238575228,1.0031975614360806,0.04555269700924214,2.554264394977949,0.01783397877635741
2020-04-10,-0.9019373232932721,1.003197730175723,4.309726034534833e-05,2.5541823456034627,1.6873212055330363e-05
2020-04-13,-0.90173530144071,1.0037064355625112,0.12888224840750695,2.52970091008727,0.050947623054403195
2020-04-14,-0.900612737721005,1.002766645420278,-0.24380306900587811,2.6065900267537705,-0.09353333915326485
2020-04-15,-0.899877962863064,1.003585184805519,0.20938217622105526,2.549204801037358,0.08213627094058921
2020-04-16,-0.8997724047240148,1.0030813215156666,-0.12901077276478645,2.5626951971929297,-0.05034183265575224
2020-04-17,-0.8998059332062669,1.0031132846589388,0.008376910219283218,2.631659032400324,0.00318312901335196
2020-04-20,-0.8996267854354633,1.003363001055552,0.0647195164864911,2.5847099165298792,0.025039373305527746
2020-04-21,-0.8993789835119307,1.0035584802711977,0.049235048716639085,2.5062588337354295,0.019644837976793155
2020-04-22,-0.8989117182586578,1.0030423390014218,-0.13179966937008203,2.562925797586164,-0.05142547220610705
2020-04-23,-0.8989085991867849,1.0032563552961062,0.054831739430881044,2.5620368405727234,0.021401620211918514
2020-04-24,-0.8988478683079442,1.0031464310880132,-0.028494143145906037,2.5979143288839204,-0.010968084216290263
2020-04-27,-0.8984158426862717,1.0024119415971846,-0.1932432708127294,2.637106199448716,-0.07327853191999878
2020-04-28,-0.8982434260480313,1.0032115249350158,0.2098807032367631,2.622860940390102,0.08001976010422697
2020-04-29,-0.8982037823912831,1.0031717572232013,-0.010662323747908431,2.6914735573089676,-0.003961519041847473
2020-04-30,-0.897876572633677,1.0039987497993104,0.22063845356035472,2.6641501377026904,0.08281757489486397
2020-05-01,-0.8980689843009378,1.003816131800593,-0.04756940318094394,2.5945372627283194,-0.018334445939281564
2020-05-04,-0.8979001521794122,1.00268503762881,-0.29440863942789974,2.6045214889172446,-0.1130375159815985
2020-05-05,-0.8980324582824037,1.0030705228120067,0.10114551930377047,2.627471600398496,0.03849538061169917
2020-05-06,-0.8980785195097845,1.0028965765433002,-0.04544646473385683,2.6101649424233724,-0.01741133826265503
2020-05-07,-0.8981587602844622,1.0030711855260566,0.04603204963353846,2.6410992672207456,0.017429125139237358
2020-05-08,-0.8980042678641612,1.002829877671484,-0.06463673802630865,2.685254292453464,-0.024070993279095117
2020-05-11,-0.8980032011378192,1.0030683413838362,0.06402662740902088,2.685071186462112,0.023845411522732576
2020-05-12,-0.8975798056330141,1.0035921337812863,0.13819684986725633,2.6304843843510106,0.0525366547277003
2020-05-13,-0.8979151820322945,1.0031083342898155,-0.12541097557095782,2.585438382282188,-0.04850665807020955
2020-05-14,-0.8978978125742262,1.0030712295324533,-0.009689746316098535,2.6163486613474487,-0.0037035378576447866
2020-05-15,-0.8979387030874025,1.0033154870559367,0.06413693268592624,2.6276314513441994,0.024408648577073526
2020-05-18,-0.8972878043670948,1.0027607659051003,-0.14959891556952698,2.7089832408519263,-0.05522327097249993
2020-05-19,-0.8972612948530251,1.002826822271103,0.017734366200215845,2.6808652897210052,0.006615164987294622
2020-05-20,-0.8971760045612176,1.0026941022868479,-0.03609922846430891,2.726634928035941,-0.013239479951323012
2020-05-21,-0.8970519601896582,1.003131814477508,0.11858980863564739,2.7066212825356097,0.04381470337237221
2020-05-22,-0.8970420554294601,1.0029970784756068,-0.036529868675415855,2.7121133178341488,-0.013469152795056527
2020-05-25,-0.8970420558392865,1.0029969654409525,-3.0654886757019995e-05,2.7121079241879094,-1.1302974517947709e-05
2020-05-26,-0.8968516529238123,1.002595279225988,-0.11012445225412648,2.746512806491727,-0.04009610004141745
2020-05-27,-0.8969783314565434,1.0028306182475493,0.06544589138462698,2.786536326034593,0.023486466253163966
2020-05-28,-0.8969681826638606,1.002963105902246,0.036852660546855986,2.780978816779225,0.013251686896895062
2020-05-29,-0.8970259183502056,1.003357320784018,0.1100094046444724,2.79223021000476,0.0393984006942912
2020-06-01,-0.8968685208058077,1.0024729145167541,-0.2479858568277109,2.8059357793332182,-0.0883790208793162
2020-06-02,-0.8968499601099418,1.0024112251851143,-0.017433678295276422,2.8292454170461117,-0.00616195335697606
2020-06-03,-0.8967607544467446,1.0022262451018527,-0.052945561775004535,2.8672792519031733,-0.018465436088885172
2020-06-04,-0.8966690357852167,1.0029615296754237,0.21019672176532822,2.857619399345328,0.07355658413205189
2020-06-05,-0.8962101524842778,1.0024600220413777,-0.14657397447155063,2.9321630044620237,-0.049988344525356006
2020-06-08,-0.8961340446910964,1.0022804926499176,-0.05320156710854462,2.9678497530136596,-0.01792596375693273
2020-06-09,-0.8961517931305389,1.0022129086503928,-0.019926655614199262,2.9459584571872273,-0.006764065381025448
2020-06-10,-0.8960795642907883,1.0025525442752035,0.09953263861530104,2.9286003442474513,0.03398641907927436
2020-06-11,-0.8951938261678948,1.0029561672672445,0.11225685012141184,2.759928298058514,0.04067382844705767
2020-06-12,-0.8949380257468649,1.002397282602003,-0.1558799419928505,2.7939202397362775,-0.055792552620458576
2020-06-15,-0.8949803837115021,1.002524156662391,0.03572727877735815,2.819499653307228,0.012671496070393421
2020-06-16,-0.8949546450481398,1.0024867834877913,-0.010713135234766469,2.8736924139770097,-0.0037280034504250104
2020-06-17,-0.8948932874868352,1.0028554057345958,0.10550543500130516,2.8606446662479414,0.03688169881640262
2020-06-18,-0.894883878195456,1.0024681844810899,-0.11084009673811579,2.8628542700793838,-0.03871663950783018
2020-06-19,-0.8947928658491198,1.002871080498456,0.11472560975863644,2.845416841067265,0.04031943865054405
2020-06-22,-0.8945962926158002,1.0021017262306209,-0.2202714867896134,2.8658121909673535,-0.07686180116194595
2020-06-23,-0.8946703846944669,1.0026184412148205,0.1485989808929844,2.877448370511078,0.051642622823703695
2020-06-24,-0.894839018394047,1.0024391430209099,-0.05045691047342871,2.804942512039301,-0.017988572049822366
2020-06-25,-0.8949160138621931,1.0026423852847868,0.0575232891643509,2.834275517881024,0.020295588343985965
2020-06-26,-0.8947494859948317,1.0028272596089078,0.05131333830337326,2.7667752641539645,0.018546261768414375
2020-06-29,-0.8945543791981895,1.0024719379953237,-0.09957985684781079,2.8082557783388875,-0.035459681990474994
2020-06-30,-0.8943579157557096,1.0020599597246374,-0.11701071884868952,2.8452086644442653,-0.04112553160368799
2020-07-01,-0.8943913461482546,1.0021966301861918,0.03911489596015372,2.864618028200373,0.013654489211159056
2020-07-02,-0.8944339742354955,1.0024256590360043,0.06590569310264982,2.8796556603404335,0.022886657599491753
2020-07-03,-0.8944339736674496,1.0024258294048896,4.905791422515904e-05,2.8796393782792036,1.7036131188925037e-05
2020-07-06,-0.8944576483757278,1.0024696502811703,0.012787773818217829,2.923836504084671,0.004373628210863705
2020-07-07,-0.8944487656736683,1.0024934511471382,0.006895698635446479,2.893671265017605,0.002383027650310695
2020-07-08,-0.8944915973938599,1.0026571132979822,0.0476657711449775,2.9152569543883518,0.01635045276994399
2020-07-09,-0.8946036158644455,1.0020515060455082,-0.17575635528049816,2.900455846823744,-0.06059611473588434
2020-07-10,-0.8946409275983903,1.0021572186148175,0.030930835596393536,2.9296723405341054,0.010557779847405928
2020-07-13,-0.8945627613309857,1.0024008322291962,0.07081170119789704,2.9036685971201313,0.024386977655827643
2020-07-14,-0.8945394102646842,1.002349351351202,-0.015117770026336075,2.941339995250579,-0.005139756046817757
2020-07-15,-0.8944815638803814,1.002170416900417,-0.05305965570801163,2.9687476769343335,-0.017872740118757245
2020-07-16,-0.8944586825892418,1.0023536452983288,0.05422686250352626,2.9584328901965735,0.018329590197303125
2020-07-17,-0.8944527804999808,1.0022944827881888,-0.017547532414880607,2.967159701497342,-0.005913915724194236
2020-07-20,-0.8943936788232849,1.002086002668575,-0.06230726687550714,2.99167526605292,-0.02082688170822514
2020-07-21,-0.8944121437392317,1.0023955861851486,0.09276036473715976,2.997063063172555,0.030950421389854856
2020-07-22,-0.8943705482401858,1.0021869776071701,-0.0628435163983454,3.014689451738602,-0.02084576783260475
2020-07-23,-0.8942840560585185,1.0023900725204629,0.060569981299522624,2.9782531977758033,0.020337418371533033
2020-07-24,-0.8942924178132554,1.0023534063265962,-0.01085825625614234,2.9592574834598704,-0.003669250248358656
2020-07-27,-0.8942705852859599,1.0022670253077506,-0.025726941562311367,2.9810293787528157,-0.008630220737064605
2020-07-28,-0.8943060075534155,1.0021057023368467,-0.047827257887604446,2.9626514945083953,-0.01614339654065205
2020-07-29,-0.8944003978663835,1.0023342454984598,0.06842472392276022,2.998301492851181,0.02282116194315501
2020-07-30,-0.8944158661132362,1.002207967976267,-0.03774481517154982,2.9879720646238557,-0.012632251692855558
2020-07-31,-0.8944180175247582,1.002215994370103,0.0024148299846160626,3.0114877265534385,0.0008018727631939468
2020-08-03,-0.8944053232480427,1.0021622508307564,-0.01628395688675255,3.0324919610312078,-0.005369826893527903
2020-08-04,-0.8944348391621952,1.0024082609465843,0.07483668198852911,3.043395214958442,0.024589866482244243
2020-08-05,-0.8943707158843963,1.0021127223423243,-0.0904575444034208,3.0631300809479223,-0.029531081610294406
2020-08-06,-0.8943454010497494,1.0020003573465694,-0.034624351086904426,3.0838640973018845,-0.01122758655843419
2020-08-07,-0.894345419369997,1.0020012295587275,0.00026913539886663784,3.0860466085364506,8.721041287003588e-05
2020-08-10,-0.8943428851583921,1.0019753107298124,-0.008019703274044332,3.0953179704723564,-0.0025909141970382114
2020-08-11,-0.8943030059100557,1.0021142208651417,0.04267518626721767,3.0694356105152045,0.013903268119071128
2020-08-12,-0.8942828370615346,1.0020705734102593,-0.013562989974616357,3.11225125920823,-0.004357935412344195
2020-08-13,-0.8942883130824026,1.001979711352218,-0.028233579264338005,3.106866807694646,-0.009087476551750816
2020-08-14,-0.8942875753899457,1.0020981077478122,0.0367796651040635,3.1065941312994974,0.011839224420564542
2020-08-17,-0.894281819173219,1.002042955524702,-0.01718200175378115,3.1166022976019665,-0.005513055601287865
2020-08-18,-0.8942839680603397,1.0020747594206136,0.009930294166679232,3.123204727646443,0.003179520727148238
2020-08-19,-0.8942970131273122,1.0019809364176884,-0.02919546662195671,3.1105350536744942,-0.009385995051709168
2020-08-20,-0.894300334316252,1.0020144420728538,0.010450132566859338,3.120087622587686,0.003349307401242912
2020-08-21,-0.8943041587224112,1.0020481910341397,0.010562382640273427,3.131006593215682,0.0033734782491867555
2020-08-24,-0.8942496360878248,1.0018852083799294,-0.05149577566027119,3.16314514881902,-0.016279928121381803
2020-08-25,-0.8942685104763077,1.002063880254773,0.05668070434080619,3.173574741258296,0.01786020779782636
2020-08-26,-0.8942158840820673,1.0019027531045117,-0.051598152031942845,3.2058055819977755,-0.016095221844297933
2020-08-27,-0.8942160736319149,1.0019055546685194,0.0008998311814139015,3.2127468892891593,0.0002800815664669416
2020-08-28,-0.8942235673207993,1.001942449394821,0.011920992311331702,3.2333113384468297,0.003686929919052624
2020-08-31,-0.8942373165346337,1.0018239103496225,-0.038205035929138376,3.2220030563093296,-0.011857541802862427
2020-09-01,-0.8942411595860467,1.0018368498271761,0.00420409066572347,3.2522237943324406,0.0012926818483555225
2020-09-02,-0.8941477509500805,1.0016330761065848,-0.06714242097126544,3.2997780681517903,-0.020347556588516873
2020-09-03,-0.8938518793900262,1.001893183779925,0.08315578548086933,3.185898379681088,0.02610120461192906
2020-09-04,-0.8938388282737,1.001940798152052,0.015057006620850188,3.15970820933159,0.004765315536536639
2020-09-07,-0.8938388281754588,1.0019408276155035,9.30919122765772e-06,3.159713009106341,2.946214165915857e-06
2020-09-08,-0.8938995236362512,1.001875383198051,-0.020176809372230764,3.0740062811171307,-0.006563685148001152
2020-09-09,-0.8939729279388994,1.0019890727793526,0.03555519481426472,3.1341284209340916,0.011344523911903999
2020-09-10,-0.8938789474765084,1.0021469787979007,0.04871609854689041,3.079364080089523,0.0158201814659974
2020-09-11,-0.8938793276897644,1.0021773630086763,0.009359915638356142,3.080816091447375,0.003038128651801098
2020-09-14,-0.8938072790623514,1.002013679755257,-0.05102261439026279,3.1217881011566297,-0.01634403512889257
2020-09-15,-0.8937985843438315,1.0019613365990112,-0.01641359772480655,3.137617018615932,-0.005231230461660017
2020-09-16,-0.8937953342308632,1.0019852417011994,0.007473487778497656,3.125121552415435,0.002391423070479076
2020-09-17,-0.8938505075949317,1.0017965444712382,-0.05851676860970656,3.0983338249540715,-0.01888652802303315
2020-09-18,-0.8937562941855999,1.002030477831758,0.071723074253498,3.0621011603161623,0.02342282978204828
2020-09-21,-0.8937435006894934,1.0020635083703069,0.010014111358941591,3.0280644906533047,0.0033070997628524904
2020-09-22,-0.8937509688221019,1.0020853749217489,0.006680493360079254,3.0587447058803963,0.002184063726284869
2020-09-23,-0.8936262461824783,1.0022379021874186,0.04569160092484026,2.9876654625619192,0.015293412698776446
2020-09-24,-0.8936290596518378,1.0022700622425478,0.009630037721933604,2.9954581136092675,0.0032148797802184063
2020-09-25,-0.8935485691048406,1.002124530197096,-0.04421854220157684,3.0441876489598756,-0.014525563894421958
2020-09-28,-0.8935202905486845,1.002073673421159,-0.01570902473542901,3.0946904337687795,-0.005076121528672007
2020-09-29,-0.8935038996170596,1.002159952545296,0.026567877495779157,3.077557100337794,0.008632781335840382
2020-09-30,-0.8934823179783896,1.0020748668015025,-0.02636255919622954,3.1010864888594485,-0.008501071895587617
2020-10-01,-0.8934641461672975,1.0019898138374563,-0.026526670681334963,3.1211713248648785,-0.008498947324682139
2020-10-02,-0.8934760034571326,1.0019529576358237,-0.011406267286133698,3.091750520868476,-0.003689258628451582
2020-10-05,-0.893601616045141,1.0021715109734108,0.0686201199637253,3.1457518873179775,0.021813583022985906
2020-10-06,-0.8935904054709221,1.0021947976920917,0.007232173548629817,3.101067254785732,0.0023321563044041505
2020-10-07,-0.8935781817605115,1.0021733655576242,-0.006748982784074542,3.154966561144753,-0.0021391614311201228
2020-10-08,-0.8935285482226064,1.0020035697672078,-0.05399791197430659,3.18329859243822,-0.01696287998322751
2020-10-09,-0.8935627748326148,1.0021248036236836,0.03889414560939031,3.2112222933296777,0.01211194431795671
2020-10-12,-0.8934203344805801,1.0018499999985688,-0.08953585155251176,3.263614460706655,-0.027434567603038803
2020-10-13,-0.8934215952779767,1.0018440613932433,-0.0019266560224764362,3.2423381143217913,-0.0005942181088289863
2020-10-14,-0.8934225801354321,1.0018392864343986,-0.0015394246538562584,3.2220610448378677,-0.00047777637742854167
2020-10-15,-0.8934226257375623,1.001838230498055,-0.0003398383213948364,3.218102159224969,-0.00010560209234522291
2020-10-16,-0.8934134590769476,1.0021246912262816,0.09210835428183373,3.2152466032244655,0.028647368506496913
2020-10-19,-0.8934901894456608,1.001970901460255,-0.04878004182086215,3.1670552247256074,-0.015402333827345382
2020-10-20,-0.8934978499661225,1.0020318415621254,0.019367104844548066,3.179498602363623,0.006091244962382012
2020-10-21,-0.8934940411695904,1.0020886218485492,0.01802099508364563,3.173312019842462,0.0056789231474755125
2020-10-22,-0.8934521585414823,1.0018600938770028,-0.07288599567544907,3.191394146977297,-0.02283829333474289
2020-10-23,-0.8934727818224871,1.0020648004710397,0.06551290161951329,3.2015233465190716,0.020463040411916305
2020-10-26,-0.8935157522878113,1.001994895027901,-0.02201173711176807,3.1428299478849686,-0.007003795139021543
2020-10-27,-0.893519526951816,1.0019627005855194,-0.010086904241006778,3.1321143713380795,-0.003220477621542767
2020-10-28,-0.8935852928770085,1.0019071155937656,-0.01688310135688198,3.025809178396998,-0.005579697978782075
2020-10-29,-0.8936389112805286,1.0020664074793602,0.04862026189312019,3.055849516647144,0.015910555028398776
2020-10-30,-0.8935391578797552,1.0023345433466664,0.08116034922142035,3.023279686513244,0.026845134303476494
2020-11-02,-0.8934473060801064,1.0020966929833957,-0.07263270314990677,3.0577932118321245,-0.023753307734759393
2020-11-03,-0.8932936514499237,1.0018388279295258,-0.08009727926855703,3.1123940710444344,-0.025734941475993294
2020-11-04,-0.8934325591916895,1.0020313806192878,0.061107951213841716,3.181087267054431,0.01920976888836672
2020-11-05,-0.8933689882073208,1.0019298811967967,-0.03285166828459296,3.243179783490784,-0.01012946258848259
2020-11-06,-0.8933697675605501,1.0017872179619098,-0.046261144686582156,3.242804360400503,-0.014265783422367383
2020-11-09,-0.8933852521991397,1.0018264953903344,0.012879617689407041,3.2833123034349465,0.003922751325218926
2020-11-10,-0.893392759363436,1.0016560647367745,-0.05588909033406253,3.2790225957863135,-0.01704443586509054
2020-11-11,-0.8934385460166147,1.0018596747936004,0.06719514059221865,3.3026397464918436,0.020345888667873995
2020-11-12,-0.8934845384687914,1.0017102470182013,-0.04892402239056537,3.271187405256052,-0.014956043885457501
2020-11-13,-0.8935732826902278,1.00191900076586,0.06912210556475884,3.3156682056714057,0.020847111736489923
2020-11-16,-0.8935874107146288,1.0019558342806805,0.012349169413539585,3.356766680502768,0.0036788882245726885
2020-11-17,-0.8936328265667123,1.0016757463577024,-0.09358042233651531,3.3396630588254648,-0.028020917286615994
2020-11-18,-0.8936160849399277,1.0017191752537116,0.014345268748002127,3.2994858490979486,0.004347728526225988
2020-11-19,-0.8936339761901458,1.0018625690601444,0.04748370410032976,3.312858779756604,0.0143331506886081
2020-11-20,-0.8936594157363045,1.0017450922534237,-0.038680691510194265,3.290631311863469,-0.0117547934862048
2020-11-23,-0.8936551580128397,1.001722255235507,-0.007555203727292792,3.310377493521571,-0.0022822786048051534
2020-11-24,-0.8936899274466572,1.001792607234087,0.023625157492404014,3.363333383914371,0.007024328187444858
2020-11-25,-0.893695180240763,1.0016812671888122,-0.037396446225557156,3.358468234676852,-0.01113497094878892
2020-11-26,-0.8936951804237938,1.0016812062500926,-2.046515845677277e-05,3.358470538900671,-6.09359475384043e-06
2020-11-27,-0.8936998949757231,1.0017390131656327,0.019461253297208714,3.367601445154092,0.0057789657161517885
2020-11-30,-0.8936805521611392,1.001872380708794,0.044725670683931185,3.3522911562720474,0.013341821637494299
2020-12-01,-0.8936468758658546,1.0017723718356104,-0.03385909079020166,3.389200935722683,-0.009990287218831377
2020-12-02,-0.8936452792124323,1.0017469038852944,-0.008647742916139123,3.396355802126872,-0.002546182855966892
2020-12-03,-0.893645997299695,1.0016650778053233,-0.027784940528590596,3.395705773142471,-0.008182375737129226
2020-12-04,-0.893648230532869,1.0016736857714748,0.0029456888461822928,3.424858187760379,0.0008600907496577457
2020-12-07,-0.8936596661945039,1.001482303585561,-0.06543135164167779,3.418469019420271,-0.01914054252648284
2020-12-08,-0.8936709946901338,1.00162048777793,0.047355156291757794,3.4279714496072566,0.013814338009490506
2020-12-09,-0.8937254445569016,1.001420895328588,-0.06787251342080936,3.398006271704164,-0.019974216641680892
2020-12-10,-0.8937211399894689,1.0016378493591196,0.07368152166105801,3.396166373639969,0.02169549826326296
2020-12-11,-0.8937177886440055,1.0017184634416874,0.02734557645072755,3.391925113475919,0.008061963497391255
2020-12-14,-0.8937076414170895,1.00178902966691,0.023835965877424314,3.3765548969875314,0.007059256136688345
2020-12-15,-0.8936546910681233,1.0016609222111457,-0.043789110083594096,3.4225290114715317,-0.01279437221330281
2020-12-16,-0.8936531935095242,1.0016284662404364,-0.011123603854684916,3.42794138423695,-0.0032449807647924526
2020-12-17,-0.8936545199388991,1.0016364382575829,0.0027464850696787835,3.447023322384344,0.0007967700861910646
2020-12-18,-0.8936583171708524,1.0016056982308674,-0.010557509272132393,3.4333958849431396,-0.003074946678427453
2020-12-21,-0.8936867990266598,1.0013315693534763,-0.09383322016930151,3.4221019998910553,-0.02741976135494756
2020-12-22,-0.8936718017566507,1.0015734136009193,0.08261324095923328,3.4155309089541217,0.024187525500839482
2020-12-23,-0.893672478333639,1.0016019978079822,0.009770292196890296,3.4184976216217047,0.0028580661092446093
2020-12-24,-0.8936729063073544,1.0016057028424705,0.0012709718398582481,3.431742568775543,0.00037035757035579014
2020-12-25,-0.893672906301815,1.0016057047837148,6.661526299467369e-07,3.4317332937849567,1.9411550167758465e-07
2020-12-28,-0.8936400775306093,1.001479627010268,-0.04360715009318028,3.461569791082369,-0.012597507121052478
2020-12-29,-0.893638580191482,1.0015040561722084,0.00844101695321342,3.4548746414748286,0.0024432194592189575
2020-12-30,-0.8936426005097313,1.001612912410707,0.03765181620099156,3.4594165621822874,0.010883863080438004
2020-12-31,-0.8935548530577136,1.0010840271789483,-0.1838888265777996,3.4787765939787274,-0.05286020001861726
2021-01-01,-0.8935548538099961,1.0010837575510352,-9.379280623988961e-05,3.4787619145059088,-2.6961547971647e-05
2021-01-04,-0.8934716213843169,1.0012797514810006,0.0673231962492764,3.430904988643586,0.019622576688109555
2021-01-05,-0.8935211670550219,1.001530158012792,0.08642569140829437,3.4536005408822863,0.025024808279134485
2021-01-06,-0.893507915778075,1.0014563327632224,-0.025635273683917603,3.47442655771579,-0.007378274733419933
2021-01-07,-0.8935148628881273,1.00147221608328,0.0055928723222677945,3.5258489881138764,0.0015862484017671033
2021-01-08,-0.8935115454202611,1.001452250226921,-0.00707595025920682,3.545894015490968,-0.001995533489803721
2021-01-11,-0.8935494182007552,1.00126055391238,-0.06756378635839155,3.522730576997141,-0.019179379427871127
2021-01-12,-0.8935495110200379,1.0013130122460119,0.018481508033744376,3.5232916804468055,0.005245523138578367
2021-01-13,-0.8935611489993986,1.0014741919642591,0.05691682310782653,3.532183143188424,0.016113780288427786
2021-01-14,-0.8935643324814799,1.0014441995577303,-0.010559817356067924,3.5199542869974487,-0.0029999870722967653
2021-01-15,-0.8935778032497275,1.0013829240644117,-0.021425604065370862,3.4945871461897227,-0.006131083063340398
2021-01-18,-0.8935778033418558,1.001382893073674,-1.0829504731191264e-05,3.4945920059026006,-3.0989324970982314e-06
2021-01-19,-0.8935799040976937,1.001392014164542,0.0032100836443760272,3.521925133907503,0.0009114570930173368
2021-01-20,-0.893596719325228,1.001433870030891,0.014926254409431294,3.570371857528405,0.004180588186622112
2021-01-21,-0.8935973441418851,1.0014606412051086,0.009565451891035082,3.5734694206191575,0.0026767969066257527
2021-01-22,-0.893611166422227,1.0013264990797737,-0.04778383479168724,3.561336670483094,-0.013417387686967932
2021-01-25,-0.8936057945012086,1.0012794223364603,-0.01682603033128771,3.575514061132765,-0.0047059052330945175
2021-01-26,-0.8936094863386228,1.0011995807620575,-0.028507413410636673,3.5702250873299683,-0.007984766426017205
2021-01-27,-0.8935948674708666,1.0012193200257482,0.006889844950933366,3.4832524988294997,0.0019779918203600244
2021-01-28,-0.893624037630271,1.0013361264036487,0.04099851991094283,3.512669651857475,0.011671612754493752
2021-01-29,-0.8936882487796574,1.0012309176803422,-0.03628496218948385,3.442960221559412,-0.010538885103078358
2021-02-01,-0.8938021669592959,1.0014644837652509,0.08161154232107037,3.4992904803475686,0.02332231141696024
2021-02-02,-0.893764939515191,1.001375295425924,-0.03161257873222212,3.548896816013744,-0.008907719883422975
2021-02-03,-0.8937649536097163,1.0013759804714282,0.0002432748431147047,3.5516206378242554,6.849685479464281e-05
2021-02-04,-0.8937694157851598,1.0013895681460918,0.004875690706626301,3.591836145597672,0.0013574368398185934
2021-02-05,-0.8937698789636546,1.0013937147326875,0.0014946609779826758,3.6058781885953315,0.0004145067858115641
2021-02-08,-0.8937002245146786,1.001069940404721,-0.11755105077543249,3.633016489225876,-0.03235632184000362
2021-02-09,-0.8936954253015738,1.0012474051610583,0.06441998468147858,3.6299390745356406,0.017746850114755575
2021-02-10,-0.8936958061079368,1.0012213356859394,-0.009459075258405392,3.6284587295852524,-0.0026069127316453184
2021-02-11,-0.8936923795807826,1.0011468782617434,-0.02705718670125634,3.6345730713305753,-0.007444392001548346
2021-02-12,-0.8936826624455793,1.0010780351611765,-0.025135351123935834,3.6527273317084874,-0.006881255796385792
2021-02-15,-0.893682662530662,1.0010780033249154,-1.1628339791514009e-05,3.6527152767308455,-3.1834782923243036e-06
2021-02-16,-0.8936846428705421,1.0010000888569657,-0.02843802621453051,3.6498438346953357,-0.0077915734213610055
2021-02-17,-0.8936847357148389,1.001102177738182,0.0372634911982459,3.650308354478783,0.010208313265514975
2021-02-18,-0.8936855320251889,1.0010958347231393,-0.0023062616434117444,3.634842510494298,-0.0006344873641026385
2021-02-19,-0.8936783214771848,1.0012211199970664,0.04545821990114973,3.6279936518941334,0.012529851003850716
2021-02-22,-0.8936922238525056,1.0011594604601444,-0.022212664185929043,3.600403792051029,-0.006169492498305374
2021-02-23,-0.8936965888604868,1.0013157204183998,0.056311871442630945,3.604205642842732,0.015623934098892395
2021-02-24,-0.8937007602457416,1.0013289969664416,0.004833187916460702,3.643770442383931,0.0013264249197044904
2021-02-25,-0.8937407291262699,1.0012730228423667,-0.019945741521553373,3.556477965703062,-0.005608284857631728
2021-02-26,-0.8937251099373477,1.0013711781825827,0.034739396122517974,3.537820272513744,0.00981943497594196
2021-03-01,-0.8936727380139708,1.001296428703309,-0.027032010619166158,3.6236796665278823,-0.00745982346863114
2021-03-02,-0.893692544642564,1.0012095703929642,-0.031249661872038814,3.5956823315732875,-0.00869088506446718
2021-03-03,-0.8936371944404671,1.0013480572908855,0.0491841575495755,3.5477348641302267,0.013863538125934233
2021-03-04,-0.8936228556210881,1.001386229546371,0.013388606729506591,3.503850955055064,0.0038211119426157744
2021-03-05,-0.8935779611100498,1.0013031413304687,-0.029602481179722417,3.5684579845239317,-0.008295594710125665
2021-03-08,-0.8935904274826806,1.001218595409436,-0.03003286336513611,3.5509660389171245,-0.00845765998209735
2021-03-09,-0.8936507300541036,1.001366047144865,0.05303363968027952,3.601016834264787,0.014727406763458606
2021-03-10,-0.8936654750379026,1.0014500860531392,0.03043087755253282,3.623012546822958,0.008399329883419212
2021-03-11,-0.893616691666012,1.0012836536308907,-0.060865748175217504,3.660246632648189,-0.016628865288015066
2021-03-12,-0.8936070794533193,1.0010575965139576,-0.08285742582063449,3.6659568043277067,-0.022601855461804758
2021-03-15,-0.8935870503548474,1.0009401809336735,-0.043282542468546126,3.688189129551607,-0.01173544548508775
2021-03-16,-0.8935806610997841,1.0010891002466085,0.05485027628219541,3.6829875810285273,0.01489287570903991
2021-03-17,-0.8935925174302942,1.0012200338848505,0.048365838541542416,3.695031234615022,0.013089426170055518
2021-03-18,-0.8935574341435917,1.0013024322126953,0.030035887786652893,3.641148343125097,0.008249015133745943
2021-03-19,-0.89355676927145,1.0013141287135565,0.00425139482558734,3.6343819892745226,0.0011697710472189475
2021-03-22,-0.8935704465499043,1.0013750222461015,0.02229093149861683,3.663106551951003,0.006085253372371732
2021-03-23,-0.8935842755297798,1.0013145912008898,-0.021976739199885742,3.63456542794224,-0.006046593364623561
2021-03-24,-0.8935760492321677,1.0013685730841566,0.01952682145019935,3.6159567675226674,0.005400181115433356
2021-03-25,-0.8935599509577766,1.0012696463079878,-0.03595760000871451,3.6366073101395626,-0.00988767742628075
2021-03-26,-0.8935106287667014,1.0011621257472803,-0.03968160894913808,3.6954588923738316,-0.010737938130235302
2021-03-29,-0.893510632259283,1.0011619189038872,-7.639771831691178e-05,3.693533867599017,-2.06841797193467e-05
2021-03-30,-0.8935238912431354,1.000981186157831,-0.06659944563364206,3.6844289875421508,-0.018075920545308148
2021-03-31,-0.8935382374163172,1.001113051727082,0.048757863329115025,3.6988387871561637,0.01318193793641985
2021-04-01,-0.8935574454186621,1.001177215350382,0.023966443415304184,3.7384365093723138,0.006410819965838651
2021-04-02,-0.8935574453466625,1.0011772436659376,1.0584999415641505e-05,3.73840256179156,2.831423112060152e-06
2021-04-05,-0.8935450934354895,1.0011460763047588,-0.011805683055854388,3.7920550942792723,-0.003113267809232135
2021-04-06,-0.8935446331264941,1.0011696354783468,0.008928157810032644,3.7896798761110255,0.002355913454936656
2021-04-07,-0.893541529125453,1.0010731060440057,-0.03662223904973416,3.7944203360466506,-0.00965160309252673
2021-04-08,-0.8935516047178343,1.0011529036371363,0.030407678844824204,3.812078479871627,0.007976666536479122
2021-04-09,-0.8935533730214565,1.0011619017866062,0.0034530292020349407,3.8396780986338124,0.0008993017417953748
2021-04-12,-0.8935529547484005,1.001114311997936,-0.01827897549685531,3.841238584596451,-0.004758614986883364
2021-04-13,-0.893555125072203,1.001142257739167,0.010763290149327531,3.8524841137204864,0.0027938571144250674
2021-04-14,-0.8935623913593397,1.001065109120043,-0.029628128182480395,3.8396553863327973,-0.00771635087043002
2021-04-15,-0.8935526916347036,1.0010316299328266,-0.012982556953204494,3.8809376234677604,-0.003345211444445763
2021-04-16,-0.8935353485591572,1.0008452088928181,-0.07258157939219245,3.8945676402795697,-0.018636620568999084
2021-04-19,-0.8935363890637348,1.0008375568825123,-0.0029664316548405623,3.8755115510656544,-0.0007654297028284895
2021-04-20,-0.8935437166417086,1.0008013433541243,-0.013939267716523318,3.8473646963414936,-0.003623068987917454
2021-04-21,-0.8935656870831028,1.0008886647051112,0.03388588918170399,3.8833470411448707,0.008725949244987876
2021-04-22,-0.8936228039328353,1.0006569450914138,-0.08923790670650078,3.8488519648946657,-0.023185590799656285
2021-04-23,-0.8937159734956118,1.0009873930609707,0.12841681898385104,3.8892030142609504,0.033018800641923696
2021-04-26,-0.8937063786097693,1.0008232943495166,-0.0639511078003352,3.897909053501207,-0.016406516140465767
2021-04-27,-0.8937053387362524,1.0009182482596426,0.03699973331686124,3.8966968770383885,0.009495153070510886
2021-04-28,-0.8937041072682782,1.0010134386702016,0.03707792111526942,3.8952095732000016,0.009518851404138719
2021-04-29,-0.8937096238867381,1.0010462866066916,0.012869622918174173,3.919843810145991,0.0032831978878502446
2021-04-30,-0.8937240389390635,1.0009654621042907,-0.03148958402380231,3.894463092834286,-0.00808573178719869
2021-05-03,-0.8937242089271766,1.0009685217555229,0.0011938955502159843,3.902831987970706,0.00030590493105924225
2021-05-04,-0.8937378439424652,1.0008874602997133,-0.03145683177825731,3.879134711477241,-0.008109239332469072
2021-05-05,-0.8937380584548366,1.0010557193656093,0.06527572313899555,3.879697202453887,0.01682495301378391
2021-05-06,-0.8937043454410213,1.000900344323771,-0.060733145314884496,3.911210407889514,-0.015527966788075729
2021-05-07,-0.8937064682600941,1.0009113948840225,0.004351037918695511,3.939541168466986,0.001104452963589324
2021-05-10,-0.893748594710479,1.000753198091395,-0.06175536173054752,3.9012464544083056,-0.015829648921760784
2021-05-11,-0.8937464354067128,1.0007619507909646,0.003386215911120871,3.866502400595369,0.0008757826997855885
2021-05-12,-0.8936356715376612,1.0009461414053213,0.06980336182004976,3.7839507509147867,0.01844721731729053
2021-05-13,-0.8936731593842188,1.0010615657979378,0.04415370259221163,3.8288278956057216,0.01153191101717736
2021-05-14,-0.8936218915208377,1.000938741868357,-0.0476985266061547,3.8879283597202297,-0.012268365616075042
2021-05-17,-0.893631888149502,1.0007909901851504,-0.05731364601183486,3.8785789368948227,-0.014776970365780405
2021-05-18,-0.8936295180428651,1.0008008814260112,0.0038055797215861276,3.8452285339596446,0.000989688828109083
2021-05-19,-0.8936223288457842,1.0008936872382337,0.035594718064714925,3.8348239889139095,0.009281969177103219
2021-05-20,-0.8936682434577471,1.0010542903973854,0.06218978003232678,3.8753627480231514,0.016047473249839697
2021-05-21,-0.8936726407029245,1.0008126714069825,-0.09358089442753226,3.8731006001380144,-0.024161751549700926
2021-05-24,-0.8937028247590536,1.0009247023774581,0.04379425898923728,3.912054130632007,0.01119469657802566
2021-05-25,-0.8937059532679064,1.00087351655883,-0.01998281181488437,3.903568020815681,-0.005119114540422126
2021-05-26,-0.893712809414512,1.0010191759558913,0.05695348093638586,3.910727661075851,0.014563397370584945
2021-05-27,-0.8937128202210138,1.0010201061811197,0.00036394534652117727,3.9127688164390277,9.30147840557573e-05
2021-05-28,-0.8937071441704398,1.0009037940740864,-0.045588561964507335,3.920203180472215,-0.011629132436705969
2021-05-31,-0.8937071442886848,1.0009037473631968,-1.8310744621885533e-05,3.9201996987624335,-4.670870371135951e-06
2021-06-01,-0.8937094295657975,1.000807382190762,-0.03774781162223917,3.9171335376347627,-0.009636590445428622
2021-06-02,-0.8937055391018451,1.0007153780156852,-0.03609327758545078,3.9236392712342045,-0.00919892861967849
2021-06-03,-0.8936936470280881,1.0008275960690176,0.043872006787637474,3.9086760216553578,0.011224262779665557
2021-06-04,-0.8936972641787404,1.0008425434995138,0.005891722129319987,3.944284972021632,0.001493736423993777
2021-06-07,-0.8937002855000407,1.0007229276189815,-0.047140119604421216,3.9409141210811596,-0.011961722117275848
2021-06-08,-0.8937000742170338,1.0008884083847092,0.06521438876649199,3.9411015187495084,0.016547249152613606
2021-06-09,-0.8936947835537392,1.0010040594693255,0.045509092678912566,3.9347834432114466,0.01156584430521276
2021-06-10,-0.8936683966397082,1.0007968093167334,-0.08191259753806435,3.9538488088030044,-0.02071718001854065
2021-06-11,-0.8936683192145046,1.0007949525807003,-0.0007352175470600741,3.960361889505133,-0.00018564403142257873
2021-06-14,-0.8936580102126317,1.000627659098557,-0.06639937252646178,3.969867312733821,-0.016725841771456165
2021-06-15,-0.8936514831037462,1.0007470393766214,0.047304026937638355,3.9621270542925444,0.011939048468016557
2021-06-16,-0.8936576245978228,1.0007064857319072,-0.0159843826995143,3.9402305329437546,-0.004056712561833872
2021-06-17,-0.8936578770450903,1.000683288912987,-0.00913704796954562,3.9390231523990837,-0.002319622814093045
2021-06-18,-0.893663233666633,1.0006688060497773,-0.00563325037364848,3.8861077278703124,-0.0014495867763129784
2021-06-21,-0.8937280448958278,1.0008408790995216,0.06774360254513567,3.940936288261362,0.017189722845030408
2021-06-22,-0.8938000655346614,1.001417149145857,0.22809648795134763,3.959624127099872,0.05760559099290346
2021-06-23,-0.8938112874715726,1.0008025773566478,-0.2432018276671215,3.9572835857061524,-0.06145676002234843
2021-06-24,-0.893827247483901,1.0009076319619283,0.041795691096979226,3.980217890536151,0.010500855040212177
2021-06-25,-0.8938145437588894,1.0007742126080343,-0.05328324932014539,3.9948394679094887,-0.01333802015028871
2021-06-28,-0.893808493731446,1.0006618126865678,-0.04498872948607868,4.003313814862492,-0.011237872314445074
2021-06-29,-0.8938093670891015,1.0007562733816049,0.03782937751930149,4.005080374410577,0.009445347903877908
2021-06-30,-0.893808426351119,1.0007113291560983,-0.018014535607164817,4.008621807373602,-0.004493947414552362
2021-07-01,-0.893789801556687,1.0005840192818896,-0.051300577803260694,4.031273950770383,-0.01272564911979179
2021-07-02,-0.8937931326665965,1.0006009841216186,0.006887273302425001,4.061932662297997,0.0016955656026381776
2021-07-05,-0.8937931326514446,1.0006009904652649,2.576612700977421e-06,4.061913492901277,6.343347059164079e-07
2021-07-06,-0.8937424386199325,1.001333069873539,0.2966422243157467,4.051569013983349,0.07321662874109586
2021-07-07,-0.8936831776386105,1.0007654142641529,-0.23085957464195417,4.06816345759245,-0.0567478610553612
2021-07-08,-0.893706607481021,1.0006557384647932,-0.044281267981318706,4.03554270294538,-0.010972816109466417
2021-07-09,-0.8937128317182796,1.0006784522295271,0.009256874837035411,4.078435563299186,0.0022697121710921943
2021-07-12,-0.8937007225033949,1.0005492590387262,-0.05287029606279248,4.093505780517138,-0.012915651985744429
2021-07-13,-0.8936907108357276,1.0006560137668994,0.043554555574530696,4.079145704115191,0.010677371865043035
2021-07-14,-0.8936959273149303,1.0008190556267924,0.06658657247226074,4.084555765428924,0.01630203534882291
2021-07-15,-0.8936944451384937,1.0008351961732997,0.006571270160975473,4.070574618027758,0.0016143347752114985
2021-07-16,-0.8937487047860345,1.000565802654045,-0.10887894817994948,4.039827548046612,-0.02695138514825861
2021-07-19,-0.8936683353340062,1.0007658726209752,0.07969505501375806,3.9795589737264323,0.020026102274125154
2021-07-20,-0.8935918540140968,1.0005639391955685,-0.08144419824469651,4.037273424464545,-0.02017306971362691
2021-07-21,-0.8935859910193945,1.0005359199817738,-0.011397141989334614,4.069946635783791,-0.002800317303703357
2021-07-22,-0.8935812674604241,1.0004489857565328,-0.03545193130798907,4.0787814232876585,-0.008691794834991039
2021-07-23,-0.8936843164448727,1.000858423040219,0.16853246093631924,4.118960455399669,0.04091626097438857
2021-07-26,-0.893669639370201,1.0006374388907306,-0.09124534598004175,4.129932775424955,-0.022093663732977577
2021-07-27,-0.893668145311254,1.000649850590597,0.005103807633929591,4.1111033834905175,0.0012414690553454828
2021-07-28,-0.8936659014969194,1.000785312145726,0.0556587061834648,4.108870517065622,0.01354598689647048
2021-07-29,-0.8936313374271685,1.0004770631591584,-0.12717713621094617,4.127141929839676,-0.030814820128050823
2021-07-30,-0.8936025527051474,1.0006926892347567,0.08856583368230986,4.106258300845948,0.021568500370291864
2021-08-02,-0.8936065343467863,1.0006202277501681,-0.029696906177321125,4.097967119673782,-0.007246740959621254
2021-08-03,-0.8936330352656318,1.000750709193895,0.05386826013977952,4.130693658357691,0.013040971951717386
2021-08-04,-0.8936513940642034,1.0006045810375936,-0.060088676022928666,4.111009970273943,-0.014616524031179757
2021-08-05,-0.8936677827138023,1.0007087745239236,0.043081400562243743,4.136556555397148,0.0104147979086696
2021-08-06,-0.8936641136393224,1.0006218448177155,-0.03601563782717676,4.1437204545589985,-0.00869161861233947
2021-08-09,-0.8936664352796854,1.0005076448486712,-0.047288067169517944,4.1408273926625165,-0.011419956130823439
2021-08-10,-0.8936683789161631,1.0005779817441516,0.029155892077767476,4.145675270898425,0.007032845115109315
2021-08-11,-0.8936752286633027,1.0006959347750226,0.049005418789022315,4.1554602978686495,0.01179301816796502
2021-08-12,-0.8937127556885589,1.001351557910949,0.27302461030075165,4.165149919068757,0.06554976786088756
2021-08-13,-0.8936685123079571,1.000639102042196,-0.29743840979290326,4.175679307002473,-0.07123114298890461
2021-08-16,-0.8936547911949995,1.0004210299480611,-0.09127492879377996,4.186394482231323,-0.021802753940457845
2021-08-17,-0.8936101039232511,1.0006743819910822,0.10538221095202971,4.157968246948264,0.025344640625713018
2021-08-18,-0.8936487854095196,1.0005371557728344,-0.05647901757595264,4.1131569333691775,-0.01373130626690906
2021-08-19,-0.8936513392729198,1.0006090042870794,0.029591808268719433,4.119215040534352,0.007183846431304719
2021-08-20,-0.8936457411342639,1.0005812710352022,-0.011508661674497489,4.152028989965856,-0.002771816310124591
2021-08-23,-0.8936597523995962,1.0006452106217025,0.026763491788869942,4.188182798062484,0.006390239652684485
2021-08-24,-0.8936533882752941,1.0004928651796678,-0.06390568842579114,4.195430876769182,-0.015232211017859421
2021-08-25,-0.8936536382856844,1.0004978106203612,0.002078794989245125,4.204188977611806,0.0004944580275328125
2021-08-26,-0.8936523504792119,1.0005062390088748,0.003523664370732149,4.179397692863482,0.00084310339184734
2021-08-27,-0.8936811986632849,1.000637626829435,0.05536278056422361,4.216133760538185,0.013131172706711425
2021-08-30,-0.893675012740129,1.0005811469459296,-0.02391087067206854,4.234847996142428,-0.005646216982014284
2021-08-31,-0.8936868202841184,1.0001809467780203,-0.16929848659140134,4.230271993862554,-0.04002070950450143
2021-09-01,-0.8936875993641175,1.0002702231053635,0.03778018963765817,4.232137546175136,0.008926975842692692
2021-09-02,-0.893692971051947,1.000343945476495,0.031286710312826926,4.24481408744197,0.007370572578287185
2021-09-03,-0.8936903370771985,1.0005410578261695,0.0836319272271453,4.242945437865973,0.0197108184519122
2021-09-06,-0.8936903369175899,1.000541125412283,2.867506941583997e-05,4.242946051956138,6.758292248995204e-06
2021-09-07,-0.8937187369691183,1.0002022680027718,-0.14333208778208473,4.229245861283587,-0.033890696470075414
2021-09-08,-0.893714896500213,1.0003095678015457,0.04532122013051776,4.2236568621910795,0.010730327204423221
2021-09-09,-0.8936930839901382,1.0004984164424455,0.0794254062787445,4.204833315392619,0.01888907367338253
2021-09-10,-0.8937408608451747,1.000256461864098,-0.10100493618614337,4.17278274267921,-0.024205654215606567
2021-09-13,-0.8937538922211161,1.0004859579179315,0.095968062542795,4.1824800676731675,0.02294525281412393
2021-09-14,-0.893761848934758,1.0004287255935858,-0.023816537681000227,4.160203778825971,-0.005724848816834008
2021-09-15,-0.8937659111875428,1.0004481714425697,0.008152602650852714,4.194796734266765,0.001943503623013514
2021-09-16,-0.8937516469953648,1.000734059945862,0.11970799406702781,4.186946461004715,0.028590763025496686
2021-09-17,-0.893771312224129,1.0006556090336103,-0.032548446102737216,4.146602756976725,-0.007849424700249845
2021-09-20,-0.8936694316633048,1.0008848695346342,0.09356023397180024,4.076739935649093,0.02294976757130418
2021-09-21,-0.8936759592804745,1.0005139492506439,-0.15112620915903108,4.07439730993467,-0.03709167213284221
2021-09-22,-0.8936434003362885,1.0003853647665077,-0.052871411382056976,4.114581776018196,-0.012849765604421217
2021-09-23,-0.8936844159965344,1.0005199691822078,0.05600314684033947,4.163877526088451,0.013449758425759668
2021-09-24,-0.8936716410333518,1.0002467796368508,-0.11395093940348033,4.171822737421151,-0.027314425030896712
2021-09-27,-0.8936478600270865,1.0005332405729062,0.11914875805422298,4.1587231590319,0.028650322105585737
2021-09-28,-0.8937261638238507,1.0003843769293377,-0.06074849615418998,4.075791128473814,-0.014904712788100438
2021-09-29,-0.8937243494757368,1.0003415717850819,-0.017473670924232465,4.082786159496816,-0.004279839854847066
2021-09-30,-0.8936630026768431,1.0005271811147776,0.07490028231666201,4.0322817934239215,0.018575160703999838
2021-10-01,-0.893647793550633,1.0004779290223589,-0.02007984751708136,4.080295304430929,-0.004921175066734995
2021-10-04,-0.8936072184997604,1.0005948848713724,0.04713999725294116,4.027326364226938,0.011705035298769454
2021-10-05,-0.8935804576011188,1.0004966013189243,-0.03996762508398888,4.069532938827632,-0.009821182353054726
2021-10-06,-0.893568763369069,1.0003891378997711,-0.043904171192139074,4.086813199505987,-0.010742886706308524
2021-10-07,-0.893639582336219,1.000722543910076,0.1373072073481012,4.120682749004576,0.033321470181432965
2021-10-08,-0.8936535746982618,1.0003786390219014,-0.14150900294782787,4.114580439954564,-0.03439208566047393
2021-10-11,-0.8936063788889459,1.000617315615513,0.09751532820894226,4.083902216134596,0.023877978229664937
2021-10-12,-0.8936019248828231,1.0006821846266556,0.026428214153781937,4.07361537881072,0.006487655729907809
2021-10-13,-0.8936045015193503,1.0007106269440027,0.011624351760872287,4.088121741155774,0.002843445596017379
2021-10-14,-0.8934577764172498,1.0003750815572903,-0.13936801302253343,4.15813484789738,-0.03351695366325285
2021-10-15,-0.8934431313945345,1.0002993787419947,-0.03170287733149735,4.18998246321677,-0.0075663508403226425
2021-10-18,-0.8934467052842104,1.0003493337420502,0.020987021173425546,4.202128335284884,0.004994378919177566
2021-10-19,-0.8934148884723918,1.0001870068167262,-0.06871222091808704,4.2351563847963405,-0.016224246444536253
2021-10-20,-0.8934218433737923,1.0002606935585883,0.031318654019855785,4.251418719188222,0.007366635960486117
2021-10-21,-0.8934221759664042,1.0002659870515997,0.0022558716815979096,4.2624517646315505,0.0005292427471711011
2021-10-22,-0.8934165024966434,1.0004397070454594,0.07395964524846477,4.257301830695195,0.017372422296961627
2021-10-25,-0.893431771437506,1.0005586759274747,0.05089551798806724,4.279573512964519,0.011892661227546298
2021-10-26,-0.8934255315150034,1.000319579353856,-0.10242753454764397,4.284428648007012,-0.023906929712854526
2021-10-27,-0.8934214923187755,1.0003549776694085,0.015101854012982585,4.26534306111938,0.003540595397974697
2021-10-28,-0.8934257386109792,1.000372953542298,0.007736316653563335,4.306337646358834,0.0017964956045898246
2021-10-29,-0.893431719664972,1.0005069533272752,0.057804495489563124,4.314452215996059,0.013397875928547754
2021-11-01,-0.8934149964648489,1.0001634760359197,-0.1484721495568806,4.323337343913647,-0.03434202278152045
2021-11-02,-0.89342393379801,1.0002577377618795,0.04090185642138522,4.340364194047389,0.009423600092701954
2021-11-03,-0.8934161800137527,1.0002054399552671,-0.02282955590351321,4.367025185263152,-0.0052277133597839615
2021-11-04,-0.8934288892939506,1.0003213868458043,0.05085082961130638,4.387036438001295,0.01159115734048329
2021-11-05,-0.8934241250746704,1.0002642037952796,-0.025168517506926946,4.4024660558491195,-0.005716913472504356
2021-11-08,-0.8934197578030645,1.0000747765422517,-0.08347264168327229,4.407044308596758,-0.01894073121081252
2021-11-09,-0.8934036656694075,1.0002593746446655,0.08108185338591056,4.391700459087313,0.018462519049571306
2021-11-10,-0.8934279224944839,1.0001360333483449,-0.053761298740823804,4.357001388332561,-0.012339059355085134
2021-11-11,-0.8934272690031956,1.0000507947496937,-0.03715103776636397,4.358782609453268,-0.008523260069403625
2021-11-12,-0.8934566033044519,1.0002163045002084,0.07263987803406735,4.3908788067313775,0.016543357544441393
2021-11-15,-0.8934569486533144,1.0003023295683433,0.037779739150209934,4.391984306848076,0.008601974986864812
2021-11-16,-0.893453652086808,1.0002674432714862,-0.015378918724763935,4.409482436385607,-0.00348769247788859
2021-11-17,-0.8934577458113762,1.0001987661419658,-0.030214215732542016,4.39909058672209,-0.00686828678266788
2021-11-18,-0.893464875094511,1.0002904893904154,0.04047362166863877,4.413595958091548,0.009170214503762524
2021-11-19,-0.8934712676536323,1.0001380791708654,-0.06716071963290915,4.406386027199199,-0.015241678604268373
2021-11-22,-0.8934572649719631,1.0003239653473002,0.0816732393076336,4.393197544241206,0.01859084151922429
2021-11-23,-0.8934553431390483,1.0002628016825972,-0.026904268949124344,4.399281799227659,-0.006115604813914779
2021-11-24,-0.8934595281022323,1.0003316512655271,0.030361634621669964,4.410694561988157,0.006883640250977662
2021-11-25,-0.8934595280531303,1.0003316731075331,9.6333746455457e-06,4.4106901089564845,2.18409691172451e-06
2021-11-26,-0.8932508612960778,1.000700760818864,0.15931362553897088,4.311019734437851,0.036954974774604014
2021-11-29,-0.8930899723912694,1.0001828653483924,-0.225939428668255,4.366020904677385,-0.051749506839557875
2021-11-30,-0.8932869245625781,0.9997713454591439,-0.17644265759935251,4.283041541004738,-0.04119564470952147
2021-12-01,-0.8931107745690428,1.0003620243662616,0.25020212895555005,4.233080557096283,0.05910639440492441
2021-12-02,-0.893063251323365,1.0002374780618801,-0.0534829905531069,4.298320879194956,-0.012442763594495502
2021-12-03,-0.8929970530296442,1.0005276603932387,0.12366969849966836,4.259732729092539,0.029032267131467192
2021-12-06,-0.8929321086953315,1.0003088792384625,-0.09424635997845598,4.311023486275115,-0.021861713414112794
2021-12-07,-0.8928655225186175,1.0001766331904542,-0.05812515263073692,4.400578071074806,-0.013208526628080097
2021-12-08,-0.8928658598873501,1.0001820762930655,0.0024010838899926057,4.412097775215021,0.0005442045966163092
2021-12-09,-0.8928645805924479,1.000189718228805,0.0033500677337769957,4.382346750464217,0.000764446066122478
2021-12-10,-0.8928202401420636,0.9999969511090475,-0.085237996612193,4.424370069098662,-0.0192655666865493
2021-12-13,-0.8928174580748764,1.0000096618805543,0.005576418318241849,4.385198000191308,0.0012716457313896824
2021-12-14,-0.8927820899893623,1.0002100429132612,0.08728146940535453,4.354234776654788,0.020045191378589358
2021-12-15,-0.8927351156158152,1.0000859895848702,-0.054814429310454216,4.422690552977373,-0.012393910144482736
2021-12-16,-0.8926504251709729,1.0004593622897402,0.16369194050099622,4.382102177911134,0.037354660812364965
2021-12-17,-0.8928259096661023,0.9997513581766755,-0.30733847765765177,4.338660951067066,-0.07083717329469219
2021-12-20,-0.8926485602680994,1.000376842494624,0.26849402405309775,4.289967579186115,0.06258649257765159
2021-12-21,-0.8926089479654308,1.0002857894924477,-0.03971513860045661,4.36640655437546,-0.009095611713173874
2021-12-22,-0.8925832626404472,1.0001801582328749,-0.046558913138255775,4.410374055657605,-0.010556681258935451
2021-12-23,-0.8925946854574003,1.0002583538483274,0.03468503562305614,4.43738276779984,0.007816552557681159
2021-12-24,-0.8925946854032963,1.0002583783531,1.0873156270463369e-05,4.437369667488336,2.4503607058318066e-06
2021-12-27,-0.8925276673072513,1.0000607894368714,-0.08886089308680312,4.500934284219658,-0.019742766162649993
2021-12-28,-0.8925285694290616,1.0000168731883066,-0.019750844159148073,4.497418267043696,-0.004391596019404921
2021-12-29,-0.8925338400263063,1.0002494366511978,0.10469186616654724,4.502111685972367,0.02325394691845275
2021-12-30,-0.8925299132475725,1.0003058784281569,0.025341814450882794,4.489440493462053,0.005644760073730332
2021-12-31,-0.8925315701370647,1.0002791299767368,-0.011979728971084569,4.478275412461351,-0.002675076422890272
2022-01-03,-0.8925041889302326,1.0000837888561882,-0.08796954361724829,4.505031690433248,-0.019526953340651923
2022-01-04,-0.8925041974897758,1.0000829442018717,-0.0003803801566277798,4.503517096020751,-8.446290943668867e-05
2022-01-05,-0.8923448510135192,1.0004170141707251,0.1476698754897825,4.415807782414514,0.03344119191008769
2022-01-06,-0.892348824618637,1.000223500292418,-0.08538758362777799,4.412504138894568,-0.019351275588643302
2022-01-07,-0.8923433270414339,1.000278419500152,0.024140481659912894,4.394861587719737,0.00549288781411615
2022-01-10,-0.8923123998659277,1.0009177846299508,0.28048059757219335,4.386605696765626,0.06394023465090559
2022-01-11,-0.892129895309413,1.0001476058603498,-0.3409781370154974,4.429888434294858,-0.07697217256663795
2022-01-12,-0.8921328859989668,1.000195904340677,0.021448093613287256,4.441596103778677,0.004828915802371212
2022-01-13,-0.8921440683636153,1.000162929842565,-0.014455558693271087,4.380702169113779,-0.0032998268622757027
2022-01-14,-0.8921444629499914,1.00022853820325,0.02874897815507893,4.382198902302475,0.0065604001087156884
2022-01-17,-0.8921444629019079,1.0002285592911855,9.240713609415252e-06,4.3821984058375465,2.1086935719536696e-06
2022-01-18,-0.8921435508405103,1.0002306124214322,0.0008846955434478332,4.30480539096762,0.00020551348158597576
2022-01-19,-0.8921500299578575,1.000206029708704,-0.010478949029277373,4.260317786621126,-0.0024596637044740897
2022-01-20,-0.8921319495870063,1.0002692136870823,0.026636286302618828,4.213030541263814,0.006322357752153523
2022-01-21,-0.8921899358039469,1.0001555572765337,-0.04700732022371312,4.131050105004372,-0.011379024468080947
2022-01-24,-0.8922547235465491,1.000890156530503,0.3044456544192258,4.145485815864356,0.07344028370671127
2022-01-25,-0.8924631500237423,1.0002059749673184,-0.28055867655308475,4.0978163253382425,-0.0684654104231787
2022-01-26,-0.8924752030289035,1.0000160232268092,-0.07766668057121251,4.088337679027335,-0.018997129559437553
2022-01-27,-0.8924348350211192,1.0003034916363198,0.11694881432316606,4.0670384478959125,0.028755276307670434
2022-01-28,-0.892639009420373,1.000628672144941,0.13527185060689817,4.16651558428369,0.032466421370689336
2022-01-31,-0.8925939832609308,1.0005298862246461,-0.04185425553021105,4.241715901202352,-0.009867293450357457
2022-02-01,-0.8925660741020922,1.0003673741998529,-0.06937602625589534,4.27093727131651,-0.01624374741390437
2022-02-02,-0.8925865448526994,1.0004536199904837,0.037166082965200076,4.311948259682289,0.008619324891421245
2022-02-03,-0.892735931749252,1.000203056506068,-0.10567883561401459,4.211940719603674,-0.02509029510366863
2022-02-04,-0.8926957220637592,0.9998811697950757,-0.1362077567297888,4.233026954509524,-0.032177389417443726
2022-02-07,-0.8926634495461604,1.0002285121010577,0.1465336638405006,4.218000255536564,0.03474007941278807
2022-02-08,-0.8927155079089489,1.0004904742168554,0.11131522519121972,4.251519005015891,0.026182459742010177
2022-02-09,-0.8926626185556266,1.0003457899803228,-0.062363112370235285,4.314223202192844,-0.014455235496053428
2022-02-10,-0.8927806989866525,1.0000843485282582,-0.11091084850704647,4.2380022618028805,-0.026170549625866433
2022-02-11,-0.8926062463970064,1.000418653470578,0.13901290089484064,4.153288393196549,0.033470563017621406
2022-02-14,-0.892606856553824,1.000411663872792,-0.0028939797691691638,4.139751943663964,-0.0006990708159696625
2022-02-15,-0.892611584162065,1.0004232265056063,0.004858576357378297,4.206332962091966,0.001155062236195859
2022-02-16,-0.8926110491799598,1.0004033251595907,-0.008379601015235494,4.2110631714303395,-0.001989901522277392
2022-02-17,-0.8927997915829052,1.0000609413885861,-0.1413384188801956,4.122800183619027,-0.03428214140519602
2022-02-18,-0.8927183242895845,1.00050306166532,0.18109121370468984,4.09434122017802,0.04422963401590063
2022-02-21,-0.8927183238807334,1.000503224532082,6.668015180366638e-05,4.094345302149601,1.628591310280014e-05
2022-02-22,-0.8926775303484208,1.0006433023818782,0.0567688708829337,4.04996656073038,0.014017120890177393
2022-02-23,-0.8924131476838781,1.001175250274947,0.21176762902041446,3.9762408388478665,0.05325825009175628
2022-02-24,-0.8921209788382828,1.0004737203559406,-0.28302019108679133,4.038766025468832,-0.07007590667595989
2022-02-25,-0.8921204931983011,1.0004728708710438,-0.00035012540860179797,4.127654265066971,-8.482430603865443e-05
2022-02-28,-0.8921497380648418,0.999942971831054,-0.218294133108202,4.119205481606254,-0.052994232524442984
2022-03-01,-0.8920224849426241,1.000249736022895,0.12452611798153157,4.055417202986846,0.030706117705921136
2022-03-02,-0.8920744658416334,1.0003596164008057,0.045318944843984355,4.129411188823592,0.010974674783330321
2022-03-03,-0.8920963757400745,1.0001886298464462,-0.07028587825544719,4.109540125888366,-0.01710310061524302
2022-03-04,-0.8919954643045253,1.0006298538594343,0.17986615134412887,4.074451659317408,0.04414487307336512
2022-03-07,-0.8920230478191299,1.0005955957321988,-0.01357539243156225,3.9549060718649036,-0.003432544840479836
2022-03-08,-0.8920459485952776,1.0004853553643147,-0.04329406921021928,3.9253696331691046,-0.011029297430842527
2022-03-09,-0.8919338973417326,1.0003288448019145,-0.06297273520448243,4.031060086029027,-0.01562187957027366
2022-03-10,-0.8919233925722707,1.0004124968182808,0.03357358445668979,4.012434415086788,0.008367385228890675
2022-03-11,-0.8919975715373218,1.0001957947264477,-0.08593638241188728,3.9624343949838985,-0.021687774192722373
2022-03-14,-0.8919410370926659,1.000464879439845,0.10586857849528997,3.9324994273814267,0.026921447911255197
2022-03-15,-0.8918983616876051,1.000392220348531,-0.0291574958131946,4.019106035462144,-0.00725472171073035
2022-03-16,-0.8918858071796525,1.0003705175032496,-0.008902386774479965,4.108047112754304,-0.0021670605351240047
2022-03-17,-0.8919016228313348,1.0004199341984124,0.02053544171252497,4.159027850879374,0.004937558114255718
2022-03-18,-0.8919632401869894,1.0006463196497415,0.09509357656907014,4.203491580511583,0.02262252100371683
2022-03-21,-0.8919639148631381,1.0005556831914426,-0.03808969373886839,4.202616631927246,-0.009063328177379131
2022-03-22,-0.8918056198986328,1.0000397701435553,-0.21929149604989107,4.253881911562354,-0.05155091293292396
2022-03-23,-0.8919090083791203,0.9997212414847455,-0.13389599766981064,4.200554608186502,-0.031875790260852556
2022-03-24,-0.8921151918166056,1.0002883060893508,0.24142309609095491,4.2613274722395245,0.056654434014684146
2022-03-25,-0.8920944916916551,1.0001223914725066,-0.07103250848575726,4.282753248938877,-0.016585711190192136
2022-03-28,-0.8921085498570781,1.0002035323705294,0.03497831984714139,4.312789141385385,0.00811037096886805
2022-03-29,-0.8919817347546314,0.9997980921549448,-0.17694993148148797,4.367787194466937,-0.04051248918574745
2022-03-30,-0.8919740656857161,0.999847023304353,0.021245795162826653,4.3406342595521865,0.0048946291929738706
2022-03-31,-0.8919546088355419,0.9998966586779958,0.021231509298957008,4.273807669384549,0.004967820487348804
2022-04-01,-0.8919781945192787,1.00029890149086,0.17229440082468273,4.284159857834804,0.04021661341828631
2022-04-04,-0.8919202189978347,1.0000328247286332,-0.11493178336758092,4.321926885138166,-0.026592718114412692
2022-04-05,-0.8918283638896131,1.0003123681459851,0.11934635306437258,4.266272071979134,0.027974388658482233
2022-04-06,-0.8918950668388543,1.0000466012960545,-0.11234329458216052,4.224847582076811,-0.026591088175288883
2022-04-07,-0.8919047459631907,1.0001250137105098,0.03328048574803688,4.245757059231455,0.007838528037226214
2022-04-08,-0.8919051761969288,1.0001188885977585,-0.002593942970804619,4.234448894995095,-0.0006125810076183771
2022-04-11,-0.8917999711602231,1.0003518195572918,0.09702985838504219,4.161321227157808,0.023317079621683952
2022-04-12,-0.891786759769613,1.000480955679231,0.05354245978912786,4.145395316284338,0.012916128789646973
2022-04-13,-0.8917056472886042,1.0002095601927667,-0.11373281910852029,4.193913678291043,-0.027118540779042622
2022-04-14,-0.8917291264215589,1.000137281568036,-0.029960469525178723,4.142106742401725,-0.007233147619900952
2022-04-15,-0.891729126487429,1.000137255544128,-1.0778871853744931e-05,4.14210513049169,-2.6022690188130065e-06
2022-04-18,-0.8917294548518351,1.000183681872441,0.019235916650870877,4.143611261242507,0.004642307262458491
2022-04-19,-0.8917158970404704,1.0001507407402712,-0.013855392451603166,4.210503873102988,-0.003290673246998404
2022-04-20,-0.8917119857952748,1.0003057477851154,0.0652069859694393,4.206679731180535,0.015500820156598906
2022-04-21,-0.8918791167317194,0.9998665790542702,-0.1822270826543786,4.145782134661137,-0.043954814009847444
2022-04-22,-0.891421297614432,1.0004734320911377,0.24500053707629377,4.029959865450811,0.060794783386480894
2022-04-25,-0.8913591440300487,1.0000891484652714,-0.15574690225173526,4.054762960318648,-0.03841085256423861
2022-04-26,-0.8911824745008444,1.0003089846364224,0.08671724860238328,3.936872008896901,0.022026941289026353
2022-04-27,-0.8911657962848404,1.000099727523695,-0.08260747228661103,3.9486676180465325,-0.020920340802824584
2022-04-28,-0.8912180039784676,1.0001779324538265,0.03160174631972268,4.047905468104245,0.007806937827162925
2022-04-29,-0.8905217472763578,1.000843305776506,0.2599149415690931,3.8961787460026525,0.06671022006774126
2022-05-02,-0.8904478992529634,1.0004197215531616,-0.16600805724164047,3.9210962562871963,-0.04233715430358499
2022-05-03,-0.890439976060602,1.0003562357756224,-0.024999363737947533,3.939258078771187,-0.006346211199685053
2022-05-04,-0.8906537425649055,1.0006239371114554,0.10840717071113204,4.0579274864828045,0.02671491076965833
2022-05-05,-0.8906206443491772,1.0006575150915618,0.013174270641115982,3.913951712930797,0.0033659767946526316
2022-05-06,-0.8907072414231479,1.000090952996061,-0.22062318676921677,3.892742902506798,-0.05667550935026886
2022-05-09,-0.8904982099511527,1.0003161016604132,0.08503272639575243,3.767747172355196,0.02256858608232967
2022-05-10,-0.8905158414882551,1.0006453850765502,0.12428303734515112,3.775090001533592,0.03292187399364317
2022-05-11,-0.8905518606774546,1.0005675015882116,-0.02897286319569048,3.7156090729463855,-0.00779760804403347
2022-05-12,-0.8905321748498135,1.000997311885331,0.1594767223930944,3.7101365572319347,0.04298405730706502
2022-05-13,-0.8901766269750441,1.0004821085950693,-0.19543690187441598,3.8006259080424964,-0.051422293749261765
2022-05-16,-0.8901561544961295,1.0006487068123946,0.06306618880006454,3.784494768823951,0.016664361467637234
2022-05-17,-0.8900491143419585,1.0004631056484954,-0.07158335679395122,3.862906978485756,-0.018530955364089975
2022-05-18,-0.8901119336824876,1.0004098037999731,-0.019824970358911287,3.7079557269687293,-0.005346603848239119
2022-05-19,-0.8900854889639733,1.0005512704520845,0.052148892764989796,3.6846258652936683,0.01415310391651758
2022-05-20,-0.8900845638179681,1.000475549634857,-0.0279121558428983,3.686514193523187,-0.007571422318659992
2022-05-23,-0.8900758691687587,1.0004592988199073,-0.006093674746011857,3.755400697557713,-0.001622643024478005
2022-05-24,-0.8901693702942444,1.0000159261501265,-0.16539171299746158,3.728394834582041,-0.04436003168532505
2022-05-25,-0.8901618086231712,0.9999858742980731,-0.011295361448105723,3.7613685885576444,-0.0030029924433534723
2022-05-26,-0.8903624698830692,1.000351387878984,0.13996101683801498,3.83494333522752,0.036496241170591213
2022-05-27,-0.8899998879054829,0.9998228464766588,-0.20738396551632832,3.930901624850047,-0.05275735322535309
2022-05-30,-0.8899998883838426,0.9998226357107012,-8.284343368814007e-05,3.93077548587926,-2.1075595384611273e-05
2022-05-31,-0.8899828455568587,0.9999287099285489,0.04147260037052547,3.9083683879781446,0.010611231146504039
2022-06-01,-0.8899761754245475,0.9999578329692238,0.011296332357858319,3.8767418040756136,0.0029138727644906605
2022-06-02,-0.8900599964913852,1.0001211798773582,0.06442979729621356,3.9497756794524475,0.01631226746151452
2022-06-03,-0.8900432843171736,1.00015747459949,0.014116229496380583,3.8849463054390627,0.0036335713254562517
2022-06-06,-0.8900457609791466,1.0001881179104604,0.011937379158894146,3.896612767832251,0.0030635271889064572
2022-06-07,-0.8901176053020371,1.0004720057957444,0.11156828287113285,3.932779746073491,0.028368810377068086
2022-06-08,-0.8901236566762606,1.0004521174283578,-0.00774262512857149,3.890204796581774,-0.0019902872813726265
2022-06-09,-0.8902928139760692,1.0002010437567226,-0.09554519571275932,3.7989684726157784,-0.025150299719905733
2022-06-10,-0.8897771079252886,1.000792361712734,0.21851994342188164,3.6870249384488125,0.05926728109243989
2022-06-13,-0.8890751842338803,1.0013860872583547,0.21118555288069274,3.5454796800352053,0.05956473367197404
2022-06-14,-0.8891042227721496,1.0010449134040338,-0.12065746834116453,3.535874978193523,-0.034123793710265284
2022-06-15,-0.8890933653417772,1.0010194945722721,-0.009104350413736029,3.5862565181304062,-0.002538677968993229
2022-06-16,-0.8892552030519565,1.0008627529977727,-0.054524258401386305,3.468577307178135,-0.015719487724419376
2022-06-17,-0.8892725413878144,1.0011866502715097,0.11252413068137912,3.474795955005251,0.032382946261720585
2022-06-20,-0.8892725409158708,1.001186815827703,5.752469422759532e-05,3.4747922018290236,1.6554858790495756e-05
2022-06-21,-0.8890306049437193,1.0008722595624822,-0.1118304798360441,3.563212459926437,-0.03138473528978198
2022-06-22,-0.8890352482655615,1.0007878234778347,-0.03003636691101974,3.5569295401473227,-0.008444464972386177
2022-06-23,-0.8889643872695936,1.0005510000892208,-0.0850039592606322,3.592559296855376,-0.02366111516517974
2022-06-24,-0.8893964232576854,1.001026293862837,0.17563571113657872,3.704796884939099,0.04740764921569132
2022-06-27,-0.8894169350251545,1.0008376457800086,-0.06965045668158609,3.6911901870611055,-0.018869376312750007
2022-06-28,-0.8894032066368371,1.0008599407912178,0.008075048561295262,3.615970430909785,0.002233162221756212
2022-06-29,-0.8894058009837988,1.0007528771091059,-0.03868683716621035,3.613392647593401,-0.010706513501093395
2022-06-30,-0.8893441565519223,1.0009941434912153,0.0865093696539816,3.583270228664024,0.024142574836237093
2022-07-01,-0.8893926714036406,1.001151584971032,0.0569496755081218,3.6205081502794663,0.015729746528460615
2022-07-04,-0.8893926712097864,1.001151659046472,2.68175724613684e-05,3.620474195875362,7.407198894531665e-06
2022-07-05,-0.8893769567102311,1.0008950413974607,-0.09308573301456136,3.628221824777177,-0.025656020362062097
2022-07-06,-0.8893563296824619,1.0006958861440476,-0.07249092690130965,3.64116037278149,-0.019908743224603887
2022-07-07,-0.889407622015901,1.0008146231185904,0.04382041456648267,3.695122291101517,0.011858988989893427
2022-07-08,-0.889408337957609,1.00078688977034,-0.010239701984971816,3.6921369128820603,-0.0027733808974539803
2022-07-11,-0.8894103008283955,1.0007811452806363,-0.0020986597435808108,3.6501219060305545,-0.0005749560693064817
2022-07-12,-0.8893671119001977,1.0009395433666264,0.0573384004371178,3.6173559402490105,0.01585091469687408
2022-07-13,-0.8893858193602081,1.0008206922341758,-0.04278919380521984,3.5988487047535904,-0.01188968954118608
2022-07-14,-0.889386331024402,1.000813952694506,-0.0024199888643465783,3.5901637988471893,-0.0006740608506842063
2022-07-15,-0.8893713046814294,1.0007872438128806,-0.00975620733265714,3.658706921995718,-0.002666572518832805
2022-07-18,-0.8894086206336486,1.0006346375415296,-0.05541618836548423,3.629062821075301,-0.01527010996989693
2022-07-19,-0.8894676822832311,1.0007105048436538,0.028211398417909095,3.726657207721506,0.0075701619025908915
2022-07-20,-0.8894976060748178,1.0008797834752057,0.06343845859572639,3.749561408020596,0.01691890109067869
2022-07-21,-0.8894836454424329,1.0008316146844232,-0.018230364923567777,3.787817749886644,-0.0048128938949381465
2022-07-22,-0.8895753898877656,1.0004792480783387,-0.13236585723115013,3.7540744445434746,-0.03525925209702305
2022-07-25,-0.8895802508464219,1.0006589857333839,0.06753599822707201,3.757949951882309,0.01797150017744225
2022-07-26,-0.8895566090471959,1.000726499492771,0.02509274783528781,3.7133833205747893,0.006757381522197321
2022-07-27,-0.8895902616131678,1.0007724072047832,0.017453090351693845,3.8094524476290896,0.004581522040669184
2022-07-28,-0.8895239626694947,1.0005856732333995,-0.07196542977555964,3.8577023244528545,-0.018654998162868006
2022-07-29,-0.8893927323066385,1.0002654093114776,-0.12524452609460468,3.915028194378383,-0.031990708591688864
2022-08-01,-0.8893691886043271,1.0005218858092022,0.10010599850227209,3.9024115742141205,0.025652342557545775
2022-08-02,-0.8894080980058425,1.0003071018973881,-0.08331870604280311,3.877577544001459,-0.02148730878940013
2022-08-03,-0.8894191385457706,1.0003329406013373,0.010163728352495127,3.938071101442869,0.0025808900069811437
2022-08-04,-0.8894108831344775,1.0006187197476806,0.11243453047876528,3.9342344969778993,0.028578502518121985
2022-08-05,-0.8894074277874743,1.0006863532130894,0.026564021114666048,3.927340229089683,0.006763870600745817
2022-08-08,-0.8894151968693254,1.0003938538569515,-0.11477676362102329,3.9239425371474472,-0.029250368101583237
2022-08-09,-0.8893878790200295,1.0006230738306514,0.08959057767054901,3.9075096304330748,0.022927794463457166
2022-08-10,-0.8893948409250471,1.0006353451424588,0.0048881524725743475,3.9893785548734395,0.0012252917103098583
2022-08-11,-0.8893922175368534,1.000280270267978,-0.1416896325256971,3.990702177836895,-0.03550493778077371
2022-08-12,-0.8895791480397648,1.000706875153793,0.17284878602225717,4.056390307945489,0.04261147791515233
2022-08-15,-0.8895457713659459,1.0004171035922946,-0.11801835157280038,4.0741840900763995,-0.028967358608134788
2022-08-16,-0.8895386967342155,1.0002840964152409,-0.05429253417457858,4.082677386667225,-0.013298267051881538
2022-08-17,-0.8894481036477241,1.0007271951399304,0.17962401911199777,4.051980684304406,0.04432992975701546
2022-08-18,-0.8894451937458524,1.0006889517835493,-0.0155379129649873,4.063887463001626,-0.00382341123036681
2022-08-19,-0.8895102278443727,1.0005091371782406,-0.07216964301522921,4.010156857123135,-0.017996713242534688
2022-08-22,-0.8893931807884332,1.0007093412522194,0.07871534132323177,3.926143937439686,0.02004902076375823
2022-08-23,-0.8894060200735641,1.0005096405783995,-0.0782399881622382,3.917425669776781,-0.019972296798345227
2022-08-24,-0.8894128469373085,1.0005913317301605,0.03209289145866023,3.9296154419867695,0.008166929291797171
2022-08-25,-0.8894101873666119,1.0005843683522673,-0.0027720579060996897,3.984991552069875,-0.0006956245376881248
2022-08-26,-0.889010104425873,1.0009964175606065,0.15898446386893283,3.848988483778596,0.041305518200162546
2022-08-29,-0.8891120209161635,1.0004113661879073,-0.22391565163536598,3.8257390054257177,-0.058528731656238335
2022-08-30,-0.8889407374396106,1.0009260034354903,0.19479323781820312,3.7819320502188623,0.051506276482923684
2022-08-31,-0.8889562191715307,1.0008559589204067,-0.026305366749113546,3.7535069597883566,-0.007008210463154913
2022-09-01,-0.8889280513948016,1.0005630851953415,-0.11027247261745288,3.7663594252681447,-0.029278265870656267
2022-09-02,-0.8888741007141341,1.0007342608237706,0.06383280270301839,3.726128076924317,0.017131134889949443
2022-09-05,-0.8888741004990506,1.0007343369891704,2.837890423279532e-05,3.726128988242739,7.616189434756781e-06
2022-09-06,-0.8888479923300691,1.000952733966171,0.08107556307191999,3.7113012325457455,0.021845589455509296
2022-09-07,-0.8887548227916797,1.0007729734721924,-0.06782454639289881,3.7785152369009674,-0.017950052372562777
2022-09-08,-0.8887933743077698,1.0009895335002397,0.08229819352908407,3.8022487507481126,0.021644610577593447
2022-09-09,-0.888591805332317,1.0005383970183044,-0.17405639009894003,3.862913509758407,-0.045058319234754445
2022-09-12,-0.8885722532051142,1.0004728569861727,-0.025569134027477958,3.904526101129887,-0.006548588321660546
2022-09-13,-0.8882325386042235,1.0007383423624392,0.09947341175745805,3.7344567159519895,0.026636648734620624
2022-09-14,-0.8882309669566454,1.000723759098838,-0.005464682185561287,3.748515927480964,-0.0014578255211612778
2022-09-15,-0.8881545639051367,1.0009468934652557,0.0827491332830732,3.7052625903277687,0.022332866096746246
2022-09-16,-0.888162688513529,1.000911166269507,-0.013145100577389712,3.6772163859574203,-0.00357474219564242
2022-09-19,-0.8881511683042247,1.0008601865314963,-0.018879682746387516,3.7058514183275144,-0.0050945600929969545
2022-09-20,-0.8880422134228451,1.0011690944102196,0.11323431267885553,3.6623026184635843,0.030918884777020362
2022-09-21,-0.8882241852066387,1.000819118239314,-0.12616290902599303,3.599906957350896,-0.03504615828150012
2022-09-22,-0.8882046138602553,1.0008940187353603,0.026753794122157615,3.569486111524516,0.007495138876091931
2022-09-23,-0.8882639672838817,1.0007796783863656,-0.04019401688810831,3.510306103896471,-0.011450288293517364
2022-09-26,-0.8882657847614929,1.0007738650493132,-0.002022256052669036,3.475707302700046,-0.000581825762801741
2022-09-27,-0.8882638618819076,1.00079680074545,0.007952814481370751,3.466785211394499,0.002294002655610662
2022-09-28,-0.8883794910379263,1.0009910321802609,0.06852342318819638,3.5341660316104346,0.019388852299327856
2022-09-29,-0.8885607493286811,1.0007127660803505,-0.09649721485362761,3.461504110354143,-0.027877249824717117
2022-09-30,-0.8884199585642378,1.0009908540360206,0.09488562228807496,3.4072031952209296,0.027848536424585735
2022-10-03,-0.8883175745481896,1.0008659539443132,-0.04357591180263398,3.497408554915217,-0.012459485678730014
2022-10-04,-0.888582110501473,1.0011531203819188,0.10323047085137205,3.6044014689341526,0.028640114521398762
2022-10-05,-0.8885803862341023,1.001176586630159,0.008439171019006153,3.595757152164194,0.0023469802497442945
2022-10-06,-0.8887069261772069,1.0007626520291895,-0.14749042491746422,3.560265019052306,-0.041426810680718414
2022-10-07,-0.8886538697876006,1.0008226887305487,0.020831226440577666,3.461167916645267,0.006018554124576628
2022-10-10,-0.8886966171546881,1.0006443122162894,-0.06131848482556279,3.4353714767076777,-0.017849156995483926
2022-10-11,-0.8885755069056788,1.0011888616087212,0.18590272110543538,3.4118369211507664,0.05448757528619888
2022-10-12,-0.8885818794946879,1.0011291254305268,-0.020320550744713728,3.400829136338449,-0.005975175444007204
2022-10-13,-0.8883399815875856,1.0008365393560053,-0.10190222256534298,3.491430949254906,-0.02918637774780841
2022-10-14,-0.8882045488239514,1.0010203871965906,0.06284934600779479,3.411410013615948,0.01842327534859323
2022-10-17,-0.8881255171121288,1.0009212314721323,-0.03461417744182427,3.4992034129657124,-0.009892016369659229
2022-10-18,-0.8882165660331159,1.0011810954686884,0.09187249427657207,3.5391437472756526,0.0259589609343484
2022-10-19,-0.8883190601842652,1.0006856033817275,-0.1743008360604108,3.5158476459479187,-0.04957576482624207
2022-10-20,-0.8882792463565037,1.000833301295918,0.05152393797186505,3.4859555580251826,0.014780434550649783
2022-10-21,-0.8883473643779553,1.0009261739362585,0.03308598103677696,3.5701731183805494,0.009267332406498244
2022-10-24,-0.8883155490057135,1.0008398120147002,-0.031176714553282636,3.6139313055359716,-0.008626814379544193
2022-10-25,-0.8882540256326643,1.0007100559162063,-0.04758069971592249,3.671940072703338,-0.012957918368447896
2022-10-26,-0.8882451784458412,1.0007487058953044,0.014092772586650426,3.644157817282393,0.0038672234555308087
2022-10-27,-0.8882467053398285,1.0007393419645156,-0.0033955838003407735,3.624796519372789,-0.0009367653555704481
2022-10-28,-0.888433135966208,1.0010110881934324,0.1006189018730197,3.7098618706945303,0.027122007605685502
2022-10-31,-0.8884733571363765,1.0008199557011157,-0.07044464330135725,3.6837325959518696,-0.019123169629296742
2022-11-01,-0.8885212242553175,1.000424425505352,-0.14516492558840355,3.669117132536713,-0.03956399328359437
2022-11-02,-0.8880415899140573,1.0010336562432227,0.21827827391581422,3.575223551499193,0.06105304207460928
2022-11-03,-0.8881134739277228,1.0008042308693097,-0.0812679138273893,3.5392919243081464,-0.022961630621434366
2022-11-04,-0.8882028565724726,1.0010136349073864,0.07506805777643422,3.5893617215507474,0.020914040879669776
2022-11-07,-0.8881381291260487,1.0007915558119185,-0.08041964170138272,3.624358324485827,-0.022188656446597763
2022-11-08,-0.8881312118745983,1.0007483024471167,-0.015753639549984655,3.6439862141550083,-0.004323188569921007
2022-11-09,-0.8882209277994396,1.0006055231024908,-0.05105442023256046,3.5696915090423493,-0.014302193929989476
2022-11-10,-0.8882956593948921,1.0006528576505598,0.01774563355132841,3.7655052111873504,0.0047126833070383145
2022-11-11,-0.8883005747855696,1.0006707477820638,0.006795174357648648,3.801261929212368,0.001787610136893836
2022-11-14,-0.8883230221364992,1.0005794937801011,-0.03441738688530904,3.7693403395171683,-0.009130878027776531
2022-11-15,-0.8883269111627407,1.000595621603567,0.006126495678017818,3.8013518706035945,0.001611662347123111
2022-11-16,-0.888384224761539,1.000329483660194,-0.10047710966188106,3.7734204125391404,-0.02662759477528502
2022-11-17,-0.8883518471615314,1.0006507878245512,0.12085901547732192,3.760703476400561,0.0321373424508859
2022-11-18,-0.8883225420893957,1.0004330090239193,-0.08225507118282849,3.778560264826646,-0.021768892228215448
2022-11-21,-0.8883004769981,1.0006273224113067,0.07316012143184025,3.7641195440282544,0.01943618436558642
2022-11-22,-0.8881637389358225,1.0002780577985153,-0.1331334910777855,3.8159933245604605,-0.03488829244561644
2022-11-23,-0.888215842683882,1.0005890040686691,0.11930510227580271,3.8387358534670404,0.031079268496176843
2022-11-24,-0.8882158423538521,1.0005891342604551,4.99746575997051e-05,3.8387211361450295,1.3018569421245144e-05
2022-11-25,-0.8882165454089439,1.0004400995473466,-0.057203681668624995,3.838436699845002,-0.014902859195498757
2022-11-28,-0.888255056733085,1.0003566542595732,-0.03155992898797422,3.777706024364121,-0.008354257526771557
2022-11-29,-0.8882552599198049,1.0003527782228412,-0.0014618723674857392,3.7712398215861835,-0.00038763707338847404
2022-11-30,-0.8886090273779673,1.0007606716222577,0.15822968878597976,3.8882613173744334,0.04069420130764902
2022-12-01,-0.88861346020859,1.000442031818524,-0.12383596480168535,3.8864608488997123,-0.03186342783737144
2022-12-02,-0.8886159603350746,1.000365973228363,-0.029529044771265944,3.8822842081983566,-0.0076061007354661
2022-12-05,-0.8885842743922152,1.0004269219477493,0.02326674332022094,3.812449815233175,0.006102832679201552
2022-12-06,-0.8886180181943082,1.0003464950105103,-0.03025621486875707,3.7579606986626013,-0.008051232382372913
2022-12-07,-0.8886048184615324,1.0005706917342834,0.08409909635844315,3.7507388391758263,0.022422008026803268
2022-12-08,-0.8885968643338894,1.0005352414348165,-0.013392118565207056,3.780185381953374,-0.0035427147645036416
2022-12-09,-0.8886111211468946,1.000469866839456,-0.024543199414097217,3.7522561793142204,-0.006540917848147257
2022-12-12,-0.8887526598307545,1.0008236240943449,0.13445015187039644,3.8048903813979718,0.03533614332957406
2022-12-13,-0.8886562518434926,1.000395483183603,-0.1640949184394458,3.8352111219089076,-0.0427864107668134
2022-12-14,-0.8887237255433705,1.000009190318203,-0.14732288246790404,3.8122131961396057,-0.03864497468743062
2022-12-15,-0.8884462699024875,1.0003875103449626,0.1409238440687659,3.71790233196185,0.037904127512247934
2022-12-16,-0.8882838956292081,1.0008294802058952,0.16246634734102372,3.672483455376543,0.04423882348691641
2022-12-19,-0.8883211811054412,1.0006820449486582,-0.05373005045987611,3.641977005134255,-0.014752990033745545
2022-12-20,-0.8883279202536325,1.0008943990707506,0.07741711162691445,3.6461765750299926,0.021232408807924402
2022-12-21,-0.8883287116268529,1.0008962060895141,0.0006678604336798344,3.700562142061431,0.00018047540023413762
2022-12-22,-0.8885867834665233,1.000268654815367,-0.22931325511603973,3.6501828000204815,-0.06282240306286935
2022-12-23,-0.8886680570456458,1.0008026141869297,0.19582562888052735,3.669158333687028,0.05337072185809654
2022-12-26,-0.8886680563957439,1.0008028589011106,8.978502148693224e-05,3.6691455428842157,2.447028073363224e-05
2022-12-27,-0.8886781860217356,1.0007170604412352,-0.03136811649113724,3.655034266794832,-0.008582167553423385
2022-12-28,-0.8887759522781925,1.0004537609661532,-0.09516269103403374,3.6107190480089577,-0.026355606672446272
2022-12-29,-0.8891030912396781,1.0010922357037204,0.23418139644428493,3.6732229542046535,0.0637536570374044
2022-12-30,-0.8891386668871937,1.0005414679176847,-0.20190996530391203,3.6655205282215033,-0.0550835723737927
2023-01-02,-0.8891386675851407,1.000541214849366,-9.275849839696093e-05,3.6655233803390135,-2.530566273141108e-05
2023-01-03,-0.889115425116847,1.0007146244963079,0.06330589331946612,3.6495065428597844,0.017346425489583883
2023-01-04,-0.8890952299370896,1.0006264801014924,-0.03239681215205792,3.6779369728043876,-0.008808419609038514
2023-01-05,-0.8891036485294471,1.000602100238126,-0.008872870492950824,3.6361669979734526,-0.0024401713391865518
2023-01-06,-0.8891359144709277,1.0006503724536417,0.017919633175324634,3.719206090554976,0.004818133961662416
2023-01-09,-0.8891330195365265,1.0007772979603164,0.04717246301714795,3.716517183107793,0.01269265301168386
2023-01-10,-0.889093533221969,1.0005871151538384,-0.07114604107539435,3.7432263251748776,-0.019006609511400707
2023-01-11,-0.8891482372032946,1.0007401260318813,0.05793049587470023,3.789860062064393,0.015285655651133627
2023-01-12,-0.8891187217804252,1.000471560454522,-0.10214324934378283,3.804600355982816,-0.026847300579983486
2023-01-13,-0.8891114215283493,1.000405417284222,-0.025255102698679366,3.819564847500417,-0.006612036634279609
2023-01-16,-0.8891114216002922,1.0004053893075533,-1.068534703563273e-05,3.8195562529579723,-2.7975362392837376e-06
2023-01-17,-0.8891102816138953,1.0004258288934855,0.007793324031695192,3.812501364519041,0.0020441498340757563
2023-01-18,-0.8891039534828243,1.0004394702657513,0.005124917331102097,3.7524634271880783,0.0013657474431249745
2023-01-19,-0.8891346704530039,1.000294935507123,-0.0538780728504662,3.725758958799609,-0.014460965791470581
2023-01-20,-0.8892511537405248,1.0005158966004422,0.0837139698548981,3.7941851276815997,0.02206375467663348
2023-01-23,-0.8892851976042208,1.0006171111795736,0.038821128212191525,3.8391366035534453,0.01011194240295052
2023-01-24,-0.8892938634357819,1.000216821851405,-0.15357240873407818,3.8365224535821,-0.04002906553842532
2023-01-25,-0.8892943354648339,1.0004166487465118,0.07667282842231771,3.8371912285211365,0.019981497886376546
2023-01-26,-0.8892869535144798,1.0003926750556966,-0.009292287931032206,3.879357603325757,-0.002395316153134727
2023-01-27,-0.8892740511925689,1.000201824425423,-0.07420398382322446,3.888954416084076,-0.01908070290470081
2023-01-30,-0.8892042148515696,1.0003926211358816,0.07332377030229509,3.8395771809667636,0.01909683458526883
2023-01-31,-0.8892678801805058,1.0005495913195495,0.06107672299617661,3.8952940503315863,0.015679618074270277
2023-02-01,-0.8892461341023079,1.0004758849131747,-0.028993445130652162,3.936833618636914,-0.007364661029462258
2023-02-02,-0.8892496044197826,1.0004846471667659,0.003495897722928021,3.9939503078650436,0.0008752982519696757
2023-02-03,-0.8893401413668408,1.0001707378148124,-0.12416655556523892,3.9528145131992147,-0.03141218874567038
2023-02-06,-0.8893302121255041,1.0002275787816453,0.022338766574819147,3.928504190718713,0.005686328813800326
2023-02-07,-0.8893756741342486,1.0003561951522812,0.05113107387535365,3.9792624946858863,0.012849384513747645
2023-02-08,-0.8893763567383104,1.0003539709027247,-0.0008760670606875465,3.935847436428259,-0.0002225866410824522
2023-02-09,-0.8894167918864397,1.000186536944343,-0.06537782204821951,3.902481854486646,-0.016752883033409945
2023-02-10,-0.8894257003327334,1.0003390355765513,0.05962964788767522,3.910972766735092,0.015246756099878056
2023-02-13,-0.8894113099716218,1.0002945520025333,-0.01758643424125239,3.9569514148704052,-0.004444440276714484
2023-02-14,-0.8894100929886486,1.000365606566853,0.028100502749794032,3.9548162642728366,0.007105387677210033
2023-02-15,-0.8894148761672882,1.000421488015867,0.02216443840103466,3.9674057228836985,0.005586632663554383
2023-02-16,-0.8895199617262585,1.000145497233348,-0.10812270811010194,3.9140240065847327,-0.02762443662282153
2023-02-17,-0.8894967625707061,1.0004321456410887,0.111900493353005,3.9031492621856905,0.02866928365694701
2023-02-20,-0.8894967622692644,1.0004322618056556,4.533868815315145e-05,3.903152556097367,1.1615914956315236e-05
2023-02-21,-0.8896094981114893,1.0002354053483442,-0.07542305076469802,3.825872919587666,-0.01971394564062696
2023-02-22,-0.8895929104687206,1.0005565827024498,0.12267943331568176,3.819363881878107,0.0321203836842475
2023-02-23,-0.8895983295634133,1.0005931617380803,0.01403827115166223,3.8394910676342224,0.003656284362789828
2023-02-24,-0.889550169373512,1.0007457762494938,0.058008293111470266,3.7980138666690157,0.015273323149382144
2023-02-27,-0.8895410059883234,1.0006521766959247,-0.035662190682842265,3.8112718128585468,-0.009357031572118377
2023-02-28,-0.8895247462378137,1.0007954329690125,0.05440317810234774,3.7966757053121913,0.014329161172819816
2023-03-01,-0.8895523743933168,1.0005357481406227,-0.0982649188575806,3.78314098577402,-0.02597442686568972
2023-03-02,-0.8895281404746692,1.0004275780226575,-0.04121756549272959,3.8129059670871865,-0.01081001363488047
2023-03-03,-0.8895110876074852,1.000389860482355,-0.014593877751508444,3.874046887635332,-0.0037670885703751404
2023-03-06,-0.889497980926884,0.999948859056621,-0.17101442058259408,3.878371620246666,-0.04409438736861361
2023-03-07,-0.889278333057987,1.000429141450239,0.18354667786411483,3.817280048692188,0.0480831051227165
2023-03-08,-0.8892725982409512,1.0003083855332076,-0.0461681521378523,3.8239447663706185,-0.012073435930318472
2023-03-09,-0.8892144996534899,1.0004148229319951,0.04000423353414817,3.7532355259728365,0.010658599295811337
2023-03-10,-0.8893589390242719,1.0000718986769979,-0.12703695999039155,3.7005103364291827,-0.03432957847456689
2023-03-13,-0.8893154890061379,1.0007392218494504,0.24645823246595455,3.6927804999885487,0.06674055835886233
2023-03-14,-0.8891572653033631,1.0004158991781726,-0.12123754202866621,3.754904595512797,-0.03228778227109899
2023-03-15,-0.889174067716292,1.0003244879574895,-0.03412753331343765,3.731763960671305,-0.009145147890677005
2023-03-16,-0.88931933462374,1.0006177899721984,0.11118374798820696,3.7959888344517387,0.0292897984786263
2023-03-17,-0.8892493200200494,1.0008174076802283,0.07494119092353912,3.7509287633395134,0.019979369284746893
2023-03-20,-0.8891571037183993,1.0004939712340497,-0.12242218953861084,3.7881317320474315,-0.0323172999774333
2023-03-21,-0.8891951900287747,1.0005969573318418,0.03947849943000392,3.8373313771673647,0.010288008918100291
2023-03-22,-0.8893203068898253,1.0003425951799076,-0.09609192816850509,3.7730551827151126,-0.025467936066431125
2023-03-23,-0.8893318397646575,1.0005053563828645,0.0615511184537354,3.7825987655517053,0.016272177481334835
2023-03-24,-0.8893198204088216,1.0004415610536994,-0.02427723875302945,3.807593892823334,-0.006376005276925123
2023-03-27,-0.8893259848077621,1.0005712099839197,0.049441628094200496,3.8141834127685876,0.012962572258241897
2023-03-28,-0.8893474910390535,1.000189601717462,-0.14529574042023796,3.8070950733779503,-0.03816446335586789
2023-03-29,-0.8893603733227669,1.0002210671424772,0.012138836806514064,3.862188441750066,0.003142994442035463
2023-03-30,-0.8894043655552795,1.0005047654671868,0.11012654644417808,3.8835903283267967,0.028356890694911405
2023-03-31,-0.8894147128270276,1.0005313241240386,0.010448000551150471,3.9380909898448944,0.00265306225226705
2023-04-03,-0.8894387984314959,1.0007807267642215,0.09853501106351814,3.95202444024276,0.02493279395242441
2023-04-04,-0.8895005011297683,1.0003576133796928,-0.16641342625092648,3.931815393782565,-0.04232483206461788
2023-04-05,-0.8895177229899446,1.0001079588917132,-0.09793986029285406,3.922532065127703,-0.024968530190884623
2023-04-06,-0.8895286761783522,1.0002139809101656,0.04173162957192744,3.9373796189999966,0.010598833135253113
2023-04-07,-0.8895286760729,1.0002140231120635,1.66156767704706e-05,3.9373716744889613,4.219991949992168e-06
2023-04-10,-0.8895251627173789,1.0000946156172226,-0.047062872194715055,3.9418728012499353,-0.011939216349089652
2023-04-11,-0.889524224784198,1.0003868476278528,0.11518607420646276,3.941774388147884,0.02922188407149935
2023-04-12,-0.8895591847417321,1.0000619446916774,-0.1276186425790229,3.927029314243664,-0.03249750189440639
2023-04-13,-0.8896390361027862,1.0002850046657659,0.0886519563902084,3.9781917478381628,0.02228448551741726
2023-04-14,-0.889637682828774,1.0003041703699953,0.007606637581147879,3.968381456098174,0.0019168110891806614
2023-04-17,-0.8896264370983878,1.0001913142923193,-0.04493727446072171,3.98303759169003,-0.011282161773837169
2023-04-18,-0.8896274269284907,1.0002646783561913,0.02923543314187782,3.9853277977846844,0.007335766246914208
2023-04-19,-0.8896278607434052,1.0001681540395784,-0.038463719550179576,3.9850402853030733,-0.009652027783015073
2023-04-20,-0.8896029824981352,1.00032518762607,0.06224986299065449,3.962732949006026,0.015708821106975843
2023-04-21,-0.88960580171196,1.000544063068,0.08677534776620632,3.9649401825741153,0.021885663785694266
2023-04-24,-0.889598839788077,1.000329041331993,-0.08535032325136171,3.969918365904952,-0.021499264061543472
2023-04-25,-0.8895807124700642,1.0003692117381693,0.015711604291084313,3.9069430459526644,0.004021457212528476
2023-04-26,-0.8895991461957096,1.0002132088758917,-0.060716584644296745,3.8910385712047146,-0.015604210426908753
2023-04-27,-0.8896090377710095,1.0002312513206708,0.0071493153716915,3.968279635770026,0.001801615820429502
2023-04-28,-0.8896618449283968,1.0004650397636703,0.09348157039767102,4.001048455105341,0.023364268502769184
2023-05-01,-0.8896682805798465,1.0001755665973457,-0.1157361426243142,3.998153789468873,-0.028947396403100577
2023-05-02,-0.8896762207674969,1.000150363679603,-0.009971266973877846,3.9534525893777555,-0.0025221668272104535
2023-05-03,-0.8896043578455398,1.0005007707905953,0.13760019084202213,3.9250197547797545,0.035057197017787575
2023-05-04,-0.8896217373240527,1.000414037304679,-0.033821236224639506,3.8976429216971074,-0.008677356264825076
2023-05-05,-0.8897129871500471,1.0005946585878511,0.07159102663416661,3.9689388548151188,0.01803782553800554
2023-05-08,-0.8897096942634198,1.000329867845624,-0.10513870537334924,3.970970162647314,-0.026476830866756437
2023-05-09,-0.889744554048989,1.000030238128606,-0.11852590052438927,3.954788316112562,-0.029970226229680142
2023-05-10,-0.8897955099279972,1.000475063231985,0.17659961835403237,3.9714572851976824,0.04446720829964611
2023-05-11,-0.8898063037689345,1.0002303917577076,-0.09703043939771305,3.965511403213355,-0.024468581610706457
2023-05-12,-0.8898064217405507,1.0002273601074174,-0.0012006920514409103,3.960342515151206,-0.0003031788404279138
2023-05-15,-0.889817889365581,1.0003554435699347,0.05087924848680814,3.9734647423506124,0.012804756499917781
2023-05-16,-0.8898158903608379,1.0003659966181055,0.004167006659145045,3.9469393515781364,0.0010557564451754034
2023-05-17,-0.8898080226160181,1.0003423423165765,-0.009441056657237823,3.99484311169719,-0.0023633109970185623
2023-05-18,-0.8897881787975759,1.0002668163307071,-0.03044175144827932,4.03350304946309,-0.007547224106433116
2023-05-19,-0.8897883168639801,1.0002635377315527,-0.0013205687770323493,4.027635165606738,-0.00032787696073097866
2023-05-22,-0.8897889552244597,1.0003833796609796,0.048278543543233354,4.028786147925121,0.011983396926664239
2023-05-23,-0.8898693703723601,1.0001205668497803,-0.10479929430266566,3.984752765320306,-0.026300074427388367
2023-05-24,-0.8898112858330162,1.0003941720058098,0.1082601293269363,3.9548843477883078,0.027373778802780583
2023-05-25,-0.8897690482975482,1.00021922904546,-0.06975157467985582,3.989755625738586,-0.017482668419558495
2023-05-26,-0.8896943893765517,1.0000097098820098,-0.08461036247291531,4.042134370834428,-0.020932100398099576
2023-05-29,-0.8896943895615553,1.0000096307988857,-3.196460414756075e-05,4.042090607485115,-7.907938552482945e-06
2023-05-30,-0.8896949057149206,1.0001999384547318,0.07693406407855718,4.042857249975021,0.01902962665303914
2023-05-31,-0.8895862947280438,1.0008312686898602,0.25376169517676317,4.017964491701131,0.06315677893642242
2023-06-01,-0.8893607993007252,1.0000193756838638,-0.3293303430252763,4.059350820400692,-0.08112882024637838
2023-06-02,-0.8894265342082462,1.0001923471048102,0.0711451907707783,4.117186814513449,0.017280049212240065
2023-06-05,-0.8894357955957735,1.0000018547992748,-0.07829848016262986,4.110051594667288,-0.0190504859511303
2023-06-06,-0.8894386059035193,1.000053434487328,0.021240525143241484,4.11876878629516,0.005157008379280104
2023-06-07,-0.889453066028372,0.9998947207447578,-0.06516643123211452,4.105212365721078,-0.01587407067567577
2023-06-08,-0.8894915044714428,1.0001470431139152,0.10413826328908726,4.128946741814164,0.025221508002142772
2023-06-09,-0.8894807381893948,0.9999365023321459,-0.08708937964945562,4.1371953365626215,-0.021050342699509474
2023-06-12,-0.8894737682471872,0.9999072281522774,-0.0122135822377345,4.174761638759054,-0.00292557594770009
2023-06-13,-0.8894808359672975,0.9999488729415263,0.017491178847251376,4.202023232493173,0.004162561194806482
2023-06-14,-0.889481461235374,0.9999709297781034,0.009277986309768949,4.206907068392018,0.0022054174620299424
2023-06-15,-0.889485915453974,0.999984918066478,0.005952638343273975,4.2588922994362015,0.0013976963784836714
2023-06-16,-0.8894700856707486,1.0001511750343353,0.07056629546929116,4.243679314163794,0.016628564565132807
2023-06-19,-0.8894700855345701,1.0001512320319956,2.4186858865959948e-05,4.24368283369387,5.6994973031259134e-06
2023-06-20,-0.8895265418614329,0.9997045878746574,-0.18869175362607393,4.223609763179062,-0.04467547055863604
2023-06-21,-0.8895030469290391,0.9998706116880447,0.06977199305248405,4.2013315140806435,0.016607114391864863
2023-06-22,-0.8895019712945139,0.999858972850569,-0.004906189217365409,4.216514400549882,-0.0011635651515207882
2023-06-23,-0.8894880923755584,0.9999270696362587,0.028507036268706543,4.184431673682311,0.0068126423112604625
2023-06-26,-0.8894709990116891,1.0000760152391346,0.06207597922718833,4.166763100151597,0.014897890217211978
2023-06-27,-0.8894339504786909,0.9999475032203572,-0.05410037865397044,4.212891285348456,-0.0128416270417706
2023-06-28,-0.8894350751728076,1.0001312795191288,0.07744186010273779,4.21420418277222,0.01837639011876126
2023-06-29,-0.8894292711236981,1.0000744004619782,-0.02405849482272515,4.231015366873663,-0.0056862225108159315
2023-06-30,-0.8892775183850363,0.9995919855347524,-0.2064488855204445,4.282897749401286,-0.04820308529413394
2023-07-03,-0.8892674956125151,0.9993044136248395,-0.12332325960551316,4.289009159166746,-0.028753321578234164
2023-07-04,-0.8892674958363584,0.9993043171393232,-4.1380745926744567e-05,4.289006824541091,-9.648095146403075e-06
2023-07-05,-0.8892561625437184,0.9995455821625218,0.10330622190906524,4.281610316599935,0.024127889805511688
2023-07-06,-0.8891740511272066,0.9999254218930798,0.1613749669663207,4.246560051862177,0.03800133872958077
2023-07-07,-0.8891714284460966,0.9999632543954374,0.01602653902233442,4.235709920216802,0.003783672471488347
2023-07-10,-0.8891628486558621,0.9998349279764092,-0.05448810207144561,4.24695263963377,-0.012829929291640113
2023-07-11,-0.8891006298779593,0.9994727194802593,-0.15479065244642243,4.2754829270737424,-0.03620424992606985
2023-07-12,-0.8891995656704968,0.9999913432372889,0.2232884695289954,4.3075571496473515,0.05183644970265233
2023-07-13,-0.8890713780488054,0.9993952711177441,-0.2588050885263442,4.344243279699855,-0.05957426227387181
2023-07-14,-0.8890610448171729,0.9997689162483248,0.1621600802754415,4.33989957632788,0.037364938387042135
2023-07-17,-0.8890376425544275,0.9995154458985499,-0.11038329475417186,4.356039873197059,-0.025340285664822777
2023-07-18,-0.8890659883932507,0.9996720147170142,0.06866457805472237,4.387643200037599,0.015649535507840283
2023-07-19,-0.8890827331501316,1.0000510971157464,0.16660742302144627,4.395694742598184,0.03790240969348314
2023-07-20,-0.8891458239371862,0.9996579259773486,-0.1718039671386009,4.368320203119166,-0.03932952694629061
2023-07-21,-0.8891457607443856,0.9996797291090792,0.009523667617145293,4.368228218429181,0.0021802129240788646
2023-07-24,-0.889149753772952,0.9997162123288578,0.016002285429408403,4.387538594686779,0.0036472124595751357
2023-07-25,-0.8891517816866463,0.9997470982500338,0.01358502572662701,4.399345339429473,0.0030879652944882877
2023-07-26,-0.889151778423062,0.9998130279899187,0.02900574874661288,4.39972487735862,0.0065926278472272365
2023-07-27,-0.889177211623742,0.9996601785347308,-0.06683702997690943,4.371297646809157,-0.015289974597290886
2023-07-28,-0.8892513167782974,0.9999752691122671,0.13895519891519825,4.412617174333865,0.03149042697912609
2023-07-31,-0.8892417771973159,0.9997854566730991,-0.08391752055928237,4.421814548539086,-0.01897807328600149
2023-08-01,-0.8892471547717425,0.9997110305424772,-0.032822003329329164,4.409516857832036,-0.007443446615025822
2023-08-02,-0.8892160415288587,0.9997976710242341,0.03770012900304209,4.3479714584562705,0.008670739760657806
2023-08-03,-0.889215056994066,0.9998106300450655,0.005619051032624611,4.335480442417058,0.0012960619030014477
2023-08-04,-0.8891977887337327,0.9999520742853683,0.06105173646790263,4.315313498325429,0.014147694366027856
2023-08-07,-0.8891691370386233,0.9998235542400673,-0.055918830228563365,4.3534630192191655,-0.01284467789934114
2023-08-08,-0.8891852204931014,0.9996768700882781,-0.06360317780377045,4.3351911430999515,-0.014671366429829419
2023-08-09,-0.8891693902960857,0.9997664433782801,0.03858322201296005,4.305902514880967,0.008960542390269756
2023-08-10,-0.8891685873629224,0.9996784432177185,-0.03790614683185822,4.307827775755351,-0.008799364506908963
2023-08-11,-0.8891682269507963,0.9996986353306955,0.008693081703881944,4.305234261893513,0.002019189009254652
2023-08-14,-0.8891886037932617,0.9998494957888546,0.0652728348266578,4.328293153399653,0.015080502293470884
2023-08-15,-0.889279108416384,0.9995440770953329,-0.13078170222178187,4.2793081862788975,-0.03056141238930118
2023-08-16,-0.8892483555851526,0.9996993385954173,0.06597199163758205,4.2473281579459465,0.015532586412980817
2023-08-17,-0.8892301192686825,0.9997881852162879,0.03746230171645948,4.214679881495419,0.00888852837458379
2023-08-18,-0.8892308226441291,1.0000858861621051,0.12548705785906122,4.2154517668571,0.02976835338164008
2023-08-21,-0.8891867516742861,0.9998328931925102,-0.1073173017081217,4.243890837075872,-0.025287479303323816
2023-08-22,-0.8891751641776857,0.9999829577505627,0.06351220236075505,4.231773182888092,0.015008413640309847
2023-08-23,-0.8891973711081654,1.000061141839255,0.033426641790072154,4.278475280997219,0.007812746269339468
2023-08-24,-0.8893414532474724,0.9996565783814038,-0.17090217893792214,4.22102474207821,-0.0404883148952543
2023-08-25,-0.8893206977171518,0.9995439627790204,-0.04785154479554876,4.251189464380862,-0.011256036739006598
2023-08-28,-0.8893656828978823,0.999835129070244,0.12447475938631669,4.276824722263148,0.02910447995176406
2023-08-29,-0.8893576028642571,0.9998131450480475,-0.009529306857587017,4.338603764429454,-0.0021963994351625617
2023-08-30,-0.8893276079300015,0.9995396189914924,-0.1191545953735158,4.357577953864176,-0.027344225768319966
2023-08-31,-0.8893132234136132,0.9998433921723613,0.1321453364251397,4.349884983565307,0.030379041497513137
2023-09-01,-0.8892998443190137,0.9995849554658153,-0.11263597146751181,4.35910898532146,-0.02583921894286053
2023-09-04,-0.8892998445101759,0.9995848715252014,-3.658886367929881e-05,4.3591054081089045,-8.393663436363662e-06
2023-09-05,-0.8893015004658549,0.9995701459598505,-0.006392776015616164,4.340377042619013,-0.0014728619087337903
2023-09-06,-0.8892570918936805,0.9998144275852794,0.10532982176761152,4.310224177628485,0.024437202666698583
2023-09-07,-0.8892792752775146,0.9995143445464929,-0.12900071973888316,4.298318191888114,-0.030011905582591886
2023-09-08,-0.8892873033301634,0.9997871745287243,0.11740095348682189,4.303604201876363,0.027279681861922922
2023-09-11,-0.889252890671413,0.9995863136670425,-0.08698794375300167,4.332713838938031,-0.020077011080501646
2023-09-12,-0.8892618660435193,0.9995231109874196,-0.027243271934082713,4.309264097052887,-0.006322024206572633
2023-09-13,-0.8892668024888604,0.9997496835965565,0.09771749215587988,4.313302162886791,0.022654914602708905
2023-09-14,-0.8891931873394399,0.9994239471989985,-0.14167310211956874,4.3518302497649595,-0.03255483187268631
2023-09-15,-0.8888966823002785,1.0003049732501812,0.3787415010573909,4.295731348971816,0.08816694301612757
2023-09-18,-0.888848890544379,0.999169929680686,-0.48834961913792085,4.303125497413017,-0.1134871895861532
2023-09-19,-0.8888390588481249,0.9993332203438436,0.0701153068468443,4.29351712678979,0.016330505917713355
2023-09-20,-0.8887651224964737,0.999628629090007,0.12570172944919022,4.252898457111806,0.029556720132592997
2023-09-21,-0.8888155337450161,0.9995137477631012,-0.04810600102536,4.183294958379717,-0.011499547964935401
2023-09-22,-0.8888059055550409,0.9996589988011062,0.060623993324895764,4.173293872522658,0.014526653328693096
2023-09-25,-0.8888114434574393,0.9997104303660365,0.02154613691459417,4.190589782230839,0.005141552391015518
2023-09-26,-0.8888217396165234,0.9996845192822925,-0.010709193361208236,4.129305649523758,-0.0025934610489401167
2023-09-27,-0.8888223550695065,0.9998255005260576,0.058226620253833516,4.13035963491439,0.014097227699408403
2023-09-28,-0.8888135017466612,0.9997680682348504,-0.02384998091321222,4.154487904232258,-0.005740775147982926
2023-09-29,-0.8888280216309318,0.9995302188147522,-0.09860757350088534,4.1454044097851925,-0.02378720234583699
2023-10-02,-0.8888285860585798,0.9994824680964254,-0.019787227241693017,4.143960126568038,-0.004774955993140911
2023-10-03,-0.8888406929045415,0.9994493693616594,-0.013544750957237284,4.0887879562141,-0.0033126567340456244
2023-10-04,-0.8888750784778876,0.9996313402072657,0.07489217376655688,4.117739666313783,0.01818769029504982
2023-10-05,-0.8888736768343126,0.9997244384993921,0.0383166994041062,4.115791944619372,0.009309678409327303
2023-10-06,-0.8889033835892611,0.9998197227395478,0.039645700296659925,4.164157586235363,0.009520701240440304
2023-10-09,-0.8888698975541078,0.9996257923474302,-0.08124845517875201,4.1915322612126324,-0.019383950812118144
2023-10-10,-0.8888652584201516,0.9995916597114576,-0.014376094797455607,4.213426045350666,-0.0034119727373212137
2023-10-11,-0.8888488956527599,0.9994419354911763,-0.06333249358647208,4.231268318991667,-0.014967732795911308
2023-10-12,-0.8888625009433657,0.9993576408295213,-0.035465145898285755,4.205886159102494,-0.008432264820466221
2023-10-13,-0.8888216551108202,0.9996442274210392,0.11993662070744904,4.183795962743318,0.028666938296103357
2023-10-16,-0.8888468111901543,0.9997367778146273,0.03909664006386038,4.227334173756466,0.009248533107832963
2023-10-17,-0.8888449106963712,0.9993946343284381,-0.1446678358893223,4.228558982599293,-0.03421208891365518
2023-10-18,-0.8889140334278868,0.9991986972586173,-0.08183305306158672,4.1731920270596685,-0.01960922299548347
2023-10-19,-0.8888393999687971,0.9995006354179177,0.1249308144199972,4.1353729991581005,0.030210289240034993
2023-10-20,-0.8888255877907462,0.9995414180475646,0.016670760580780097,4.084541708122306,0.004081427433493822
2023-10-23,-0.8888246086953714,0.9995608370428396,0.007918463397629694,4.077399084628761,0.001942037861214327
2023-10-24,-0.888823457274402,0.9995551326707,-0.0023421236054446126,4.108095300708351,-0.0005701239708438031
2023-10-25,-0.8888651747972042,0.9994493434424105,-0.04288110584275273,4.04972350488379,-0.01058865025995972
2023-10-26,-0.8888263571841973,0.9995637719846832,0.04581820852013152,4.000909922566676,0.011451947033773276
2023-10-27,-0.8888181980056175,0.9996260049037246,0.024791602749587582,3.9825758609812505,0.006225017078137786
2023-10-30,-0.888834785866377,0.9996768826122552,0.0204852510563569,4.029883947918155,0.005083335232752699
2023-10-31,-0.8888833068808277,0.9999768363087561,0.12154217058719041,4.053878380170954,0.02998170127197178
2023-11-01,-0.8887989860024585,0.9996910242306899,-0.11703925495856993,4.098173589688954,-0.028558881754799717
2023-11-02,-0.8887258768886311,0.9995481919134785,-0.059585440298064896,4.177125354161924,-0.014264700061896946
2023-11-03,-0.88875778103858,0.9996838822460469,0.0571514144095886,4.21449876621962,0.013560667016365761
2023-11-06,-0.8887510990837919,0.999574792324461,-0.046077061006315034,4.2246089213505,-0.010906822824107792
2023-11-07,-0.8887638472494263,0.9997636725245811,0.07998877871773402,4.235798420483863,0.018883990874286403
2023-11-08,-0.8887621293238276,0.9996745133927891,-0.037793217652790645,4.239267698875165,-0.008915034467584718
2023-11-09,-0.8888121352593387,0.9994275322311997,-0.1039578286812457,4.207333400034146,-0.024708721367411007
2023-11-10,-0.8887817791308709,0.9993527731085551,-0.03191346206608614,4.273180545264012,-0.007468315866376392
2023-11-13,-0.8887752774300177,0.9995537693480646,0.0857913197939979,4.268204783052601,0.020100094572463395
2023-11-14,-0.8886535851531967,0.9993105109836032,-0.10573487839781137,4.351918893588543,-0.024296150958508234
2023-11-15,-0.8886582325636823,0.9994042854706794,0.04088468809885626,4.360623263972853,0.00937588175448279
2023-11-16,-0.8886576769573189,0.9993854095545049,-0.008240276709159389,4.366023776880946,-0.0018873641396076363
2023-11-17,-0.8886621408494804,0.9995651027750383,0.07852905895663298,4.370653844747358,0.017967348077910363
2023-11-20,-0.8885907453803825,0.9992107500860433,-0.15603988305701932,4.405785703225307,-0.035417038768542124
2023-11-21,-0.8885831231353886,0.9993363446089515,0.055211516021699936,4.395634565899025,0.012560533682673802
2023-11-22,-0.8885881310269006,0.9993896763680619,0.02352546912862863,4.412334084271748,0.005331751558089801
2023-11-23,-0.8885881309890883,0.9993896932733171,7.458796972059645e-06,4.412326935529548,1.6904452188252166e-06
2023-11-24,-0.8885859922023717,0.99926047895466,-0.057050810428393106,4.415606885580306,-0.012920264848462704
2023-11-27,-0.8885829777611107,0.9993215140030379,0.026902223546528603,4.407403618030315,0.0061038710946449025
2023-11-28,-0.8885855627485194,0.9994550247999281,0.05888818008338603,4.411169782976289,0.01334978769365191
2023-11-29,-0.8885889331368557,0.9992127691634947,-0.10681172221717361,4.409142059094176,-0.024225058023899834
2023-11-30,-0.8886170189346645,0.9995284318689615,0.1396471963078625,4.425066413397084,0.031558214784093284
2023-12-01,-0.8886159243796281,0.9995209455753001,-0.0033310304129372525,4.4512143630645395,-0.0007483419447460466
2023-12-04,-0.8886534945808627,0.9992252536517422,-0.13099879635956313,4.429203995223064,-0.029576148784487347
2023-12-05,-0.8886533294407458,0.9992464253424674,0.009375012417649486,4.4282430805703745,0.0021170952558552747
2023-12-06,-0.8886404250613759,0.9993666636987697,0.05303420864260033,4.409910955094471,0.01202614047826374
2023-12-07,-0.8886275758519312,0.9992993875100792,-0.02988159538023183,4.443792348589664,-0.006724345567073001
2023-12-08,-0.8886241770285438,0.9992673614126256,-0.014289005302998703,4.462979756114693,-0.0032016737883297473
2023-12-11,-0.8886231064114186,0.999256088993534,-0.005049085715654655,4.480342622174802,-0.0011269418750844953
2023-12-12,-0.8885753607888077,0.998861153899192,-0.1777633650943926,4.502533390589605,-0.039480743322397566
2023-12-13,-0.888596249168972,0.9989238086020872,0.02857425491771437,4.564207923827247,0.006260506838118335
2023-12-14,-0.8886016586762563,0.9989965208068035,0.03328372314626904,4.5784497783141935,0.007269649064169545
2023-12-15,-0.8885997667941452,0.9990400470031638,0.01989548146133302,4.570723999161946,0.0043528074469123285
2023-12-18,-0.8886076915896444,0.9990996285909937,0.027374919170824796,4.596109023167743,0.005956107444979053
2023-12-19,-0.8886478256069731,0.999391169767727,0.13472141138498728,4.622638763885686,0.0291438328336397
2023-12-20,-0.8884685331225288,0.9998970263004759,0.23065696869895191,4.5564303232016625,0.050622296916169325
2023-12-21,-0.8883034978624024,0.9992215733394277,-0.31070433453368196,4.602651609009588,-0.06750550789581491
2023-12-22,-0.8883074505079009,0.99931056438519,0.04103158562099907,4.6114431376578455,0.008897775467711618
2023-12-25,-0.8883074504522218,0.9993105902134997,1.19100025131047e-05,4.611440124601605,2.582707829071865e-06
2023-12-26,-0.8882979390581117,0.9992173156051561,-0.04318645590893766,4.6313038619543265,-0.00932490227292358
2023-12-27,-0.8882935721443704,0.999117674330443,-0.04622786598054063,4.640113561573952,-0.009962658320125226
2023-12-28,-0.8882928373729925,0.9990354768234272,-0.03815533069382582,4.642241453633317,-0.008219161169215573
2023-12-29,-0.8882949370774401,0.9990060559104165,-0.013620242826902995,4.628968169509367,-0.002942392846124632
2024-01-01,-0.8882949370959273,0.9990060474338502,-3.923591066268273e-06,4.6289709862159025,-8.476162581169547e-07
2024-01-02,-0.8882734386857365,0.9991576235958848,0.06977975423893668,4.602428643015077,0.015161507032779015
2024-01-03,-0.8882694414152438,0.9991773312085102,0.008999757795209007,4.56484781277277,0.001971535123258007
2024-01-04,-0.8882801015153441,0.9990407615389176,-0.06215762056285712,4.550803574127417,-0.013658603266517692
2024-01-05,-0.8882848178773549,0.9992147576003416,0.07926774038185158,4.556232115900347,0.01739765191181171
2024-01-08,-0.8884435460744314,0.999693617510553,0.22101014196886126,4.618939214545447,0.04784867947014345
2024-01-09,-0.8884577970856095,0.9991235950486328,-0.26303959289975865,4.614538194655674,-0.05700236552476645
2024-01-10,-0.8884626597757922,0.99916009312084,0.016930818939727033,4.6404123199180205,0.003648559173730092
2024-01-11,-0.88846108667168,0.9992632853779859,0.04785842162755216,4.63788143126641,0.010319026550552423
2024-01-12,-0.888458029705455,0.9990983201332515,-0.07656738772971039,4.641854869733313,-0.016494998201895397
2024-01-15,-0.8884580298070136,0.9990982728772196,-2.193451223320153e-05,4.6418536419226335,-4.725377817840108e-06
2024-01-16,-0.8884751666035133,0.9988994228145075,-0.09199588700181494,4.625771575312214,-0.01988768479031646
2024-01-17,-0.888465824746275,0.9989665801603356,0.030898876898504568,4.599813311198253,0.0067174197751202645
2024-01-18,-0.8885268255407305,0.9992641791259981,0.13799500903729722,4.63925863546625,0.029745056242898728
2024-01-19,-0.8885060513395568,0.999194109091267,-0.03289119676799146,4.697292402646183,-0.007002160808525026
2024-01-22,-0.8885032795702668,0.9991381897192807,-0.02631949269209599,4.707431250649248,-0.005591051953964493
2024-01-23,-0.8884891489398626,0.9989411686022646,-0.0930154221777002,4.722058301563464,-0.019698067291312984
2024-01-24,-0.8884944215696882,0.9992721370411773,0.15639024077268004,4.72563853120466,0.03309399137068849
2024-01-25,-0.8884751908817206,0.9991236918516708,-0.07051798389750275,4.75199404662503,-0.014839661667418578
2024-01-26,-0.8884812648588304,0.9988958050251694,-0.1081792926834737,4.747042207677197,-0.02278877834886738
2024-01-29,-0.8884892739984663,0.9989397721781433,0.021026249258966345,4.7843523027055195,0.004394795351311429
2024-01-30,-0.8884897167394059,0.9989172214127624,-0.010780840494760469,4.780750488596364,-0.002255051904607082
2024-01-31,-0.8884364141872337,0.9990523959027622,0.06361301660746221,4.702304955302696,0.013528050012096105
2024-02-01,-0.888372297034154,0.9988457105400934,-0.09840952435820327,4.764710247790935,-0.02065383186812439
2024-02-02,-0.8884183278477397,0.9990388522152679,0.09292326630236403,4.813805995887126,0.019303492160206884
2024-02-05,-0.8884418384904902,0.9987457869767437,-0.14062013078597602,4.797698388632105,-0.0293099147539512
2024-02-06,-0.888453445707937,0.9989358863953142,0.09143439712948975,4.810685947833367,0.019006519677442237
2024-02-07,-0.8884914979793919,0.9991406715556442,0.09927174363645008,4.84973382168723,0.020469524160794724
2024-02-08,-0.8884886081419463,0.9989224968897578,-0.10586984596011462,4.8529133526705275,-0.02181572970015117
2024-02-09,-0.8884856658619548,0.9989000621383485,-0.010946894865526247,4.881014001975413,-0.002242750145993412
2024-02-12,-0.8884842616013479,0.9989978703929216,0.04771357408998256,4.878386743364345,0.009780605064754916
2024-02-13,-0.8885859878599844,0.9986755948408039,-0.15520195042927298,4.81291285746145,-0.03224698951045076
2024-02-14,-0.8886164002932582,0.9988246075867121,0.07232368576677572,4.85583860925622,0.01489417000575596
2024-02-15,-0.8886609867811138,0.9991232080570945,0.14589722847205167,4.887796318025538,0.029849285645148965
2024-02-16,-0.8886848470770737,0.9989100374476941,-0.1037160782701676,4.864532854737648,-0.02132087116425924
2024-02-19,-0.8886848471930355,0.9989099818303304,-2.705397423596878e-05,4.864536262539504,-5.561470359323708e-06
2024-02-20,-0.8886765353790982,0.9989733341827843,0.030653490887971202,4.837508241626015,0.006336628147566267
2024-02-21,-0.8886765886783815,0.9989761663652402,0.0013711811818097885,4.841871461765533,0.0002831923962950068
2024-02-22,-0.8885660263693319,0.9987422076484523,-0.11552905019863147,4.943070300043213,-0.02337192133351239
2024-02-23,-0.888567341833022,0.998861590610883,0.05904008198382371,4.945804539887228,0.011937407050293563
2024-02-26,-0.8885579771977596,0.9989681766342937,0.05252376477216103,4.927203144681307,0.010659955197678029
2024-02-27,-0.8885611919209367,0.9990522059459908,0.041470849252846165,4.935925880702375,0.008401837923657177
2024-02-28,-0.8885631133629671,0.9989895639228622,-0.030881104828324624,4.929722937186693,-0.006264267834481573
2024-02-29,-0.8885714531651101,0.9990978240022294,0.05354371321845974,4.946874666570868,0.010823745663153377
2024-03-01,-0.8885060573609631,0.9987947406278986,-0.1513083463513567,4.994741643988034,-0.030293528101394466
2024-03-04,-0.8885028256924014,0.9989076290364387,0.05631819498518098,4.988809539158619,0.011288904606023354
2024-03-05,-0.8884734975019395,0.999033956677227,0.06241225349560864,4.938440471890596,0.012638049167719378
2024-03-06,-0.8884305756414503,0.9986779897380565,-0.176691734932092,4.965186446508959,-0.03558612286479688
2024-03-07,-0.8884248247174797,0.9986519398054259,-0.013056253996637679,5.014502927869488,-0.0026036985488778826
2024-03-08,-0.8884140604985578,0.9987294099410992,0.03862036894258836,4.984060533756799,0.007748776059402666
2024-03-11,-0.8884189017585787,0.9983575657313929,-0.18523468664989196,4.981641601007103,-0.037183463100284926
2024-03-12,-0.888489831221336,0.9986646815987612,0.1545096884556756,5.033586818342145,0.03069574322084797
2024-03-13,-0.8884885737939971,0.9986980217031923,0.016755527612872356,5.0255197283464685,0.0033340885159325357
2024-03-14,-0.8884781033899666,0.9989037370212426,0.10316264429832245,5.014575063737046,0.020572559586223813
2024-03-15,-0.8882378322771706,1.000194284940687,0.6420991662260462,4.973793597771925,0.12909646401766306
2024-03-18,-0.8880637693246668,0.9990812224515712,-0.5573143860315213,5.008874869858307,-0.11126538404567628
2024-03-19,-0.8880336529121402,0.998844580618703,-0.11917965597388047,5.037834223961144,-0.023656922930697787
2024-03-20,-0.8880218787882272,0.9987867685697415,-0.029381858011447548,5.084629060373731,-0.005778564702080336
2024-03-21,-0.8880357848534429,0.9989967177769754,0.10706097119657443,5.100307011398295,0.020991083665613045
2024-03-22,-0.8880533338825188,0.9984385255773045,-0.2843180151960496,5.093499108217287,-0.055819783051961745
2024-03-25,-0.888026706931984,0.9988114437041474,0.18936832690127403,5.077560301461663,0.037295140905911274
2024-03-26,-0.8880139024784333,0.999073843316435,0.13296048971778873,5.066872381854526,0.02624113648371066
2024-03-27,-0.8879534233876444,0.9987553335532126,-0.1627210730533193,5.11100881605173,-0.031837368885429124
2024-03-28,-0.8879537359585316,0.998545455956658,-0.10726502673071536,5.111087862912949,-0.020986731124121607
2024-03-29,-0.8879537360555811,0.9985454063652707,-2.534537486553745e-05,5.111087839719339,-4.9589002694442485e-06
2024-04-01,-0.8879582577955805,0.9984252978985141,-0.06129063971411597,5.10282753968254,-0.012011113296987697
2024-04-02,-0.8879304470263196,0.9986141859558113,0.09577962040015109,5.069495581180986,0.018893323579510516
2024-04-03,-0.8879300901159504,0.9985984510821941,-0.007984888325836437,5.075136073201191,-0.0015733348250502948
2024-04-04,-0.887898149861885,0.9987131139818536,0.057506610257746615,5.012752435921024,0.011472062702649822
2024-04-05,-0.8878967768090282,0.9987071433684811,-0.0030226021867747477,5.065053371236081,-0.0005967562363586919
2024-04-08,-0.8878979504163779,0.9989963952651387,0.14653746717920058,5.066389039383544,0.028923453378746182
2024-04-09,-0.8878955745279251,0.9989040957255496,-0.04681603003280088,5.072707235621608,-0.009229002948179023
2024-04-10,-0.8879615209059463,0.9986038689512896,-0.15087811451684274,5.0235344073060535,-0.030034255224252245
2024-04-11,-0.8879686831596116,0.9986473518848479,0.021999019709141976,5.0611567084314695,0.004346638718475843
2024-04-12,-0.8879026223025792,0.9988550611541233,0.10371593004174429,4.990405407150571,0.02078306702159578
2024-04-15,-0.8879359849913929,0.9987382769869492,-0.05758861912033808,4.928602142039388,-0.011684574542774658
2024-04-16,-0.8879317148281745,0.9988311776733342,0.045701357158748124,4.91917216368493,0.009290456938289681
2024-04-17,-0.8879449652229293,0.9987337891029142,-0.04763968423657161,4.890602466173809,-0.009741066579439812
2024-04-18,-0.8879310106491081,0.9989857543457389,0.12294981396928506,4.879331851567807,0.025198084022462895
2024-04-19,-0.8879402267284788,0.998940631509438,-0.02183428991429537,4.837062793914995,-0.00451395626737838
2024-04-22,-0.8879332825609403,0.9989077121305735,-0.01606235735982864,4.8816873493207735,-0.003290328980626651
2024-04-23,-0.8878782881715364,0.998706237575507,-0.09947739850088055,4.94048626254481,-0.020135143225687352
2024-04-24,-0.8878791637818726,0.9986262681030611,-0.03949182697459719,4.938509890033696,-0.007996709099296291
2024-04-25,-0.8878354005790973,0.9990676560134172,0.21709024233939545,4.917616042939952,0.04414542340105309
2024-04-26,-0.8877636653409668,0.9987418853505932,-0.16168838240861305,4.965741966552093,-0.03256077007176423
2024-04-29,-0.8877614552831268,0.9987138075532714,-0.013989362054076082,4.983409766082707,-0.0028071867879074005
2024-04-30,-0.8877291082526786,0.9988016761976959,0.04312273592699967,4.904218839253896,0.008792987699048143
2024-05-01,-0.8877372402257704,0.9986924513748933,-0.053403802753507534,4.888853865817756,-0.010923583363147776
2024-05-02,-0.8877759398578197,0.9988792926451305,0.09213566052892475,4.93357608364287,0.018675228468533787
2024-05-03,-0.8877204693581962,0.9986825535004616,-0.09822143798311345,4.995584015596827,-0.0196616527069616
2024-05-06,-0.8876968681936114,0.998580303766899,-0.051584643021044485,5.047561984181812,-0.010219714623159033
2024-05-07,-0.8876917996618644,0.9983918836932834,-0.0952183850408801,5.0540494040757515,-0.01884001865199277
2024-05-08,-0.8876910079088871,0.9985840285675474,0.09709734802828507,5.053561778861939,0.019213646191963914
2024-05-09,-0.8877230449926635,0.9988513858841127,0.13581197572517567,5.081265253767449,0.026727983866711023
2024-05-10,-0.8877198230087059,0.9987405257135894,-0.056403387483840106,5.088352355687408,-0.011084803791309049
2024-05-13,-0.8877186361041288,0.9985311970212061,-0.10654365773768859,5.090099503337207,-0.02093154714713056
2024-05-14,-0.8877201347193053,0.9985463579838518,0.0077503882135374624,5.113330653515674,0.0015157220877567692
2024-05-15,-0.8877108867573597,0.9985119045299176,-0.017825273056701008,5.1767109654530525,-0.0034433587611243013
2024-05-16,-0.8876952560271673,0.9988056073928173,0.15169159953404687,5.164531524279437,0.02937180242213956
2024-05-17,-0.887686207330192,0.9985473963292819,-0.13356379372100946,5.173280797749072,-0.025818005815405172
2024-05-20,-0.8876858635640044,0.9985327629818076,-0.007578317639968191,5.179304902624995,-0.0014631920272018197
2024-05-21,-0.8876862627730651,0.9985405634798663,0.004049359317946255,5.19193951327403,0.0007799319132269194
2024-05-22,-0.8876880621615626,0.9985124703612409,-0.014545316711064515,5.177162579729597,-0.002809515151796569
2024-05-23,-0.8876859419643158,0.9985255069611049,0.006701756741676945,5.13936154642643,0.0013040056982052373
2024-05-24,-0.8876810370622007,0.9984912163765178,-0.01773431555386651,5.173485887314891,-0.0034279238293372163
2024-05-27,-0.8876810370772223,0.9984912084705708,-4.089923322680988e-06,5.1734731292188085,-7.905565991213652e-07
2024-05-28,-0.8876799537462702,0.9984184491461636,-0.037667792697675395,5.177458371552452,-0.007275344386087411
2024-05-29,-0.8876537428798921,0.9985829627052915,0.08458894042109932,5.1404312355569095,0.016455611707435872
2024-05-30,-0.8876735643575338,0.9984468635295496,-0.0695234806831877,5.107100759167707,-0.013613101436933032
2024-05-31,-0.8877228533980555,0.9987038610593776,0.13235389702629163,5.15221142467673,0.025688755005739316
2024-06-03,-0.8877251006455058,0.9988949950920182,0.09852983746543487,5.155398616995489,0.019111972668925645
2024-06-04,-0.8877143690498991,0.9985406718527897,-0.1829161139557982,5.162980829792951,-0.0354283930128661
2024-06-05,-0.8876862050100741,0.9984311646779909,-0.0571839579557718,5.224810162090639,-0.010944695822764666
2024-06-06,-0.8876861554550821,0.9984497740075179,0.009722149381900635,5.224585700728865,0.0018608459959886061
2024-06-07,-0.8876846405803478,0.9985013870317229,0.0269316786437912,5.217976103699659,0.005161326558145035
2024-06-10,-0.8876910526436144,0.9986039499213666,0.053667370042376206,5.233531508526549,0.010254523156102244
2024-06-11,-0.8876871816181378,0.9985288875626859,-0.03937553706680319,5.246501342468459,-0.0075051037818427676
2024-06-12,-0.8876649622153371,0.9984027483052677,-0.06670405383874822,5.29018102710326,-0.012609030484401648
2024-06-13,-0.8876610600869382,0.9983119928503957,-0.048105559129567155,5.301276930620111,-0.009074334308345604
2024-06-14,-0.8876624966996933,0.9985693506015749,0.136471557126697,5.3031265301938575,0.02573416952239083
2024-06-17,-0.887622362540108,0.9983350286144262,-0.1252335979571626,5.346515455120756,-0.023423405208193505
2024-06-18,-0.8876278080812968,0.9984452747722415,0.0590775099608436,5.35946583715927,0.011023022024179378
2024-06-19,-0.8876278080373458,0.9984452984612112,1.269540132398106e-05,5.359462418962547,2.368782600109837e-06
2024-06-20,-0.8876020726232118,0.9988270226556398,0.2039662890084628,5.342889152046692,0.03817527992889947
2024-06-21,-0.8875884798601651,0.9991855604461877,0.19124162021864777,5.333827243999666,0.035854483370039145
2024-06-24,-0.8876271839365754,0.9984989146038382,-0.36532792240939216,5.320180260541725,-0.06866833537933409
2024-06-25,-0.8876311196235763,0.9985490205654521,0.026753055610470255,5.340363868163002,0.005009594153304926
2024-06-26,-0.8876223357905688,0.9982621673235431,-0.15340804083928106,5.348547683776331,-0.028682186251159612
2024-06-27,-0.8876256664402888,0.9983771158240216,0.06156384021971917,5.356344728141584,0.011493629208790507
2024-06-28,-0.8876359120245714,0.9982531409819133,-0.06615945365081188,5.335969237931708,-0.012398769689395017
2024-07-01,-0.887631476922539,0.9981518511626133,-0.054157222886033196,5.3474764384882665,-0.010127622535414754
2024-07-02,-0.8876756748603956,0.9984855171106337,0.17951171789741238,5.381598065859199,0.03335658213426097
2024-07-03,-0.8876819736187591,0.9985554483761867,0.037790810167166455,5.405180912843588,0.006991590249526959
2024-07-04,-0.8876819735917092,0.9985554631483575,7.984229341673199e-06,5.40517388021185,1.477145697551596e-06
2024-07-05,-0.8876276931489783,0.9981282250970995,-0.23229158658170945,5.438615784965681,-0.04271152730145935
2024-07-08,-0.8876273903264368,0.9981147316929575,-0.007346394679075274,5.444941262953878,-0.0013492146791478626
2024-07-09,-0.887628086733726,0.9981544506085676,0.021645025246357363,5.450009105405035,0.003971557630039729
2024-07-10,-0.8876973538323196,0.9985111291837234,0.19616016744487297,5.501880812650009,0.035653292778327454
2024-07-11,-0.8877187916677766,0.9983908583045374,-0.06562791323722195,5.455172297249538,-0.012030401545760728
2024-07-12,-0.8877056519198364,0.9982899705747927,-0.05537204125153039,5.490078990716736,-0.010085836896911662
2024-07-15,-0.887703281629487,0.9982473577870717,-0.02345633004335923,5.505373051416845,-0.004260624997487243
2024-07-16,-0.8877017606697716,0.9982346470827792,-0.007037331495780563,5.538032405876116,-0.0012707277567234204
2024-07-17,-0.8877124440546384,0.9981980467982494,-0.019996078138660778,5.46073409394694,-0.003661793047353437
2024-07-18,-0.8876723546504631,0.9984373280263462,0.12966522128624547,5.417548600222071,0.02393429775247985
2024-07-19,-0.8876883103513634,0.9983227153747944,-0.06170038381799259,5.382266338968791,-0.011463643738933589
2024-07-22,-0.88766962227229,0.9982356134588133,-0.047345907132694265,5.438140846587083,-0.008706267172614338
2024-07-23,-0.8876658997765432,0.9983372006372881,0.055153084092239624,5.429050853329884,0.010158881466069105
2024-07-24,-0.8876902893994103,0.9982869076401024,-0.02671118313548959,5.306566532066118,-0.00503360939207702
2024-07-25,-0.8876819214514325,0.998359438158427,0.038292091651101146,5.278561758666356,0.007254266105389994
2024-07-26,-0.8876829903600972,0.9983639759181631,0.0024208492258139813,5.337558152372033,0.0004535499486292521
2024-07-29,-0.8876816079409087,0.9982570022418659,-0.05713281325552089,5.341235732321713,-0.010696553404259984
2024-07-30,-0.8876432083128868,0.9985853806168605,0.1744798506861116,5.3124805022355845,0.032843386552230625
2024-07-31,-0.8878440010823373,0.9992011523181529,0.33201109074036594,5.3953728736713975,0.06153626422383702
2024-08-01,-0.8881289614423516,0.9981907465648866,-0.5382448215293607,5.324474616464297,-0.10108881350753453
2024-08-02,-0.8880291765555558,0.9984333435431775,0.12683263312078452,5.224294062582877,0.024277468228516754
2024-08-05,-0.8880127964393825,0.9984583861233061,0.012718143992401565,5.072388622312807,0.002507328388928252
2024-08-06,-0.8879522885159514,0.9981679677052002,-0.14863983967262584,5.120498426322724,-0.029028392804208172
2024-08-07,-0.8879145294399287,0.9984095464844568,0.12287653262120557,5.085093642004435,0.02416406486720474
2024-08-08,-0.8878714260041574,0.998323861719824,-0.04453494310678252,5.202921206161933,-0.008559603603844475
2024-08-09,-0.887883114840735,0.9984522522626449,0.06706961195141048,5.22506328716557,0.012836133892608525
2024-08-12,-0.8878834538138344,0.9984914470935421,0.020488051827442177,5.227591179918191,0.003919214629129205
2024-08-13,-0.8878067660606723,0.9982744618430484,-0.1152347828051461,5.314578859455356,-0.021682768447424165
2024-08-14,-0.8877989433277563,0.998159012373886,-0.06154524410419526,5.331883468880383,-0.011542871194279656
2024-08-15,-0.8877968556634475,0.9981531555418849,-0.003173970547436511,5.4231577017034995,-0.0005852624470867806
2024-08-16,-0.8877956125702714,0.9981258824594497,-0.014821970783827965,5.435391831055153,-0.002726936943007958
2024-08-19,-0.8878433744240402,0.9983765366224592,0.13745086708684084,5.4858945337723455,0.02505532438523267
2024-08-20,-0.8878476558444363,0.9982458012182646,-0.07161338030891784,5.477688282555724,-0.0130736501631497
2024-08-21,-0.8878110888304913,0.997781219672734,-0.2554252023519439,5.499039998716256,-0.04644905336414584
2024-08-22,-0.8876996038106522,0.9984070219656762,0.3413151846980327,5.452539659300041,0.06259746944084554
2024-08-23,-0.8876574785569731,0.9982162172614303,-0.10511276613874543,5.511436067257807,-0.019071756409041293
2024-08-26,-0.8876302766494965,0.9986672030470265,0.24786798363891194,5.495815649061148,0.0451012187210565
2024-08-27,-0.8876139522908925,0.9982123956061311,-0.2503811985205857,5.505859110170772,-0.04547540965188624
2024-08-28,-0.8876080325273904,0.9982604408247585,0.026303040626885377,5.473690147099739,0.004805357979720896
2024-08-29,-0.887607928281307,0.9981898188959991,-0.03866036803378847,5.474570289577068,-0.007061808687960994
2024-08-30,-0.8876252069093755,0.9982796584803678,0.04962754866801333,5.526246859845853,0.008980335103849782
2024-09-02,-0.8876252068772329,0.9982796766322571,1.0030660405391245e-05,5.5262271039307,1.8151010113675254e-06
2024-09-03,-0.8877438861118645,0.9980023718232169,-0.15025034600625986,5.414257642010152,-0.0277508674209446
2024-09-04,-0.8877417933708478,0.9980479491791903,0.024625951579650973,5.402929281919268,0.004557888932964742
2024-09-05,-0.8877205279356306,0.9983992218846598,0.18927445509518748,5.387919091981222,0.03512941673101262
2024-09-06,-0.8877827308483661,0.9982260400438525,-0.09181526055931499,5.298360195264499,-0.017328995609127606
2024-09-09,-0.8877713526285613,0.9981778859555952,-0.025787302735921003,5.3578307407653565,-0.0048130118295296
2024-09-10,-0.8878209878449698,0.9988281330840142,0.34960850424772616,5.37759559711446,0.06501204821636664
2024-09-11,-0.8876999934191372,0.9982877302170297,-0.2936042797389291,5.435607885589938,-0.054014985245217625
2024-09-12,-0.8876900572364862,0.9982305972467993,-0.031306384321283076,5.481605060666353,-0.005711171084893413
2024-09-13,-0.8876994869273892,0.9983212670713569,0.04994396065876572,5.509666469854411,0.009064788391825368
2024-09-16,-0.8876933643044578,0.9981329447165981,-0.10392023417603014,5.518822555041203,-0.018830145948632384
2024-09-17,-0.8876935793894133,0.99816975217373,0.02031964377101758,5.520867640235439,0.0036805163780653585
2024-09-18,-0.8876920740455571,0.9981934428188083,0.013041099282986579,5.504392731331096,0.002369216718268742
2024-09-19,-0.8876543518209421,0.9980846098006924,-0.06089194931712427,5.5987931715852595,-0.01087590619102708
2024-09-20,-0.8876382134704603,0.9984488292668751,0.20349678120396675,5.587045493523422,0.03642296835417985
2024-09-23,-0.8876229937203158,0.9981700109240391,-0.15618592984390034,5.6025481598404365,-0.027877659484206663
2024-09-24,-0.8876201531891595,0.9981202863523496,-0.027935074549986894,5.618827094757788,-0.004971691436465371
2024-09-25,-0.8876122579856666,0.998279039548505,0.0889934141722506,5.6055612498257945,0.015875915043300305
2024-09-26,-0.8875853126322598,0.9979610774401148,-0.1789617363436946,5.62954274187608,-0.03178974644112117
2024-09-27,-0.8875714843133743,0.9983210711936228,0.20229687009975805,5.619359029777119,0.03599999021735078
2024-09-30,-0.8874970994848386,0.9975367196448868,-0.44276874388754095,5.646276543945942,-0.07841782818135025
2024-10-01,-0.8873985641528525,0.9980439473925858,0.28377344670536786,5.592940577371132,0.050737790394824976
2024-10-02,-0.8873986857733325,0.9980630523776697,0.010688931382446754,5.595191743557315,0.0019103780303426987
2024-10-03,-0.8873953718741572,0.9981444945467358,0.045482566522196066,5.584525246470379,0.008144392677057495
2024-10-04,-0.887394195443735,0.9981380210857586,-0.003646567448527094,5.635229951853148,-0.0006471018005801021
2024-10-07,-0.8874059409674693,0.9980744257241119,-0.035526158239122196,5.584720598178877,-0.006361313447033846
2024-10-08,-0.8873984774746647,0.9980351016575965,-0.022160956134143817,5.637677686221643,-0.003930866106145921
2024-10-09,-0.8874153404581131,0.9981604265757607,0.07111284746724778,5.675928842915304,0.012528847601042578
2024-10-10,-0.8874149039852073,0.9981721831735277,0.006661306809064627,5.665934947370306,0.0011756765425194823
2024-10-11,-0.8874027417756194,0.998070671441915,-0.05785038386306951,5.700388958182156,-0.010148497635417126
2024-10-14,-0.8873904289533494,0.997994535356931,-0.04374347733130435,5.7473621996320885,-0.007611052829436179
2024-10-15,-0.8873615787778575,0.9981743344604367,0.1025405134724906,5.701747054995839,0.01798405163951375
2024-10-16,-0.8873523815702495,0.9980682873270468,-0.0607218386646764,5.727098589727435,-0.010602548168734474
2024-10-17,-0.8873515547834064,0.9978641493153049,-0.11693879633969573,5.728754508711344,-0.02041260384990743
2024-10-18,-0.8873562083496516,0.9979277739855453,0.03658006530690727,5.750385686304766,0.006361323796771943
2024-10-21,-0.8873611409460068,0.9977694112103416,-0.09093003838643199,5.741865003625954,-0.01583632466611636
2024-10-22,-0.8873567470498115,0.9980228469444801,0.14540225109362837,5.737364876889104,0.025343037128304085
2024-10-23,-0.8873591018184122,0.998010091911386,-0.007253363270592672,5.685112587168212,-0.0012758521769584892
2024-10-24,-0.8873600916380069,0.9980342577021243,0.013766152128710019,5.697251379491929,0.002416279572683637
2024-10-25,-0.8873608453147707,0.9979132683092546,-0.06891244986809397,5.695974137982626,-0.012098448517973972
2024-10-28,-0.8873654328510585,0.9979919466471532,0.044942813567217854,5.713103799195894,0.007866619467607687
2024-10-29,-0.8873675655991875,0.9980654616127052,0.042060269925286775,5.721907681146593,0.0073507424916821554
2024-10-30,-0.8873546152432259,0.9982613706211142,0.1117440915112411,5.703507490766314,0.019592170553321627
2024-10-31,-0.8873364970544423,0.998306389812757,0.025190063962554632,5.591686698543732,0.004504913333058341
2024-11-01,-0.8873255272020484,0.9981793606829893,-0.07132408497955112,5.615941975382978,-0.0127002888014503
2024-11-04,-0.8873317458155797,0.9980333510113523,-0.08183579431522503,5.604681487235668,-0.014601328282722441
2024-11-05,-0.8873285746959764,0.9980202112733768,-0.007449820753436143,5.672421675902246,-0.0013133404353707866
2024-11-06,-0.8873258583037815,0.9980146169837769,-0.003249187094752415,5.813285445661211,-0.000558924402581585
2024-11-07,-0.8873145887219448,0.9979396220063129,-0.043922291858962126,5.858516417707292,-0.007497169714538574
2024-11-08,-0.8873102561579358,0.9978875842397241,-0.030613834222549485,5.884145008850456,-0.005202766787103756
2024-11-11,-0.8873126954943493,0.9980729734788039,0.10916100282804564,5.88864138724725,0.01853755317218848
2024-11-12,-0.8873153331935336,0.9980298778838227,-0.025301190127379414,5.870633366315132,-0.004309788833442416
2024-11-13,-0.8873119317032861,0.9977655793583158,-0.15526500137445964,5.875039011205369,-0.026427909853589934
2024-11-14,-0.8872863856869857,0.9979603075769653,0.11366683950529932,5.836189878619405,0.019476206543881002
2024-11-15,-0.8873101256451439,0.9978666820526029,-0.053969127006325834,5.7621236204927255,-0.009366186940937389
2024-11-18,-0.8873044657610317,0.9977962711850217,-0.040732628868681786,5.786099858555153,-0.007039738314999135
2024-11-19,-0.8873154220200661,0.9979601450668267,0.09513343014577913,5.806255795071378,0.01638464330602397
2024-11-20,-0.8873145762505584,0.9978434150944727,-0.06780285920308415,5.808893860651542,-0.011672249627828316
2024-11-21,-0.88733781567103,0.998079292354322,0.13768987386208664,5.838646527478266,0.02358249865171328
2024-11-22,-0.8873248326707334,0.9978723410959662,-0.12121106770018741,5.85791971322072,-0.020691828094985078
2024-11-25,-0.887348688711826,0.9982995834483076,0.2509781331807517,5.87523863803453,0.042717947072991154
2024-11-26,-0.887272387936604,0.9976205048114603,-0.4012299038231504,5.909882685235114,-0.06789134830468943
2024-11-27,-0.8872603682867045,0.9978082160364267,0.11058496247210314,5.890888244021276,0.018772205122773628
2024-11-28,-0.8872603682296373,0.9978082494283855,1.966988281765225e-05,5.8908906031426405,3.3390337968861395e-06
2024-11-29,-0.8873420254671406,0.9986046379893965,0.4715704338292426,5.922699787434894,0.07962085716883491
2024-12-02,-0.8872957054666515,0.9976876659246529,-0.5444914558852361,5.938742627402232,-0.09168463596534263
2024-12-03,-0.8872960228552492,0.9977383889024101,0.030133595999473073,5.941186134360203,0.005071983155888468
2024-12-04,-0.8873004452229977,0.9977764528035129,0.022748175479932797,5.9777914618484775,0.003805448153405223
2024-12-05,-0.8873021996929216,0.9977217897771854,-0.03262455278957077,5.968287823015369,-0.00546631693326878
2024-12-06,-0.8873050961163873,0.9978100069265,0.05273989538875412,5.979055439551981,0.008820773769695301
2024-12-09,-0.8873035589685508,0.9978252468261997,0.009066114334473241,5.948227310958445,0.001524170792493202
2024-12-10,-0.8873155517831692,0.9976169340719209,-0.12355611852296988,5.931006556153548,-0.02083223435232553
2024-12-11,-0.8873172212988432,0.9976283836677386,0.006841064014679432,5.97671859616672,0.0011446187242389286
2024-12-12,-0.8873003978438131,0.9977904545299123,0.09636300829731681,5.944997731570645,0.016209090843817376
2024-12-13,-0.8873004871067249,0.9977732417764437,-0.010230694105302973,5.943924417302346,-0.0017212019176290568
2024-12-16,-0.8873003515129128,0.9977715485801251,-0.0010105267044764332,5.96927426671066,-0.00016928803390923417
2024-12-17,-0.8872797642078754,0.9980122581025939,0.1430737800727684,5.943282958663201,0.02407319003114558
2024-12-18,-0.8874940761467492,0.9976463572607145,-0.21127707494622427,5.768655756645592,-0.03662501002990678
2024-12-19,-0.8874871193716258,0.9980709669277696,0.24475543604262384,5.7643777991870655,0.04245999213950568
2024-12-20,-0.8876822725484178,0.9989754805932002,0.526946702975124,5.828227968135149,0.09041285033051487
2024-12-23,-0.8875039313158362,0.99770124543772,-0.7478260974297655,5.870538018102037,-0.12738629664330833
2024-12-24,-0.8874728743101111,0.9975568728307134,-0.08567148711597383,5.936534936103248,-0.01443122765014986
2024-12-25,-0.8874728743517396,0.9975568475536063,-1.5005052432570665e-05,5.936510987872797,-2.5275877469482046e-06
2024-12-26,-0.8874669049521823,0.998102098417834,0.3235228127730352,5.9336623610860535,0.05452329321849381
2024-12-27,-0.887399048134423,0.9984206408132792,0.18702495678860487,5.869445141624479,0.03186416301300368
2024-12-30,-0.8874941845959653,0.9979844613660549,-0.25328986928400354,5.805128264641343,-0.04363208834278057
2024-12-31,-0.8874737187647935,0.9982439516559983,0.15006413837454602,5.782541127604447,0.025951244455171493
2025-01-01,-0.8874737186812424,0.9982439995640877,2.770171931842924e-05,5.782543770618044,4.790576676511427e-06
2025-01-02,-0.8874894285726065,0.9978804971299366,-0.20976275151633672,5.770464152659803,-0.03635110555528708
2025-01-03,-0.8875585979205323,0.9981720286851878,0.17019898974501757,5.8407995627847615,0.029139673073093873
2025-01-06,-0.8875048725927321,0.9977217098191152,-0.26458527480940575,5.877015368023804,-0.045020347615387424
2025-01-07,-0.8875135709075569,0.9976828091567602,-0.022612404824144505,5.810921879039143,-0.0038913627295026633
2025-01-08,-0.8875213012949544,0.9980920575588338,0.23804021538342113,5.817011163726635,0.0409213956589559
2025-01-09,-0.8875213011668718,0.9980921322104265,4.3422798285064346e-05,5.8170099434939795,7.464796984510997e-06
2025-01-10,-0.8876075263367086,0.997805841976757,-0.16412241739305955,5.730017735038469,-0.028642567088312455
2025-01-13,-0.8876100027466327,0.997896526230956,0.052032713235803385,5.738359731711819,0.009067523764370455
2025-01-14,-0.8876096738738597,0.9978838398405989,-0.007289289896334594,5.746312632509599,-0.0012685160663023528
2025-01-15,-0.8876004695985001,0.9978578743308404,-0.015181880991008256,5.8508395762582746,-0.0025948209300787842
2025-01-16,-0.8876083104268948,0.9976334325729376,-0.13109462851355147,5.8408693939078455,-0.022444369095170325
2025-01-17,-0.8877056937501819,0.9981664563813638,0.314170693851338,5.896270570281745,0.0532829506561002
2025-01-20,-0.8877056935927907,0.9981665509883525,5.57799511398116e-05,5.896251849270881,9.460238905281708e-06
2025-01-21,-0.8877189251935305,0.9982430526665328,0.04550038374952692,5.949685254700385,0.007647527861004175
2025-01-22,-0.8876820918894142,0.9979148950338683,-0.1963560227943617,5.985028245368929,-0.03280786902656596
2025-01-23,-0.8876685680562034,0.9977857160951801,-0.0777275819056058,6.018412602113835,-0.012914963968788997
2025-01-24,-0.8876662960201505,0.997824803079024,0.02345572538945362,6.000629212371582,0.003908877645879972
2025-01-27,-0.8877151435824684,0.9976453777737493,-0.1062088221428894,5.91697504254984,-0.017949851297179065
2025-01-28,-0.887727857799883,0.9977240254194543,0.046915853185282685,5.967261419837441,0.007862208454504204
2025-01-29,-0.88774706261237,0.9974945339192667,-0.13637399670199102,5.9419080354532765,-0.022951212958580866
2025-01-30,-0.8877799059639245,0.9978418849677649,0.20738286511868864,5.971671645302544,0.03472777430450665
2025-01-31,-0.8877712557635116,0.9979235388381908,0.0485041164647555,5.939453393605122,0.008166427657632402
2025-02-03,-0.8877891456668912,0.9977856900112363,-0.08134969294962957,5.900372817928773,-0.013787212344013547
2025-02-04,-0.887791953508647,0.9978077511817703,0.013100305050329553,5.93976280805954,0.002205526630213924
2025-02-05,-0.8877879001034137,0.9977552949977576,-0.03127974462199745,5.964108604690531,-0.005244663820742164
2025-02-06,-0.8877740649909921,0.997554134672275,-0.12039455733452087,5.98600573365841,-0.020112669898987964
2025-02-07,-0.8877651341348313,0.9976038553288537,0.029496796108333,5.9310104632865235,0.004973317159178991
2025-02-10,-0.8877945683624593,0.9978410491858037,0.14156321876816946,5.969808721207906,0.023713191725098715
2025-02-11,-0.8877941580566979,0.9978107131102638,-0.018122977781104055,5.974511247827849,-0.0030333824859218434
2025-02-12,-0.8877872942450157,0.9979151331508613,0.0621824236724251,5.954674051227443,0.010442624254069352
2025-02-13,-0.8877644820184476,0.9978019951667031,-0.06806136577358757,6.018131562896302,-0.01130938482521844
2025-02-14,-0.8877645679276107,0.9977366957045335,-0.03929664122017584,6.018208014420613,-0.006529624952479982
2025-02-17,-0.8877645679461058,0.99773668457589,-6.69712346734741e-06,6.018207997643423,-1.112810236862839e-06
2025-02-18,-0.8877642197845549,0.9977302675852392,-0.0038726731804672454,6.0358866850366155,-0.0006416079993794238
2025-02-19,-0.8877691640618753,0.9978517622524319,0.07348746897605452,6.049337353939967,0.012148019638579376
2025-02-20,-0.8877899026822487,0.9975776548682976,-0.1651857359506721,6.025865058400525,-0.027412783782867878
2025-02-21,-0.8877269938667102,0.9977643968400869,0.11064358120302131,5.921890752628592,0.01868382680884634
2025-02-24,-0.8877064226309579,0.997981857805784,0.12817891798010805,5.89369570813212,0.02174847910848991
2025-02-25,-0.8877160567792716,0.9978826473967923,-0.05819379908666633,5.8650226517141935,-0.009922178061777443
2025-02-26,-0.8877168732456112,0.9980512555055269,0.09891630054130474,5.866990265821685,0.01685980307783096
2025-02-27,-0.8877272603482118,0.9980186506350973,-0.01883451663093183,5.7737154070918875,-0.0032621137868689
2025-02-28,-0.8876751427453482,0.9978488251180833,-0.09953918169253484,5.864674056568096,-0.016972670728573006
2025-03-03,-0.8877887313631441,0.9975189366332314,-0.1902510404381701,5.7639960726005715,-0.03300679564001396
2025-03-04,-0.8877275971489028,0.9977679135715765,0.14183291923825436,5.694468120933813,0.024907140794563926
2025-03-05,-0.8876799346698422,0.9975481937410321,-0.1264345187857998,5.756841705730776,-0.021962479645729664
2025-03-06,-0.8875955070963275,0.9977781830636011,0.13010265127877574,5.653532868661563,0.023012628439812482
2025-03-07,-0.8876398832607554,0.9982107610801649,0.2457632825347673,5.682690507102604,0.04324769793948765
2025-03-10,-0.8879426620867686,0.9976538201951918,-0.3085374658901401,5.534750312396593,-0.05574550765173376
2025-03-11,-0.8879028342651573,0.9978744035494507,0.12108039869144704,5.487575173834068,0.022064462874018434
2025-03-12,-0.887924999791832,0.9980872063983046,0.1173424002702177,5.515471777316039,0.02127513384309607
2025-03-13,-0.8879517056512855,0.9979922678683504,-0.05169533779974245,5.442609151703443,-0.009498263858164921
2025-03-14,-0.8878956241817002,0.9978611285912088,-0.07279490730331872,5.555593499986747,-0.013102993821180828
2025-03-17,-0.8879732077169054,0.998394289705476,0.29822625092288035,5.595305790562343,0.05329936594813128
2025-03-18,-0.8880557153467442,0.998016401342867,-0.20930972884934818,5.537032056823729,-0.03780179105002634
2025-03-19,-0.8880674084988115,0.9980694198076054,0.02966077180326465,5.5969417348700246,0.005299460528322518
2025-03-20,-0.8880985580953105,0.9974182060676369,-0.3636767094055813,5.584406026031015,-0.06512361524401117
2025-03-21,-0.8880939120990087,0.9980280695823168,0.3404636855187846,5.582832594202411,0.060984039871148026
2025-03-24,-0.888088015741147,0.9980117144123583,-0.009287788603842273,5.6827598759446,-0.0016343799151461484
2025-03-25,-0.8880984031098617,0.9982603657354734,0.14158730775409367,5.694925079456741,0.024862014122861854
2025-03-26,-0.8882404757560508,0.9976512446962527,-0.34309025932748227,5.63050482823416,-0.060934191479076014
2025-03-27,-0.8882073498641194,0.9981497638078964,0.27982630589769997,5.61277352076677,0.049855264044124915
2025-03-28,-0.8881716113232591,0.9982338808841926,0.04629358573731679,5.499525417601837,0.008417741936267641
2025-03-31,-0.8881618816988487,0.998163848595278,-0.038763294051818775,5.536748083342176,-0.007001094048046319
2025-04-01,-0.8881265211437136,0.9976406251582172,-0.2906135071116296,5.555258317627823,-0.052313230185797345
2025-04-02,-0.8881572915667038,0.9978903713129411,0.13954362710558144,5.588949673145624,0.02496777306406522
2025-04-03,-0.8896466643608305,0.9964570190802005,-0.7642402599657316,5.321914425446591,-0.14360250820861328
2025-04-04,-0.8872104673193999,0.9982097808884763,0.8791248887736742,5.002357027523212,0.17574213194633775
2025-04-07,-0.8871728408293597,0.9988553933121816,0.32217495176485045,4.989896577633914,0.06456545676896933
2025-04-08,-0.8874109245840609,0.9981811083292929,-0.3316482835038528,4.915249765507077,-0.06747333285710225
2025-04-09,-0.9053834935555114,1.0070545205392027,4.757971463613899,5.383673943674092,0.8837777906673928
2025-04-10,-0.9123982541380696,0.9980799106106442,-4.667810592464775,5.193676245803946,-0.8987488575623045
2025-04-11,-0.9119942405756899,0.9970878813166404,-0.5244797923041915,5.2913467747265,-0.09912028348043792
2025-04-14,-0.9122139215459361,0.998303968004326,0.6486509319546485,5.336020755529907,0.12156079626984746
2025-04-15,-0.9122326183799551,0.9979639912985684,-0.1809756360432857,5.322900821592658,-0.03399943792098239
2025-04-16,-0.9121733547224685,0.9980834362665564,0.06221782277418697,5.204247219099144,0.011955201233687143
2025-04-17,-0.9121818096723512,0.9985028727615555,0.2184830692108335,5.209439603009998,0.041939841107783385
2025-04-18,-0.9121818094896564,0.9985029681581917,4.969389533471258e-05,5.2094383037103125,9.539204120973877e-06
2025-04-21,-0.9124593497266007,0.9979782318934818,-0.2672700529776648,5.088424049558428,-0.05252511393991592
2025-04-22,-0.9128884685168857,0.9987535739934125,0.4040016757342073,5.216531193181004,0.07744642191775142
2025-04-23,-0.9127076066193625,0.9982306954881744,-0.2769228151951211,5.299902424668457,-0.05225054972827058
2025-04-24,-0.9126519624462169,0.9981064924531438,-0.06715760462975595,5.411915282258316,-0.012409212104615952
2025-04-25,-0.9126496461514779,0.9980911583094969,-0.00835581091723725,5.450960274277364,-0.0015329062214354484
2025-04-28,-0.9126492547055445,0.9980380323721646,-0.02896933516262834,5.4533111678898285,-0.005312246866308583
2025-04-29,-0.912639909424126,0.9979670966258992,-0.038918044970614574,5.487992507765345,-0.007091490178885396
2025-04-30,-0.9125887643048095,0.9965554895254427,-0.7760003839001683,5.4979318647044515,-0.1411440525267192
2025-05-01,-0.9127529209036391,0.997971913577131,0.7829298485750087,5.528964597660313,0.1416051477172273
2025-05-02,-0.9127978535141682,0.9981219218974945,0.08410564813459587,5.610055939506527,0.014991944651089164
2025-05-05,-0.912816243910104,0.9979645315267048,-0.08781870168888872,5.578790645662596,-0.01574153024673297
2025-05-06,-0.912845193543113,0.9977965338592109,-0.09298045951686618,5.5331880359183225,-0.016804138755684733
2025-05-07,-0.9128633874373867,0.9980222541744163,0.1253664810895998,5.555161848114188,0.022567565899481036
2025-05-08,-0.9129451805479698,0.9986588606630404,0.3557768653564608,5.590231206331326,0.06364260300245161
2025-05-09,-0.9129540034005283,0.998162629979816,-0.27718335484132695,5.585885845996422,-0.049622094414978585
2025-05-12,-0.9128227740896976,0.9979641201427409,-0.11442798282155309,5.77140370722951,-0.019826716103435227
2025-05-13,-0.9127345303147752,0.9973413594206505,-0.3618990375832709,5.81293462468364,-0.06225754476001297
2025-05-14,-0.9127413202809598,0.9980383579510351,0.40536560914472375,5.816272161842052,0.06969508954621231
2025-05-15,-0.9127379177459822,0.9980026392266068,-0.020872526077937437,5.844842193163634,-0.00357110173177144
2025-05-16,-0.9127150381645688,0.9978209621290406,-0.10684962257300867,5.882866147172615,-0.01816285121910551
2025-05-19,-0.9127112930432552,0.997657647259868,-0.09618770386578035,5.890242744429346,-0.016330006765298284
2025-05-20,-0.9126846166013418,0.9980145505566548,0.20946017260541794,5.8683732882934905,0.035693055352027284
2025-05-21,-0.9127530071709337,0.9978100434811974,-0.11808056116740318,5.770873247027019,-0.020461471966696676
2025-05-22,-0.9127533137918387,0.998049662864881,0.13829488706824122,5.77175012176904,0.02396065043540968
2025-05-23,-0.9128053906099775,0.9976521132542802,-0.22802369842884218,5.73471192344324,-0.0397620144608645
2025-05-26,-0.9128053907419619,0.9976520386208738,-4.279805580154061e-05,5.734714660303553,-7.462979125673745e-06
2025-05-27,-0.9129007914685214,0.9978889027753722,0.13851793540789004,5.852383569228516,0.02366863582493278
2025-05-28,-0.9128869398532578,0.9980056663321583,0.06794160357469536,5.817843834069885,0.011678141509543867
2025-05-29,-0.9128852785418125,0.9979839820147167,-0.012663269330005278,5.840901060293477,-0.00216803352758196
2025-05-30,-0.9128865048817129,0.9979300522186051,-0.03146596832789328,5.834688459313929,-0.005392913185906964
2025-06-02,-0.91286579194297,0.9977461121877638,-0.1079202779382058,5.868582394356087,-0.018389496932341706
2025-06-03,-0.9128749949987711,0.9978312690107282,0.05024326678505986,5.901480472767926,0.008513671614589727
2025-06-04,-0.9128750010385783,0.9978303944232102,-0.0005159770203135849,5.899895516493795,-8.745528100813234e-05
2025-06-05,-0.9128904982190402,0.9976644583334521,-0.0974550279191817,5.872411250028482,-0.016595402428382214
2025-06-06,-0.9129197349042294,0.9978143988198385,0.08890654131573683,5.931731067422481,0.014988296048015111
2025-06-09,-0.9129189524652017,0.9977677616442622,-0.02768780088240419,5.937326165917888,-0.0046633450999106025
2025-06-10,-0.9129101317867433,0.9976871562035331,-0.04812147906250175,5.971414430477567,-0.00805863997931445
2025-06-11,-0.9129106689207143,0.9976776913695152,-0.00563604886781377,5.954461891946766,-0.0009465253065833472
2025-06-12,-0.91293304300985,0.998003284068552,0.19454617058670465,5.976138752302758,0.03255382424173821
2025-06-13,-0.9129513584106277,0.997919449391858,-0.04956157890103441,5.9099426065479985,-0.008386135399372916
2025-06-16,-0.9129027608519615,0.9976600279203479,-0.15475617861784485,5.96763423819999,-0.025932584411293237
2025-06-17,-0.912943953754252,0.9974080464289073,-0.14916153267915888,5.918210630061394,-0.025203822912536575
2025-06-18,-0.9129434317165339,0.9974910581030844,0.04911458452284023,5.916828803650284,0.008300829067851321
2025-06-19,-0.9129434316917796,0.9974910727394012,8.65963784235646e-06,5.916829042084804,1.4635605965226982e-06
2025-06-20,-0.9128821617689169,0.9984207422598332,0.5483022605137648,5.897460871930219,0.0929725982792841
2025-06-23,-0.9127530915771755,0.9977823166786898,-0.3803155812440764,5.959435640405294,-0.06381738207985942
2025-06-24,-0.9127770653707308,0.9978976739178599,0.06946859593017507,6.024451230720077,0.011531107692587594
2025-06-25,-0.9127748257404399,0.99771912908166,-0.10763469107905621,6.028876455544867,-0.01785319236058696
2025-06-26,-0.9127664154952972,0.9976623548792484,-0.03448754130135967,6.076316741980594,-0.005675731329653884
2025-06-27,-0.9128125261469573,0.9982272184683235,0.34467136791704434,6.102987479981418,0.05647584384657688
2025-06-30,-0.9127307314266445,0.9974361465384978,-0.48537175615012984,6.136978716578805,-0.07908969194221209
2025-07-01,-0.912730326546293,0.9974832226880288,0.028878716154054018,6.134697125896068,0.004707439595045344
2025-07-02,-0.912738094004879,0.9975784434298546,0.05866300024990778,6.161875954678505,0.009520315027660844
2025-07-03,-0.9127729007510553,0.9978263748863483,0.1538930443400659,6.208815867241101,0.024786214896794573
2025-07-04,-0.912772900688019,0.9978264145764303,2.464158831116947e-05,6.208802854473337,3.968814743959155e-06
2025-07-07,-0.9128431082513723,0.9972918941812188,-0.32963434379439605,6.165918307542196,-0.05346070566507262
2025-07-08,-0.9128388669882047,0.9975458299188728,0.15644554100856567,6.160980352004975,0.025392962169998385
2025-07-09,-0.9128444996717556,0.9975973906908586,0.031947718911737866,6.197548682519242,0.005154895999744117
2025-07-10,-0.9128399951810474,0.9975115421831121,-0.05335208718497597,6.215525748663053,-0.008583680503045442
2025-07-11,-0.9128163610545481,0.9978340364070697,0.19969242629974815,6.191706380290951,0.03225159819196151
2025-07-14,-0.9128100861716242,0.99766492834184,-0.10491235471988603,6.204556528438115,-0.016908920764768312
2025-07-15,-0.9128005397043218,0.9977789151113128,0.07041992164465682,6.177379863009938,0.011399642438427707
2025-07-16,-0.9127823296797017,0.997502670606926,-0.1712366733389672,6.199718119748579,-0.02762007401489916
2025-07-17,-0.9128082721817345,0.9977443119840709,0.150655690647568,6.2360836353705045,0.02415870271416222
2025-07-18,-0.9128112156502902,0.9974259695675584,-0.19843168094325847,6.233504926168429,-0.031833083200149034
2025-07-21,-0.9128174748447022,0.9976375865436696,0.13212014647967862,6.243980335230472,0.021159603231646295
2025-07-22,-0.9128173095461639,0.9977644439920433,0.07920687414843997,6.244077292680659,0.012685120704909705
2025-07-23,-0.912760940606769,0.9974146089665369,-0.2203042938233466,6.299327076828885,-0.03497267107048662
2025-07-24,-0.9127605929387359,0.9973530938130012,-0.03876317144863606,6.301782007143245,-0.006151144454806105
2025-07-25,-0.9127833351333734,0.9976795509244955,0.20649275000528178,6.3262904221044725,0.03264041582469603
2025-07-28,-0.9127835131453271,0.9976476335914511,-0.020186544799457806,6.324902115335806,-0.003191597977542147
2025-07-29,-0.9127952087122759,0.9973889903493173,-0.16320422756723474,6.3098825817704505,-0.025864859678805988
2025-07-30,-0.9127914877367419,0.9975255662664301,0.08605701847830005,6.301088358323589,0.013657484800164842
2025-07-31,-0.9127645448255054,0.9978743885151875,0.21891217374491134,6.275298217522485,0.03488474430324984
2025-08-01,-0.9128332830258038,0.9976489749159886,-0.1392324923524484,6.174031905286547,-0.02255130755531565
2025-08-04,-0.91281589773448,0.9975869161204688,-0.038879611021116034,6.268123705148937,-0.0062027510703368
2025-08-05,-0.9128389960276656,0.9973330076824046,-0.15840183995499046,6.237949252403001,-0.025393255627074948
2025-08-06,-0.9128722653460445,0.997579603110566,0.15492168813250373,6.284107248702593,0.024652935095034956
2025-08-07,-0.9128756153298194,0.997294145670071,-0.17927961566488193,6.280636512225344,-0.028544816328076258
2025-08-08,-0.9129050273236687,0.9975086365384213,0.1356969466165765,6.328175748755408,0.02144329614158783
2025-08-11,-0.9129046817295351,0.9975177319151656,0.005744340426417693,6.315612790992897,0.0009095460118470322
2025-08-12,-0.9129143064269086,0.9975682130925155,0.03220787609109266,6.382429607078985,0.005046334714819216
2025-08-13,-0.9128980605013806,0.9973180047340863,-0.1602546615930578,6.405830712224614,-0.025016999167217238
2025-08-14,-0.9128979996969911,0.9973795076042209,0.03939693457323301,6.4060249339178705,0.006149981459584826
2025-08-15,-0.9129016120741069,0.9972944392669535,-0.05437309144383562,6.391596562599984,-0.008506965499355241
2025-08-18,-0.9128991521346093,0.9975404294881632,0.1571485463650788,6.38863306151906,0.024598148751356325
2025-08-19,-0.9129115913728982,0.9974137785531062,-0.0804929829117782,6.354839245763714,-0.012666407409980783
2025-08-20,-0.9129104768247923,0.9974358095448467,0.013963302257934629,6.337843963158606,0.0022031628325187903
2025-08-21,-0.9129149641613411,0.9973752896749764,-0.038207803333534684,6.312845518528459,-0.0060523900389124405
2025-08-22,-0.9129124737981429,0.9973662729392035,-0.005776652267627469,6.409716131405064,-0.0009012337128822548
2025-08-25,-0.9129112145061049,0.9973816738347582,0.009828715980574998,6.381418607705307,0.0015402086251961621
2025-08-26,-0.9129200034519972,0.9975038240783057,0.07825263589950282,6.407314360778023,0.01221301648293105
2025-08-27,-0.9129158656144226,0.9974038789502321,-0.06418259167082851,6.422528714651525,-0.009993352232806785
2025-08-28,-0.9129117946740238,0.9973395920584401,-0.0414308662905114,6.445651390821536,-0.00642772371299944
2025-08-29,-0.9129223181994708,0.9972419110096709,-0.06260036750302334,6.407898418612768,-0.009769250917147896
2025-09-01,-0.9129223182226291,0.9972418963231708,-9.410504844709067e-06,6.407900934035248,-1.4685783912054003e-06
2025-09-02,-0.9129001518073513,0.9974006311081745,0.10096416345447778,6.35948401689988,0.015876156491025473
2025-09-03,-0.9129034354706815,0.9974348003290227,0.021842280097303046,6.393681087194074,0.0034162292112209073
2025-09-04,-0.9129188168092365,0.9975394926268706,0.06746935678791033,6.446352266836071,0.010466284496274498
2025-09-05,-0.9129299679976851,0.9973153424233833,-0.14411320532360605,6.429143821167575,-0.022415613856563897
2025-09-08,-0.9129262885384236,0.9972320357381174,-0.05368847502347762,6.445452656389106,-0.00832966711348946
2025-09-09,-0.9129266313205793,0.9972406423586878,0.005559481713589776,6.460272624038881,0.0008605645670281416
2025-09-10,-0.912927900302115,0.9972661344726926,0.016513582942366156,6.4787512030970005,0.002548883638944533
2025-09-11,-0.9129233603338746,0.9972351737574887,-0.0202201232882544,6.532711657792963,-0.0030952113528741974
2025-09-12,-0.9129232518267666,0.9972492547690174,0.009195135855975423,6.530423924080447,0.0014080457812346687
2025-09-15,-0.9129318061258153,0.997343335105297,0.061747447613129225,6.5645207413309485,0.009406238482020548
2025-09-16,-0.9129331405960022,0.9972898385686839,-0.035071023003183655,6.555840652572756,-0.0053495844181966935
2025-09-17,-0.9129360279917521,0.9971531805455108,-0.08949028182007623,6.548606388876748,-0.01366554599648584
2025-09-18,-0.9129301210648427,0.9970813213628531,-0.04727234217557452,6.579634389414218,-0.007184645738314824
2025-09-19,-0.9129440170988653,0.9972497608515805,0.11133650561123432,6.611051181436977,0.016840968638066757
2025-09-22,-0.9129367050902392,0.9971614130901943,-0.058677851024981464,6.642864706216246,-0.008833214828246018
2025-09-23,-0.9129456475350273,0.9970678318107303,-0.06183846465899023,6.607374977478679,-0.009359006393577996
2025-09-24,-0.9129344709406843,0.9972513602868492,0.12086176356831402,6.585175822722181,0.018353612237850953
2025-09-25,-0.9129369936656709,0.9972208768653348,-0.019983534641596634,6.555047140085086,-0.0030485722245068773
2025-09-26,-0.9129533219328254,0.9973902329487176,0.11160768847003055,6.591429210836921,0.016932244115818944
2025-09-29,-0.9129530360682179,0.9973842776137914,-0.0039359621803214395,6.609958044490385,-0.0005954594800495279
2025-09-30,-0.9129499356460354,0.9973367938549852,-0.031501367749342535,6.6351323989858795,-0.004747662270334988
2025-10-01,-0.912924672569734,0.9969469701425772,-0.2595958113323604,6.660306463990492,-0.03897655651971678
2025-10-02,-0.912927290010224,0.997114165179789,0.111457976787392,6.666843224639382,0.0167182537569602
2025-10-03,-0.9129269181679193,0.9972181378875362,0.06930554319899329,6.666048736093816,0.010396795154486837
2025-10-06,-0.912921211646496,0.9971266926537306,-0.06117286471715033,6.690533643690472,-0.009143196637960201
2025-10-07,-0.91292399269821,0.9970841743261958,-0.028344257172534526,6.666046632449479,-0.004252034036869505
2025-10-08,-0.9129246164949967,0.9970903047404995,0.004110032958578813,6.705700477130471,0.0006129162751297824
2025-10-09,-0.9129288603748129,0.9970060804052742,-0.05632101954188329,6.686860508059232,-0.008422640112501715
2025-10-10,-0.9128443418503303,0.9971792682831985,0.11274264826818126,6.505339097675459,0.017330787307992503
2025-10-13,-0.9128542619604861,0.997216314979731,0.024457065681303902,6.604736882591199,0.0037029583639838805
2025-10-14,-0.9128562685292794,0.997122331171817,-0.06200247704350659,6.597267575423199,-0.009398205595674855
2025-10-15,-0.9128725135706445,0.9973465800813534,0.14854147543007912,6.625024122136687,0.022421273144311492
2025-10-16,-0.9129149172506001,0.9969790700796414,-0.24193990456865322,6.582399999146901,-0.036755576172825925
2025-10-17,-0.912922660184925,0.9970590722458301,0.05294435271855491,6.619179367760617,0.007998627892820935
2025-10-20,-0.9129317958222083,0.997110258056522,0.03421991237826205,6.687575206225743,0.005116938699456465
2025-10-21,-0.9129305522703369,0.9973320585861335,0.14828882146912292,6.68596933114163,0.022179105844597494
2025-10-22,-0.9129602717540637,0.9969881474690118,-0.22884140287987975,6.653559141683723,-0.03439383313604545
2025-10-23,-0.9129839083899115,0.9972309947725688,0.16246500036959333,6.691329907114176,0.024279926804514847
2025-10-24,-0.912975399682209,0.9971704473419692,-0.04083667809936742,6.7463401786534964,-0.006053160234727153
2025-10-27,-0.9129572282820707,0.9970801280150858,-0.061634316868776295,6.826428863037611,-0.009028778898217417
2025-10-28,-0.9129624200665502,0.9972049449206941,0.085410775385526,6.843653514793934,0.012480289249140596
2025-10-29,-0.9129619907226851,0.9971489614082439,-0.03833130415694086,6.8473184956977375,-0.005598002222479491
2025-10-30,-0.9129911154353262,0.9969939660809658,-0.10500495536143717,6.773184491933927,-0.015503040775943108
2025-10-31,-0.9130079912857703,0.9973402367192964,0.23519296245569876,6.793009529307686,0.03462279295222313
2025-11-03,-0.9129990546104024,0.9970850926265804,-0.17367091197149875,6.807478055668067,-0.025511784327662466
2025-11-04,-0.913072263854612,0.9967197196788992,-0.24593397274088602,6.7293803541714565,-0.036546302898220744
2025-11-05,-0.9130912035111598,0.9970844579804816,0.24617380417180357,6.750194855349751,0.036469140439213066
2025-11-06,-0.9130645757069177,0.9972237970895386,0.09305791814665554,6.67695149632925,0.013937186483654326
2025-11-07,-0.9130599762620372,0.996990521617816,-0.1559338979526501,6.685079154719731,-0.023325662171488164
2025-11-10,-0.9130708821100574,0.9970316097347431,0.027882154999588238,6.788977741022863,0.004106973989781762
2025-11-11,-0.9130814094520492,0.9973593881538201,0.22294026803660927,6.802224986380794,0.032774609555398924
2025-11-12,-0.9130798993986582,0.9972159203422782,-0.09765176486109794,6.806981456363399,-0.014345825016139825
2025-11-13,-0.9131594152327289,0.9969374570275977,-0.1865312341203662,6.696087360506195,-0.0278567503794134
2025-11-14,-0.9131591906667592,0.9969810940109965,0.029212344604161444,6.694691115910609,0.004363508950358495
2025-11-17,-0.9131500112547498,0.9970363224360463,0.03663510478475018,6.632054385946837,0.0055239451688422645
2025-11-18,-0.9131656575311599,0.9969309638227146,-0.06930804552223435,6.5771485046811,-0.010537704215269932
2025-11-19,-0.9131714540982043,0.997020047197888,0.058803387492503134,6.601931680354093,0.008906997275886569
2025-11-20,-0.9131531998165775,0.9970861651946942,0.04299960597768404,6.501042787584941,0.006614262877918679
2025-11-21,-0.9131566173230615,0.9971057072907162,0.012826396539367124,6.565573311398867,0.001953583629490281
2025-11-24,-0.9131391694878639,0.9970378584539902,-0.04518440152082803,6.662514548436595,-0.0067818841058187055
2025-11-25,-0.913137405976608,0.9970269560442706,-0.007329860379741149,6.7251340455937765,-0.0010899203391408357
2025-11-26,-0.9131368757225711,0.9970224421313026,-0.003055909575550686,6.7715101998765315,-0.0004512892228393019
2025-11-27,-0.9131368757234587,0.9970224415237653,-4.113737759325886e-07,6.771499786695635,-6.075076259189123e-08
2025-11-28,-0.9131236338361244,0.9968822009917435,-0.09547669301718997,6.809366883763521,-0.014021375943899829
2025-12-01,-0.913113051457189,0.9970108606616052,0.08720452445845694,6.777443567606644,0.012866875775293538
2025-12-02,-0.9131169023766463,0.9971486029102369,0.09350516562210487,6.789044043546902,0.013772950215425848
2025-12-03,-0.9131115822701441,0.9970589811431505,-0.06105199300316144,6.813129581222204,-0.008960932310964407
2025-12-04,-0.9131098903788942,0.9969312481811248,-0.08709460768113786,6.818972799824076,-0.012772394059613324
2025-12-05,-0.9131118211548238,0.9969959040999272,0.04416524495206886,6.83146187274956,0.006464977156389079
2025-12-08,-0.9131131519842233,0.9969705529269897,-0.017267495496071206,6.811141094766414,-0.002535183936996887
2025-12-09,-0.9131140831047246,0.9969093790259042,-0.041631876441215354,6.805691155542671,-0.006117215061589982
2025-12-10,-0.9131354293209277,0.9971068214590155,0.13520794742851194,6.849408441088119,0.019740091219765596
2025-12-11,-0.9131317547165801,0.9970142491532952,-0.06355276051237979,6.865952549054787,-0.009256219010882749
2025-12-12,-0.9131363113751634,0.9969897320066433,-0.016656761917261065,6.7924118929090245,-0.002452260283957453
2025-12-15,-0.9131368585370705,0.9969695827490795,-0.013665685458249754,6.782301534097341,-0.002014903847837919
2025-12-16,-0.9131342590803487,0.9970220429238856,0.035481941120451665,6.763443803245312,0.005246135275556858
2025-12-17,-0.9131458074578787,0.9969620661355656,-0.04013125407016105,6.689547518715341,-0.00599909843795651
2025-12-18,-0.9131420921819973,0.9969334357560221,-0.01929266611159619,6.740183849488638,-0.0028623352926878814
2025-12-19,-0.9131733186489671,0.9971408674505392,0.14100987881431593,6.799762285427759,0.020737471825523573
2025-12-22,-0.913159695781518,0.9970136076667462,-0.08706469660114635,6.842922636421138,-0.012723320316051587
2025-12-23,-0.9131596458943915,0.9970129530619041,-0.00044991187098730734,6.8741490564617855,-6.544982765021433e-05
2025-12-24,-0.9131602549737456,0.9970234663243086,0.007251292804085097,6.898217055056532,0.0010511836241467285
2025-12-25,-0.913160254971779,0.9970234676879295,9.406086292074178e-07,6.8982128761517325,1.3635540771135929e-07
2025-12-26,-0.9131599408943843,0.9970950790701195,0.04938829985326265,6.897018972608032,0.007160818325919003
2025-12-29,-0.9131691316709267,0.9969403446884889,-0.10636115503484689,6.873544235837248,-0.015473990038545422
2025-12-30,-0.9131636191406413,0.9971532692234439,0.14614305722909648,6.863698582639192,0.0212921729399286
2025-12-31,-0.9131863863745959,0.9969717582972166,-0.1237010745076077,6.814167466291373,-0.01815351253392842
2026-01-01,-0.9131863864104169,0.9969717341635428,-1.6444290281469875e-05,6.814169506036188,-2.413249372047914e-06
2026-01-02,-0.9131865508816139,0.996977250144139,0.003765183565519692,6.8266038730474605,0.0005515456346288449
2026-01-05,-0.9131807110028641,0.9969254262194709,-0.03560756890965422,6.872362416961202,-0.005181270536864243
2026-01-06,-0.9131810902285388,0.9969292552176995,0.0026465225099627787,6.913140016515259,0.0003828249541655927
2026-01-07,-0.9131792077117401,0.9969624622163684,0.02288250727747254,6.890651663372048,0.003320804532771089
2026-01-08,-0.9131791594876348,0.9969765559695618,0.009709948059935414,6.889857737012537,0.0014093103849987004
2026-01-09,-0.9131860103209739,0.9970394291404426,0.04359292247818303,6.934922880034956,0.006285999604073938
2026-01-12,-0.9131838768404041,0.9969585472137931,-0.056178420021637976,6.946352207972897,-0.008087470709757188
2026-01-13,-0.9131855622012282,0.9969094637475175,-0.034028653764494265,6.932822949642846,-0.004908340226148037
2026-01-14,-0.9131904638729219,0.9968509637442261,-0.040363201826380646,6.899204117241821,-0.0058504142130697155
2026-01-15,-0.9131939336454845,0.9969312510247577,0.055531683304138824,6.917411056758195,0.008027813129579064
2026-01-16,-0.9131919673470814,0.9970434274110518,0.07752135630119028,6.910842924152032,0.011217351798037319
2026-01-19,-0.9131919673260684,0.9970434419093417,1.0019051046583627e-05,6.910843695047522,1.449758016342277e-06
2026-01-20,-0.9132240604064402,0.99695222114668,-0.06179455854578464,6.771021402123791,-0.00912632745872022
2026-01-21,-0.9132586992808768,0.997132175157507,0.123187731621897,6.847807979721843,0.017989367106479654
2026-01-22,-0.9132523802469797,0.9970608231818009,-0.049109799489656325,6.883996919683105,-0.007133907824571925
2026-01-23,-0.9132521502480409,0.9970185729707061,-0.029095052444858993,6.886774970035241,-0.004224771764933987
2026-01-26,-0.9132346265513248,0.9968189638282685,-0.13816637063064263,6.92308427810625,-0.019957343444103912
2026-01-27,-0.9132354529163018,0.9968315922432813,0.008776140821851186,6.950532893548938,0.0012626572604233937
2026-01-28,-0.9132354912446504,0.996660060597972,-0.11922603611787963,6.9510254999477805,-0.01715229445191581
2026-01-29,-0.9132224808067588,0.9969821857807322,0.22339582020629223,6.935010698586226,0.032212757833500354
2026-01-30,-0.9132236904517725,0.9969587205387155,-0.01622548047203054,6.914522537056236,-0.0023465800256019295
2026-02-02,-0.9132165995112279,0.9968740338549023,-0.05884235448297659,6.949440410939404,-0.008467207574058824
2026-02-03,-0.913201523790686,0.9969766642465101,0.07072439018588739,6.890055389592961,0.010264705606389257
2026-02-04,-0.9132099011018628,0.9968750750768541,-0.06966892709419881,6.857432007470156,-0.01015962345938025
2026-02-05,-0.913153772667246,0.9971279938237146,0.17127866507394174,6.770211501218998,0.02529886474641191
2026-02-06,-0.9130486158393499,0.996808770297087,-0.2202145945683469,6.90214179742936,-0.03190525506884889
2026-02-09,-0.9130521093984413,0.9968528416892705,0.030558510662672234,6.935018480008011,0.00440640652231354
2026-02-10,-0.9130448440982435,0.9970022172313893,0.10330588991678269,6.915715138126523,0.014937846318633707
2026-02-11,-0.9130451816802698,0.9969154750226658,-0.059977108468387996,6.9147226518851035,-0.008673827062613557
2026-02-12,-0.9130465471823479,0.9969103669919847,-0.0034787876969630815,6.808109134339655,-0.0005109770757663542
2026-02-13,-0.913047245555487,0.99698533030591,0.0510645427327745,6.812379488123626,0.007495845294848586
2026-02-16,-0.9130472455408629,0.996985340276285,6.791864961996907e-06,6.812378885036123,9.969887284037774e-07
2026-02-17,-0.9130481155913164,0.9970192515941992,0.023136049841127715,6.823122423544715,0.0033908302394357725
2026-02-18,-0.9130407007503679,0.9969331353722791,-0.05904833690635769,6.858037463055091,-0.008610092497227783
2026-02-19,-0.91304977765434,0.9967220933264095,-0.14438444555469232,6.841418969898101,-0.02110445891268706
2026-02-20,-0.9130746399695244,0.9969329189152786,0.14521306612471108,6.88937092789322,0.02107784116206927
2026-02-23,-0.9130878964386809,0.9968574798695663,-0.051457336463158754,6.819638721553478,-0.007545463706241178
2026-02-24,-0.9130799851808952,0.996793492384871,-0.043946483208628706,6.869579537912135,-0.0063972595362052275
2026-02-25,-0.913095750288483,0.9969065611240645,0.07829908224505289,6.926671153735615,0.011303998776212366
2026-02-26,-0.9130987897232057,0.9968747173392053,-0.021937400070669355,6.8884627941611845,-0.003184658279531391
2026-02-27,-0.913130880201294,0.9964546574030297,-0.2881083350944209,6.858327363836028,-0.04200854228884096
2026-03-02,-0.9131310058948467,0.9969190437806439,0.3185074331911437,6.859026098917543,0.04643624744938774
2026-03-03,-0.9131284733370982,0.9969355063912099,0.01119415545326774,6.798552505037814,0.0016465498273305571
2026-03-04,-0.9131116966570706,0.9967976912962662,-0.09434575544469226,6.8473997075397595,-0.013778333305240958
2026-03-05,-0.9131134699269813,0.9967794474110498,-0.012424122365018775,6.809393377688687,-0.001824556414338908
2026-03-06,-0.9130788263650427,0.9969281435423442,0.09994272051187636,6.719288929944598,0.014874002525249409
2026-03-09,-0.9130696394175528,0.9968673557992296,-0.041193455244638244,6.7784780799325155,-0.006077094999626871
2026-03-10,-0.9130630757545032,0.9970674426725767,0.13538302487927467,6.766228490784003,0.020008639238783356
2026-03-11,-0.9130666964317241,0.9968876839838994,-0.12149576673118645,6.758968856528285,-0.017975488467273724
2026-03-12,-0.9130108170152706,0.9970924210320786,0.13630418809805178,6.655141621640573,0.02048103494219123
2026-03-13,-0.9130155383830936,0.9970457235467912,-0.030906783180967068,6.617836092561809,-0.004670224941911918
2026-03-16,-0.9130286714802024,0.9971204345851298,0.04992546150265298,6.684592708353366,0.007468736493139499
2026-03-17,-0.9130213997318484,0.9969666997796514,-0.10303840341498471,6.703166085423215,-0.015371602329689139
2026-03-18,-0.9131033168360978,0.9966301306063275,-0.22261061207814237,6.612019521361593,-0.033667567277886806
2026-03-19,-0.913080159921166,0.997065395298499,0.28697278673132587,6.592866943204905,0.04352776860256541
2026-03-20,-0.9130118436497949,0.9973228930993996,0.16735186608900676,6.496841651528632,0.02575895720801981
2026-03-23,-0.9129504926966105,0.9970031906592448,-0.20987780984307847,6.567061910894625,-0.0319591641880055
2026-03-24,-0.9129591833341145,0.9968560802129681,-0.0963022557577915,6.545997441373246,-0.014711624411754859
2026-03-25,-0.9129793331242363,0.9970703697821537,0.14099664854870753,6.5810099185242725,0.0214247737496686
2026-03-26,-0.912997169388709,0.9970155167032257,-0.03547320465906978,6.464039443877605,-0.00548777663983287
2026-03-27,-0.9130041746553973,0.9969933861321596,-0.014068346927501807,6.35414427840364,-0.002214042727250791
2026-03-30,-0.9130106260587086,0.9968888091424157,-0.06623784593512028,6.333588811354791,-0.010458185383991106
2026-03-31,-0.9131286856716885,0.9971168238046668,0.1484460141323325,6.515985882469625,0.022781819483634294
2026-04-01,-0.9131415946037319,0.9972149289829262,0.06438247171888634,6.564260489651165,0.009808031204792685
2026-04-02,-0.9131308756205171,0.9967483995540072,-0.3066338411877041,6.573225585894926,-0.04664891493237209
2026-04-03,-0.9131308757216934,0.9967483329081663,-4.38056649727514e-05,6.573224133334069,-6.664258525828223e-06
2026-04-06,-0.9131552602389476,0.9970653959271122,0.20929444229830096,6.602148789897683,0.03170095812117323
2026-04-07,-0.9131509505918546,0.9967203905552887,-0.22794043820181287,6.607330018077347,-0.034498116119246115
2026-04-08,-0.9133021062334404,0.9970687117238896,0.23575363111729075,6.773047154428822,0.03480761697681878
2026-04-09,-0.9132861843931416,0.9969108365734548,-0.10753983993356542,6.813066558869439,-0.015784351878019902
2026-04-10,-0.9132871996057345,0.996821203797216,-0.061030367309626854,6.80916821666269,-0.008962969538669888
2026-04-13,-0.9132230072410916,0.9964479778310232,-0.25663415031146997,6.878195816061016,-0.0373112596928708
2026-04-14,-0.9132912496453727,0.9967918361968666,0.2392261535861735,6.95947547917396,0.0343741643033374
2026-04-15,-0.9132909172237513,0.9967892965215062,-0.0017809815913096827,7.014313954980931,-0.0002539067402372246
2026-04-16,-0.9132997432044175,0.9970378391990937,0.17470177161851552,7.02976131527516,0.024851735895911754
2026-04-17,-0.9132677862851183,0.996878808995296,-0.11312372842701279,7.11574425631464,-0.015897666407364872
2026-04-20,-0.9132744798590507,0.9966621833832942,-0.15386924916072076,7.103055441665113,-0.021662402951010955
2026-04-21,-0.9132413053673394,0.9969497053681926,0.20285780071230874,7.054587799419882,0.028755443475944872
2026-04-22,-0.913199266268779,0.9967021392818767,-0.17640635891905276,7.127706612436872,-0.024749385533244007
2026-04-23,-0.9131945310269836,0.9967729485054375,0.050273646284040296,7.099563637574231,0.00708123046013258
2026-04-24,-0.9131889538649357,0.9967289399482092,-0.031480120418109436,7.154825567032625,-0.004399844569679065
2026-04-27,-0.9131894748313653,0.9967485413109208,0.01404702096112942,7.166982034155148,0.0019599631887154993
2026-04-28,-0.9131839053292836,0.996815801043739,0.047970598156098276,7.1316754393400945,0.006726413528506995
2026-04-29,-0.913184075638479,0.996759603515352,-0.04007246940909681,7.130979411405198,-0.005619490268756829
2026-04-30,-0.913166927747641,0.9966543340740958,-0.0758001647546962,7.202598967702653,-0.010524001835253293
2026-05-01,-0.9131702555075394,0.9967326792082278,0.05657408705837952,7.221931753146887,0.007833650191131743
2026-05-04,-0.9131726828335616,0.9966926649725559,-0.028794407507007236,7.195798900467494,-0.004001558118187062
2026-05-05,-0.913205093302507,0.9969528909295143,0.18866205137794623,7.251558687642776,0.026016758534884526
2026-05-06,-0.9131006107971791,0.9964956541956591,-0.3362016301005042,7.355589260570769,-0.04570696081450531
2026-05-07,-0.913086370490951,0.9967556595720185,0.19061780404058482,7.331126128880806,0.026001162807668836
2026-05-08,-0.9130951114447632,0.9968233873618519,0.05004674616361626,7.391075301961058,0.0067712401942837015
2026-05-11,-0.91309043482305,0.9966966288874094,-0.09390353826370301,7.408816521928688,-0.012674566576964945
2026-05-12,-0.91308987400738,0.9967183530269277,0.016070055713043985,7.397444060651258,0.0021723794842227174
2026-05-13,-0.9130915040865738,0.9967371042748915,0.013946023250468897,7.438639221028222,0.001874808393858518
2026-05-14,-0.9131011392345258,0.9968164472797865,0.059468192891131366,7.496684230858934,0.007932599407927548
2026-05-15,-0.9130801957313875,0.9969241582876441,0.07978574959895468,7.40582457558522,0.010773378276064536
2026-05-18,-0.9130798748472192,0.9969489018673882,0.018310718679686033,7.400436341245961,0.0024742755474609192
2026-05-19,-0.9131100280361698,0.9966573980423198,-0.2143726886552031,7.353364494317682,-0.029153007282701645
2026-05-20,-0.9130982984668,0.9965851386152114,-0.05366820804329109,7.429175281754289,-0.007223979245058024
2026-05-21,-0.9131015116389462,0.9966988431721027,0.0846230107571273,7.443022108942806,0.011369442347276194
2026-05-22,-0.9130990669883837,0.996658963809435,-0.02979604895006105,7.4725438564313045,-0.003987403690433592
2026-05-25,-0.9130990669942531,0.9966589594014295,-3.293737677267927e-06,7.472539331217973,-4.407789014248079e-07
2026-05-26,-0.9131093793583017,0.9967609801463745,0.07671869879050064,7.521314007861936,0.010200172298391947
2026-05-27,-0.9131088097192203,0.9964036073640656,-0.26882661193599233,7.5227012368907635,-0.035735383271329024
2026-05-28,-0.9131254348596728,0.9966077132651419,0.1543324834779014,7.5625984371001875,0.02040733548945101
2026-05-29,-0.9131257606327795,0.9966164475919967,0.006621127657354009,7.5813426942807185,0.0008733449897138821
2026-06-01,-0.9131307083029059,0.9967434880711848,0.0965534415034881,7.600989511599794,0.012702746314297483
2026-06-02,-0.9131305418796004,0.9967351081704403,-0.00637775158088516,7.611359241552482,-0.0008379254451776863
2026-06-03,-0.9130573783431168,0.9973429386216703,0.45916950047626415,7.553415361950227,0.06078965321956166
2026-06-04,-0.912989018238755,0.9963964644561111,-0.7181856273734866,7.589124874999826,-0.09463352352250008
2026-06-05,-0.9128156628765932,0.9968092489650175,0.30522476323017145,7.3904975917934035,0.04129962285206625
2026-06-08,-0.9128120382506498,0.9967092816341464,-0.07404756649873434,7.407918702334122,-0.009995731523808851
2026-06-09,-0.9128273135939983,0.9963495562408378,-0.265798125582819,7.388867423094254,-0.03597278315646244
2026-06-10,-0.9127680840582824,0.996576544663521,0.1650916906060047,7.270900680132475,0.022705810169723947
2026-06-11,-0.9128547916672856,0.9969043908873095,0.24224030797006435,7.391896925469583,0.0327710613949985
2026-06-12,-0.9128447097364558,0.9967877096606043,-0.08671056500202212,7.432656245520834,-0.011666161078588397
2026-06-15,-0.9128019327570733,0.99663280195497,-0.1171342970491196,7.564739833144346,-0.015484246601040311
2026-06-16,-0.9128217599911566,0.9964160148947352,-0.16306365907962572,7.52130135085122,-0.021680245408751114
2026-06-17,-0.9128162680279958,0.9964434344522158,0.02036980838704494,7.427311097141848,0.0027425548924271638
2026-06-18,-0.9128605583669828,0.9967242701648045,0.21063648179074335,7.502320743340351,0.028076176558796268
2026-06-19,-0.9128605583264702,0.9967243009566888,2.3099873715182184e-05,7.502304361558247,3.0790371333834133e-06
2026-06-22,-0.9128624229217741,0.9966873290579567,-0.027651763536141516,7.4790044231730155,-0.003697251929744157
2026-06-23,-0.912926315130562,0.9964090296487769,-0.20523282892872885,7.372617167037527,-0.02783717427324329
2026-06-24,-0.9129240944140604,0.9965967004734437,0.13826752746911097,7.367812143207253,0.018766429542667776
2026-06-25,-0.9129160740776183,0.9982522269474398,1.2194419886915284,7.366212848132027,0.1655453098943187
2026-06-26,-0.9127218847566454,0.9996338009127292,1.0090948182152033,7.3029157607162105,0.1381769763309223
2026-06-29,-0.9119038571869172,0.9969391214453618,-2.004758856999615,7.443153526942447,-0.26934267172413745
2026-06-30,-0.912046319380989,0.9983868551326138,1.0841701256194938,7.490113766522931,0.14474681685947052
2026-07-01,-0.9120412701952695,0.996759056831476,-1.2195127201558762,7.4922051141234665,-0.16277086673147634
2026-07-02,-0.9120477240407372,0.9963418338678771,-0.3123030368300306,7.485504782310736,-0.04172103898297481
2026-07-03,-0.9120477241022203,0.9963417879056055,-3.440339401095116e-05,7.485505456132291,-4.596001460765371e-06
2026-07-06,-0.9120812993648719,0.9965976998554784,0.1931394514421072,7.548814370983356,0.025585402150635695
2026-07-07,-0.9120711624690901,0.9967274663654567,0.09748583286943813,7.512001968754307,0.01297734389247024
2026-07-08,-0.9120885103299596,0.9963315995688503,-0.2965779457607596,7.491803480001655,-0.03958698950825844
2026-07-09,-0.9121446503345453,0.9967845066939328,0.34194839077667893,7.551713001692734,0.04528090390882577
2026-07-10,-0.9121601635007294,0.9970349508516461,0.1898690889639738,7.582304198731266,0.025041080387640514
2026-07-13,-0.9122012326364655,0.996681012168469,-0.26643727744635726,7.5270014165361685,-0.035397532523511646
2026-07-14,-0.9122100022754653,0.9968511204288798,0.1284572804323716,7.55240511727416,0.01700879103248302
2026-07-15,-0.9121855624792635,0.9964822829087456,-0.27972826350026025,7.585104735716755,-0.03687862900337754
2026-07-16,-0.9122003819623502,0.9963047144015481,-0.13399057668505066,7.545399633995307,-0.017757916503370455
2026-07-17,-0.9121476130561496,0.9966280909941468,0.24155125999686788,7.468406152136499,0.032343080314099805
2026-07-20,-0.9121412963611543,0.9968366500555306,0.15547516417188945,7.454806028380391,0.020855695450692702
2026-07-21,-0.9120717840065092,0.9963323762176421,-0.37916058443624934,7.52071696190319,-0.050415483837102024
2026-07-22,-0.9120673645947669,0.996527015582798,0.1461809527800142,7.510502970326928,0.019463537043731577
2026-07-23,-0.9120545471525835,0.9965913092116991,0.0476996097160054,7.4174117279446605,0.006430762032030652
2026-07-24,-0.912054792817173,0.9966081963784986,0.012537515042367886,7.424810052206483,0.001688597412487613
2026-07-27,-0.9120546847408463,0.9965687118535684,-0.029322406940877954,7.4267092662234,-0.00394823681522528
2026-07-28,-0.9120595770281344,0.9967107338593519,0.10570249698957923,7.443410101945517,0.014200815962290093
2026-07-29,-0.9121707940213111,0.996251959109828,-0.3364867905321489,7.332420693285565,-0.045890273431838983
2026-07-30,-0.9122390396832636,0.9965139662193189,0.19520114550493872,7.45324297103276,0.0261900955414433
2026-07-31,-0.9122730188025003,0.9968310440068633,0.237901904192654,7.504413852537871,0.03170159706906349
2026-08-03,-0.9121761409661566,0.996403859573473,-0.3251617953550294,7.614426672063693,-0.04270338521323008
2026-08-04,-0.9122590230243681,0.9967117199505212,0.23846876551829155,7.749128371885235,0.03077362434509212
2026-08-05,-0.9122634055243712,0.9965633959184688,-0.11472409029761366,7.73478984640003,-0.014832218143717142
2026-08-06,-0.9122635466440446,0.9965579069301279,-0.004238792441356054,7.722490842901096,-0.0005488892803612148
2026-08-07,-0.9122769136474956,0.9967070852097661,0.11586972645238802,7.7684966582694965,0.014915334529885613
2026-08-10,-0.9122772476961214,0.996398203795608,-0.23994542184368584,7.768589306286365,-0.030886614336726657
2026-08-11,-0.9122752208930635,0.9964381244060797,0.030912942518739328,7.743488767750218,0.0039921207928245925
2026-08-12,-0.9122741114461189,0.9964084364311552,-0.02304476019719459,7.7630922148942805,-0.002968502699604789
2026-08-13,-0.91229093603794,0.9965735242299032,0.1290073680571595,7.8158955186488575,0.016505769268453728
2026-08-14,-0.9122952190167491,0.9964262802142924,-0.11487215141949036,7.801586244274944,-0.014724204517227155
2026-08-17,-0.9122888142524229,0.9965119823862697,0.0665429557520838,7.7640873665351835,0.008570608831489667
2026-08-18,-0.9122789351424215,0.9966047150163231,0.07151230424210553,7.710990444617312,0.009274075069309025
2026-08-19,-0.9122726481332069,0.9964183228803022,-0.14404125550936442,7.728593665887254,-0.01863744708757803
2026-08-20,-0.9122866703899318,0.9963100506570942,-0.0829960813011894,7.664593997200055,-0.010828503288172683
2026-08-21,-0.9122988980395723,0.9965192903386146,0.16097473490333414,7.694297660298336,0.02092130328333211
2026-08-24,-0.9123034602281656,0.9964181787084531,-0.07757846211370634,7.672493013986171,-0.010111245715348157
2026-08-25,-0.9123008595221674,0.996364807500447,-0.04107722751712117,7.697396611790095,-0.005336509158720394
2026-08-26,-0.9123007334483227,0.996546844536049,0.1401195313342214,7.697693501163846,0.018202794293256306
2026-08-27,-0.9122926652955643,0.9964663112814743,-0.06239148491818014,7.748699113170803,-0.008051865739906018
2026-08-28,-0.9122929532394389,0.9964583042412122,-0.006190369346541047,7.731189988600916,-0.0008007007143361243
2026-08-31,-0.912295836630358,0.9963960587802997,-0.04798293362557615,7.7085908510835495,-0.006224605061096411
2026-09-01,-0.9122814070054476,0.9965275030153372,0.10062587207869456,7.654693546409438,0.0131456434498145
2026-09-02,-0.9122753454557838,0.9964389875616628,-0.06805260875614749,7.689298878070701,-0.008850300896773357
2026-09-03,-0.9122161726319257,0.9960781630701077,-0.2803770136077901,7.772506820655088,-0.03607291959689257
2026-09-04,-0.9121980150972446,0.9963590488475508,0.2174236736406101,7.740388752276671,0.028089503072653756
2026-09-07,-0.912198015059661,0.9963590777881165,2.2400027432922798e-05,7.74039073074468,2.893914301244552e-06
2026-09-08,-0.9121393541042699,0.9969736087448168,0.4728051905102575,7.693191589099669,0.061457612882040505
2026-09-09,-0.9121784229648114,0.9963611493316714,-0.4692935510613552,7.662192971289571,-0.06124794204737598
2026-09-10,-0.9121767732174606,0.9963787865333392,0.013435042939249797,7.616895783320795,0.0017638475464859808
