Date,alpha,beta,spread,spread_std,zscore
2018-01-02,4.098181213433169,0.560337255150135,-0.3245275375059933,31.677680691323562,-0.01024467481278958
2018-01-03,4.105067902209354,0.5619157430905501,0.07368563817520624,0.4290235316411575,0.17175197335524744
2018-01-04,4.104556946643044,0.5627383306287994,0.03369640289360376,0.4200958008822783,0.08021123472987621
2018-01-05,4.109876635964649,0.5653187126196938,0.11469074646724309,0.41638233081256887,0.2754457573726158
2018-01-08,4.1170553138914086,0.5667771709198242,0.0699575935852117,0.4123489175110136,0.16965630468362553
2018-01-09,4.129024328945716,0.5683664037562174,0.08119306006606664,0.4075378275588906,0.19922827913277316
2018-01-10,4.1309841400870795,0.5668392247452123,-0.06001004225991835,0.4117697586840109,-0.14573688570939863
2018-01-11,4.1331962993251725,0.5658104769266747,-0.039437447833741146,0.413736272139861,-0.09532025710428782
2018-01-12,4.121425002189044,0.5678077790018515,0.06783506177343668,0.42310937007609617,0.16032512293744888
2018-01-15,4.120708575466591,0.5682291873070394,0.016732448600912164,0.42027293326482035,0.03981329102240518
2018-01-16,4.119445181736349,0.568545143125347,0.011707579623450926,0.42624292627468946,0.027466918280084376
2018-01-17,4.114424427578387,0.5670711806254267,-0.0686741777673241,0.41923533530978524,-0.1638081811891613
2018-01-18,4.116634663393919,0.567418335945898,0.01740063424725946,0.41467042507569235,0.04196256399062753
2018-01-19,4.116366993761346,0.5669409492976123,-0.02021215033261825,0.4163468009934044,-0.04854642880500586
2018-01-22,4.116455966887206,0.5667862957968914,-0.006323774347322342,0.4172114251587359,-0.015157241547055772
2018-01-23,4.108683296969874,0.5691869304716954,0.09041300861055745,0.42198665165401306,0.21425561272181448
2018-01-24,4.093620085570496,0.5724053074446189,0.11672182626570304,0.4278794450744345,0.2727913846046004
2018-01-25,4.130173980534426,0.5766520737016658,0.22642105931672774,0.41595219513265125,0.5443439461703522
2018-01-26,4.129957618635793,0.5795073523372796,0.11921363813462449,0.41936352677915406,0.2842727860723209
2018-01-29,4.1406681168294694,0.5804357758833044,0.052653021684527346,0.409543530030836,0.12856514100116026
2018-01-30,4.145743494576963,0.5812070521241631,0.038322105806496864,0.4066753100503492,0.0942326835670263
2018-01-31,4.146223138366929,0.5809969585255624,-0.007966023070927974,0.41217740421236043,-0.019326685523070913
2018-02-01,4.1463683347564215,0.5804625719999411,-0.021738037974003532,0.41066899695162956,-0.05293323366351888
2018-02-02,4.139428096069469,0.5799740180523651,-0.029185055420807515,0.4005691579079696,-0.07285896790764095
2018-02-05,4.127657768778667,0.5744393395456024,-0.23842133074141003,0.4018779379757042,-0.5932680254665385
2018-02-06,4.098234755238306,0.5713082883633447,-0.16500385722487465,0.39502675800166787,-0.4177029881711911
2018-02-07,4.078215428061396,0.5670154698877641,-0.19707472810446802,0.39353669471405145,-0.5007785315869081
2018-02-08,4.075323329524386,0.5618629739899936,-0.20707798800584243,0.3945309757724264,-0.5248713047192758
2018-02-09,4.1180619653472466,0.5678966645361855,0.2956038905462819,0.3887852417094373,0.7603269333129794
2018-02-12,4.14891164884123,0.561996143771365,-0.19011518814703976,0.39989442267827613,-0.47541345256518275
2018-02-13,4.164997521109901,0.5572461547635283,-0.1667668499152981,0.39995504395504955,-0.41696398741764795
2018-02-14,4.127079511890764,0.5618839226671613,0.13689076603317574,0.4153441883345332,0.3295839207046253
2018-02-15,4.130080375552762,0.5609562169908623,-0.03391476513396441,0.41081395892940714,-0.08255504565216637
2018-02-16,4.14193721299782,0.5624525346510907,0.07667053902683207,0.4016525123032239,0.19088773673336407
2018-02-19,4.142834111022778,0.562943265571172,0.02098640753579417,0.4026521802243981,0.05212043685966992
2018-02-20,4.121699476314081,0.5606727368831532,-0.11949271265278227,0.3956038344483769,-0.30205145210334183
2018-02-21,4.1168203774122105,0.5587775529847664,-0.08180374150350289,0.395841716768283,-0.20665770695257216
2018-02-22,4.115411702748253,0.5569813025799386,-0.07302984430010184,0.39586532186832274,-0.18448154022542512
2018-02-23,4.114567702324053,0.5573573067703753,0.013781717265565874,0.39936088355090854,0.03450943202805953
2018-02-26,4.124282482676264,0.5549088938452715,-0.08486012780505447,0.40408828195512825,-0.21000393130548073
2018-02-27,4.09891868096534,0.5512455893663321,-0.18059139642675603,0.3946695223182452,-0.4575762409166588
2018-02-28,4.091628570460188,0.5487161012065925,-0.11002130507373664,0.39449808909591033,-0.278889323205285
2018-03-01,4.097608862030165,0.546452297036477,-0.08164948010909967,0.39953068698815114,-0.20436347636926608
2018-03-02,4.097452522987297,0.5460257975140399,-0.017155574326650935,0.3969926450503517,-0.043213834161776585
2018-03-05,4.096296600091382,0.5486459085613044,0.10252506160041719,0.3979352863487183,0.2576425492223691
2018-03-06,4.089201107971189,0.5505617657020453,0.06699776517049827,0.4035413695971872,0.16602452739201204
2018-03-07,4.086847938824138,0.5500622395989941,-0.02312297181190459,0.3958348267319378,-0.0584157083973908
2018-03-08,4.087039272051791,0.5504903609573688,0.017269314478657094,0.3976059514931602,0.04343323940148358
2018-03-09,4.086481214984776,0.549408471439821,-0.04372208093936081,0.3970717068974828,-0.11011129773255064
2018-03-12,4.085234861447663,0.5501622826189752,0.028304992226139802,0.3996559292855458,0.07082340121098636
2018-03-13,4.085313376655768,0.5502755714859602,0.004616406464847955,0.3976687555388695,0.01160867279752063
2018-03-14,4.085497179104982,0.5515599476229568,0.05133988356792685,0.3980011863003244,0.12899429784409414
2018-03-15,4.080372705848125,0.549509097327921,-0.08834558402875103,0.395326254543953,-0.22347512469331487
2018-03-16,4.081002762107251,0.5498948388664523,0.01611214654605675,0.3947438630213376,0.04081671193754776
2018-03-19,4.084754205011609,0.5477297302156835,-0.08062919700452298,0.3979203629425018,-0.20262646628158015
2018-03-20,4.081143745636796,0.5460901865407493,-0.06979585668665678,0.39421648652325675,-0.17704956305154218
2018-03-21,4.087502192019333,0.5450008805781582,-0.03488396651409431,0.40618643071986366,-0.08588166387604633
2018-03-22,4.084157037465216,0.5420322665346752,-0.12333601719597809,0.3989617785828358,-0.3091424387420862
2018-03-23,4.063094036618547,0.547396706106803,0.18747622038801381,0.40646122745177643,0.4612401078532305
2018-03-26,4.047973110253825,0.5541910910884409,0.25470792728836855,0.40650078076614693,0.6265865635197826
2018-03-27,4.042560536408991,0.5526398627475257,-0.06987585796722229,0.4012241941609331,-0.17415664106037115
2018-03-28,4.048839570809987,0.553471333126809,0.04175995579975833,0.3961756391753357,0.10540768202377178
2018-03-29,4.04602991859023,0.5553404391485643,0.07075510529492846,0.40105794860874344,0.17642115195665747
2018-03-30,4.04582943263799,0.5558331240487584,0.019424689554760732,0.4002539537349466,0.04853091237075953
2018-04-02,4.041777877514823,0.557696703953339,0.06929584374008968,0.4032979580069715,0.17182294718906516
2018-04-03,4.039523031502852,0.5569392147239308,-0.03337972968054714,0.3984117638305575,-0.08378198816123154
2018-04-04,4.039678937925779,0.5570397792959719,0.004221880074162243,0.39820865122496707,0.010602180693902357
2018-04-05,4.03946494319938,0.5573617009753035,0.012550996455441776,0.39985794935735486,0.031388638079131684
2018-04-06,4.043739646104287,0.5554556659566179,-0.07056222217393682,0.4026898636510952,-0.17522721216314108
2018-04-09,4.044150009684731,0.553654614947925,-0.07170220212351808,0.40139472767498063,-0.17863264557270703
2018-04-10,4.039391131832939,0.5563590464932574,0.10237496181207106,0.4039714129360479,0.253421302928378
2018-04-11,4.027004299715498,0.5590061728755134,0.09096755983987137,0.41109807856698644,0.22127945758580977
2018-04-12,4.028420133596777,0.5596723909446466,0.028952934048852796,0.4043562159250273,0.07160254475776634
2018-04-13,4.022209217384953,0.5615962764125714,0.07016576940596764,0.41116831625287964,0.17064974763963522
2018-04-16,4.0230895639972575,0.5603694373107498,-0.04900825453530899,0.4095177273109417,-0.11967309658880197
2018-04-17,4.022738999704247,0.5606334645781754,0.01035872558927764,0.41124141642386897,0.025188916231629842
2018-04-18,4.0292251927337,0.5576789487266791,-0.11309169288153953,0.41388109494048586,-0.2732468195915099
2018-04-19,4.029253894656762,0.5576531287149677,-0.001028630076806536,0.41400784496101123,-0.00248456663158981
2018-04-20,4.026407383141008,0.5568995257059371,-0.03476642960232823,0.40891235778825225,-0.08502171416480249
2018-04-23,4.033932565019474,0.5580509616990894,0.05696037920306907,0.4041618349330754,0.14093458184269442
2018-04-24,4.031659390019767,0.5603446034620909,0.09022122129314525,0.40821228629479606,0.22101544789857394
2018-04-25,4.034536090982686,0.5614213067633236,0.0475320572508906,0.40404889269068095,0.11763937016226078
2018-04-26,4.034482504677324,0.5615296977078086,0.004321602136464264,0.40622062213197396,0.010638559199144379
2018-04-27,4.033162988819663,0.5638913264383991,0.09409397078108839,0.406582820797501,0.23142633177792818
2018-04-30,4.022982161283866,0.5611809101816078,-0.12324483715931933,0.4020052080587616,-0.306575225118239
2018-05-01,4.024057373754708,0.5584864048073841,-0.10729419505594961,0.4044664067860341,-0.2652734399094585
2018-05-02,4.032865437800509,0.554595060118966,-0.1459262223722675,0.40756301892425495,-0.3580457882499582
2018-05-03,4.032554837561991,0.5547003727761842,0.0038823844372224414,0.41071161085835317,0.009452823671355626
2018-05-04,4.033618945579754,0.5538361872973635,-0.03396455444495672,0.41035161254249575,-0.08276939436040201
2018-05-07,4.0360463150150965,0.5561016634748908,0.09587759321256328,0.4082687694488948,0.23483940087306826
2018-05-08,4.035979989956515,0.5565400071096026,0.017829505808411028,0.4092300944109461,0.04356841310528536
2018-05-09,4.036070124697903,0.5554084211618803,-0.04615158384060081,0.4092217385100525,-0.11277891543258545
2018-05-10,4.042169979568363,0.5537784902302598,-0.059062638876003604,0.41578031878151533,-0.142052512367811
2018-05-11,4.042705335742592,0.5548637755108032,0.04546824699295726,0.4118924255630767,0.1103886456052208
2018-05-14,4.046208925435514,0.5564575171409146,0.07013406709982206,0.4096353099174297,0.1712109903659404
2018-05-15,4.032726517779698,0.5542654714107298,-0.10734645444427926,0.4043850059300475,-0.2654560700078197
2018-05-16,4.033046885937202,0.5544647818516282,0.008506760026683935,0.40491577753227487,0.021008714648087234
2018-05-17,4.032002644796833,0.5524146638239132,-0.0843964824795016,0.4049053595816556,-0.20843508361237612
2018-05-18,4.031979870166453,0.5516079508933421,-0.03268634773543866,0.40510727733004764,-0.08068565924281965
2018-05-21,4.0328426626501885,0.5510968176848048,-0.019595702019497452,0.4076760562715809,-0.04806684552119837
2018-05-22,4.032380966183605,0.5508697641843511,-0.009821147463433988,0.40394092998587433,-0.02431332587113029
2018-05-23,4.030761942037122,0.5521783432969904,0.05090210571091447,0.40702159781004027,0.12505996238231767
2018-05-24,4.025259364865558,0.5540473628731847,0.06893424152531935,0.41093512957397227,0.16774969226112493
2018-05-25,4.026085956260744,0.5542857553163527,0.01080621569681739,0.40456454463502367,0.026710733404891364
2018-05-28,4.0261476610706595,0.5543556206563195,0.0029154698508548904,0.40536357449442,0.007192234414478756
2018-05-29,4.025366478145748,0.5539847327336626,-0.016042999904541944,0.40316773766524017,-0.03979237028599454
2018-05-30,4.023448142297543,0.5548353524960543,0.031913226433740505,0.40783948328015196,0.07824947740976505
2018-05-31,4.027570581174827,0.5570877752901431,0.09675369461649552,0.40373488872865115,0.23964660304976357
2018-06-01,4.027542992982686,0.5561880399926724,-0.03642938490314407,0.40487586090669175,-0.08997667784284041
2018-06-04,4.027464343488626,0.5553920556985015,-0.032303164351979774,0.4047038506017218,-0.07981926612250113
2018-06-05,4.02608434758645,0.5567436452595743,0.05291149250519567,0.40627528090741455,0.13023556930910987
2018-06-06,4.024659185720283,0.5599324218847829,0.12746210410404402,0.40622198582022045,0.31377450889734526
2018-06-07,4.024398102372451,0.5583414663130363,-0.0648943140371614,0.40578202141813197,-0.15992407403947556
2018-06-08,4.023978135969513,0.5579998283537438,-0.014398504684905333,0.40434762223971893,-0.035609223086686355
2018-06-11,4.0224852549218335,0.5592735076512725,0.0496441121595268,0.40682160744479146,0.12202919228242776
2018-06-12,4.023358597179077,0.5603276689863065,0.04389898203631759,0.4048641396821208,0.1084289215409023
2018-06-13,4.024682028680248,0.5584824122634813,-0.07306584339169575,0.40648621957688624,-0.17974986573407184
2018-06-14,4.023070623008359,0.5596384574094062,0.04486444192271932,0.4080812955910809,0.10993996149158444
2018-06-15,4.013607906780484,0.5566148494789728,-0.13526940443705016,0.40343309024021434,-0.3352957595930153
2018-06-18,4.013607444297109,0.556614278912091,-2.3681119778018456e-05,0.40409669751720984,-5.8602606563024226e-05
2018-06-19,4.010132413384512,0.5549606403042737,-0.07131936651942894,0.40189125276808774,-0.17745936501032517
2018-06-20,4.0083005931804525,0.5540588217656607,-0.03868108098765077,0.400551294637131,-0.09656960670341333
2018-06-21,4.009379098864448,0.5516633417364868,-0.09469507294480195,0.40221917217272246,-0.2354315246418379
2018-06-22,4.007262766859384,0.5525479986813933,0.03282221637775962,0.40556490176396065,0.0809296273790038
2018-06-25,4.006809553301126,0.5521263072218735,-0.017611546355876584,0.40238423866279527,-0.04376798259892917
2018-06-26,4.006677959224007,0.5520040971349003,-0.005093198760270923,0.40180390351132256,-0.012675831956240315
2018-06-27,4.006918131549619,0.5521089980342055,0.004530000198130324,0.3996784818343558,0.011334110801611166
2018-06-28,4.007336347322027,0.5541291116361168,0.08142702637077193,0.4006173625720956,0.20325386260840908
2018-06-29,3.997632612600079,0.5574655876084547,0.12116198253228916,0.40530986677725284,0.2989366715784308
2018-07-02,3.997369721420587,0.5572873235383361,-0.007525345514562076,0.4011347410276478,-0.01876014402363469
2018-07-03,3.9941895792299924,0.5582377489391046,0.03414673569358939,0.4077504085137922,0.0837442096454316
2018-07-04,3.99396915615726,0.5584686107346067,0.009069241038897502,0.4063169599425412,0.022320606651959635
2018-07-05,3.9918454833449335,0.5594955099149577,0.038976921663500974,0.4091292032532686,0.09526800177931219
2018-07-06,3.9983000883665114,0.5556238822599548,-0.1496689439565131,0.4102430012152564,-0.36482997519312
2018-07-09,3.999519253700685,0.553159374018689,-0.09928101037080239,0.4098900127855567,-0.24221378241470723
2018-07-10,4.000246593779788,0.5547143307505253,0.06459595284016828,0.4090342148410494,0.15792310397620465
2018-07-11,3.985657961486244,0.552653231463807,-0.10322925369807834,0.402209070624071,-0.25665570778378255
2018-07-12,3.986153667846158,0.5533911184926288,0.030468417100852463,0.4042359939726481,0.0753728454545145
2018-07-13,3.9837985902106805,0.5516833435158172,-0.07203064252261981,0.40259771523216425,-0.17891468281453665
2018-07-16,3.9849234335381563,0.5521962576005468,0.022127655840137095,0.40069534835007553,0.055223141299870604
2018-07-17,3.9892204163371248,0.5545440445253317,0.09982207667507836,0.39960449751449223,0.2498021851504766
2018-07-18,3.990419125501849,0.5526142131481078,-0.07566020848473443,0.4014198603079288,-0.18848147778910476
2018-07-19,3.9858238565632105,0.551059023035822,-0.06833150063899396,0.39751395164450704,-0.17189711293479876
2018-07-20,3.984845646215895,0.5523472563715169,0.05007524758893567,0.4001699168686765,0.1251349626198134
2018-07-23,3.9721882500682617,0.5476378164731963,-0.20467163357882612,0.3964224140857014,-0.5162968245649671
2018-07-24,3.9707078393188056,0.5485838574583353,0.0356737012329873,0.40018225898528065,0.08914363501131477
2018-07-25,3.971284603060192,0.548364304342617,-0.008014506643817754,0.40307021131352516,-0.01988364909850341
2018-07-26,3.962912071068973,0.5454937115913273,-0.12610248683723668,0.3977267625897399,-0.3170580878594609
2018-07-27,3.9610974654559814,0.5429387167433539,-0.10428855102079737,0.3985237866613349,-0.26168714267844106
2018-07-30,3.962511727980158,0.543714839412219,0.03278143948175938,0.3966477457184029,0.08264622662202728
2018-07-31,3.962591246605425,0.5439279255625102,0.008567590070242659,0.39716573901038216,0.02157182563528899
2018-08-01,3.9603460201767704,0.5423587424299343,-0.06524774157588453,0.3955793034281805,-0.16494225307146435
2018-08-02,3.958864648327309,0.5418327804034747,-0.022788252666781972,0.39322264910106564,-0.057952543473468544
2018-08-03,3.957100020137051,0.5439954446666214,0.08290965058923305,0.3957557294512085,0.2094970316770985
2018-08-06,3.9546366009415177,0.5429777777757142,-0.04345390717841724,0.3923255487119725,-0.11075982005525496
2018-08-07,3.9494335448818343,0.5414716086952538,-0.06617115865069678,0.38997540675807646,-0.16968033753919884
2018-08-08,3.9504713308508648,0.5429154708898751,0.05783267494252797,0.39071812150697766,0.14801636207573537
2018-08-09,3.950334565551704,0.542049556423504,-0.03400543855359217,0.39079936773792545,-0.08701508078282412
2018-08-10,3.94852148948999,0.5409647700027401,-0.04479569834381891,0.3889452597119278,-0.11517224397334688
2018-08-13,3.940443573768291,0.5402759142509211,-0.03793968549518212,0.38141856401079477,-0.09946995001037329
2018-08-14,3.9298739232042155,0.5381278447561325,-0.09695475271214349,0.3802968679203961,-0.2549449151194117
2018-08-15,3.8217807318011165,0.535036483588753,-0.2732032950714327,0.36993335796254845,-0.7385203015379095
2018-08-16,3.791533435667948,0.533631350450063,-0.0962706073582531,0.36401216881481335,-0.26447084906996493
2018-08-17,3.784342893755255,0.5381367631504014,0.15439282819827227,0.36927436582614837,0.4180978765012876
2018-08-20,3.7877536178756497,0.5368895675391946,-0.040971851543844195,0.3711594839130642,-0.11038880405772128
2018-08-21,3.7881417747138637,0.5367337094077891,-0.0052069536345484835,0.37243027945599755,-0.0139810158351093
2018-08-22,3.784702057419897,0.5396292752725641,0.10251882127020906,0.37220291186591226,0.275437988263622
2018-08-23,3.7729478992319883,0.5384604859976919,-0.06039283402526152,0.36471373800351076,-0.16558968783534053
2018-08-24,3.7865177619761963,0.535626441331294,-0.08504995043876917,0.3758243997260025,-0.22630236488310884
2018-08-27,3.789650770565906,0.5350139056290277,-0.018417555546381692,0.3795433284523898,-0.04852556787516291
2018-08-28,3.787895827523047,0.534483372876798,-0.02238081374065004,0.37149847943324116,-0.060244698106959295
2018-08-29,3.789360214503055,0.5359569815455549,0.05701558122329331,0.3724352245113502,0.1530885841909825
2018-08-30,3.784139337488681,0.534704046817053,-0.05408101244610819,0.36904290420812763,-0.14654397044200676
2018-08-31,3.779004429384606,0.5323916226244446,-0.09289960884684945,0.3686844406310734,-0.2519759409641322
2018-09-03,3.7784409769073726,0.5315955708396148,-0.030179693662070406,0.36890411255549566,-0.08180904640235032
2018-09-04,3.7488712457985125,0.525932862068868,-0.2514298396289618,0.3647614126786056,-0.6892994458558553
2018-09-05,3.739328642459253,0.5236396419753988,-0.09777022299044447,0.3632928367339262,-0.26912235283640035
2018-09-06,3.738600212308371,0.523310648083216,-0.013036112751436235,0.36282659468228456,-0.03592931979766129
2018-09-07,3.7385921218754565,0.5231616428008037,-0.005422586489927994,0.36372609647777604,-0.014908433962915604
2018-09-10,3.7326769612770208,0.5215961905510627,-0.06551752908222497,0.3603267617591523,-0.18182809614906664
2018-09-11,3.7308927345496032,0.5202967432172686,-0.04955816047587902,0.3607093106481001,-0.1373908546658693
2018-09-12,3.7220146806580328,0.5219492760517758,0.04699108689223053,0.37028601143223294,0.1269048396143112
2018-09-13,3.720499893171029,0.524625219028776,0.09554636602251776,0.36537140443986227,0.2615047725724361
2018-09-14,3.7269672581182998,0.5268727934034347,0.09146304174515052,0.36267221992205795,0.2521920255287457
2018-09-17,3.726274767617887,0.5270481142006525,0.005392048662653082,0.3701774697330596,0.014566117885406064
2018-09-18,3.7225506863987503,0.530767007939493,0.13107883851532165,0.3677625486704757,0.3564224769193981
2018-09-19,3.7216228007576277,0.5309715441473968,0.006213868027302283,0.3747039850112952,0.01658340523684308
2018-09-20,3.72532111283705,0.5300470759790568,-0.029156818032184617,0.37682116566726376,-0.07737574395683053
2018-09-21,3.7299624164216056,0.5320825530486932,0.08263256803915553,0.3710997262130483,0.22266943951264512
2018-09-24,3.7366822506299173,0.5352222428675238,0.12633292259137363,0.37039209085534286,0.3410788883197647
2018-09-25,3.736531784760927,0.5361299231638937,0.03345613487429233,0.3717113173231982,0.09000569343763794
2018-09-26,3.721607105465518,0.5326168365302884,-0.15167763285073477,0.3675282639082938,-0.4126965127465179
2018-09-27,3.7517627747331925,0.5362973221743048,0.17938717027913498,0.36335294216977676,0.4936995121270169
2018-09-28,3.7514634530822315,0.5365169072309093,0.007589014086960333,0.36792915966275513,0.020626291468489325
2018-10-01,3.751177390498139,0.5369505077606264,0.015477073732771629,0.3674023396266983,0.04212568093196471
2018-10-02,3.7300286393098445,0.5420850961941683,0.15869233932565407,0.37354889752171183,0.4248234712469748
2018-10-03,3.7292705389940983,0.5407253584858115,-0.051396001846654826,0.3691498685830198,-0.13922801068286483
2018-10-04,3.730516208510302,0.5380476409748844,-0.09717496720420726,0.37037803002236847,-0.2623669854238884
2018-10-05,3.729677245971709,0.537507700387771,-0.021159837366674594,0.36839764288434335,-0.05743749390198358
2018-10-08,3.732400979553879,0.5354259173095999,-0.07294530328617199,0.3710491973752812,-0.1965919985871704
2018-10-09,3.726736996550775,0.5341236264724032,-0.056282377980615195,0.36601369198501604,-0.1537712364676218
2018-10-10,3.725582386257,0.5367708814178181,0.09561424971764154,0.3686914042167732,0.2593340897674546
2018-10-11,3.623200253912975,0.5488717566253414,0.307075701490092,0.38882327241015485,0.7897564865051842
2018-10-12,3.6237236918948206,0.5487072215166227,-0.005490754839634349,0.38094323578196027,-0.014413577467423732
2018-10-15,3.6191599764952964,0.5499320488907795,0.040301033673824094,0.3852438296813154,0.10461175642232155
2018-10-16,3.6198366876245838,0.5491911379308234,-0.027412353574423065,0.38335411970897154,-0.0715066101160815
2018-10-17,3.6225542038935887,0.550711440058773,0.061908650161146994,0.3807976205066597,0.16257625265298706
2018-10-18,3.629187427224509,0.5549518447844813,0.17083147195978654,0.38007000648200073,0.4494736997034696
2018-10-19,3.633473974793696,0.5522078052747103,-0.09860413595799145,0.38329327392546125,-0.2572550646353552
2018-10-22,3.634083638904794,0.5524988074489304,0.011946932188081405,0.37948989944450023,0.0314815551232573
2018-10-23,3.632765094275121,0.5531919846422256,0.024582411119745018,0.38374557467551623,0.0640591390285899
2018-10-24,3.6309775451744883,0.5521040814302298,-0.04400442301636076,0.38010406645988387,-0.11576940869430288
2018-10-25,3.568005882435079,0.5457917768337575,-0.3285670717492799,0.37315865373912693,-0.880502350560465
2018-10-26,3.5712254311770093,0.5465880786567378,0.03440542456458218,0.3725371471839518,0.0923543459347785
2018-10-29,3.5825492271688555,0.5494466866701826,0.1226949512180191,0.37016465375434054,0.33146047299115033
2018-10-30,3.584457676772477,0.552830983026878,0.12828687242070913,0.37128039000018837,0.34552558087068386
2018-10-31,3.6064505776966365,0.556380181428429,0.16315196548967492,0.36594501890897174,0.44583737189836903
2018-11-01,3.5801758847986154,0.5636185878163508,0.22950344187198368,0.37449034474247644,0.612842080160451
2018-11-02,3.5767325194027046,0.5682745550584637,0.1678960101642133,0.37180140455480926,0.4515744376093739
2018-11-05,3.5825679254591756,0.5647383952591701,-0.12317987302217404,0.3738556824583368,-0.3294850895730372
2018-11-06,3.5824352400875044,0.5646780130997505,-0.0024366904457053806,0.37020336587713465,-0.006582032121539609
2018-11-07,3.585378022540618,0.5657486099888543,0.04389337118218961,0.36866087887791416,0.11906164634497428
2018-11-08,3.5923479226569994,0.5693975173499488,0.14469589894498114,0.3679742106869681,0.39322293449546236
2018-11-09,3.586971315614572,0.568135794927843,-0.05419501104094948,0.3648480663319367,-0.14854131360982234
2018-11-12,3.56911319308396,0.5656956980543009,-0.11531749982207273,0.3609216035770868,-0.3195084436042711
2018-11-13,3.5664641627195444,0.5652619851788877,-0.019611320867902293,0.35855141656906914,-0.05469597932581167
2018-11-14,3.559583025752144,0.5691464261552347,0.1297943344924235,0.36322237049989786,0.3573412461181545
2018-11-15,3.5554817223660033,0.570295949938825,0.03567969466031329,0.36706391593992715,0.09720294779983916
2018-11-16,3.5466849176849893,0.5727576180222501,0.0771754920031924,0.36951390759312147,0.20885679920922423
2018-11-19,3.5473481703082945,0.5723962656413557,-0.0123144745356214,0.36906890606104753,-0.033366328979186524
2018-11-20,3.548721669102341,0.5734961178656915,0.042423660497536986,0.3664757623892714,0.11576116308743627
2018-11-21,3.5363606665608565,0.5765269913048877,0.09399441990422375,0.37431789003606714,0.2511085427820909
2018-11-22,3.535140876698033,0.5773724746501007,0.02962316549546884,0.3722905808858747,0.07957001067547768
2018-11-23,3.5393879750184154,0.5779795703244427,0.028634756597121225,0.36537100738321054,0.07837172632334331
2018-11-26,3.546112102542812,0.5794471476954307,0.06359780810184645,0.36407677044369774,0.17468241114185962
2018-11-27,3.5368210035576997,0.5780405206565778,-0.06489665059517336,0.3604251164809306,-0.18005584968329172
2018-11-28,3.533143437669699,0.5792649073633144,0.039073533056814824,0.3676036433198197,0.10629256202126476
2018-11-29,3.534187472219456,0.5800228282582552,0.02914254899303259,0.36304261596705334,0.08027308010494646
2018-11-30,3.5389640874818067,0.5818202297206571,0.07228663257696866,0.3613172875561261,0.2000641404841163
2018-12-03,3.53205141799429,0.5846814929908749,0.09371714402979592,0.36627729496510814,0.25586391872508363
2018-12-04,3.5266577709679456,0.5884671907554188,0.1301262064922284,0.36605008118012766,0.3554874406056893
2018-12-05,3.5261029748011525,0.5896637651462964,0.042883904026069786,0.36571525134572613,0.11726036545719504
2018-12-06,3.524827582596875,0.591989451763774,0.08312892208872569,0.3662276821040896,0.2269869978455061
2018-12-07,3.518608379310358,0.5932999290382034,0.039248038715495426,0.37444625894584344,0.10481621268159581
2018-12-10,3.5188270960438586,0.5959371284156705,0.09785672193787676,0.3693233755037512,0.26496216711006104
2018-12-11,3.5249568207962385,0.5908238760792565,-0.18034750284236978,0.37145803953372647,-0.48551244998964455
2018-12-12,3.51520134430742,0.5942377501236841,0.11293928076272408,0.37515217366413023,0.3010492506537825
2018-12-13,3.513390701167088,0.5968138939496389,0.09352116476700445,0.3736589712253051,0.25028481039898276
2018-12-14,3.5134540721095227,0.5968287908820212,0.0006454887265299192,0.36894199790392795,0.001749566951437184
2018-12-17,3.524521214098015,0.5943270770841105,-0.07752154424406399,0.3793474070590354,-0.20435501284973803
2018-12-18,3.518681214426953,0.5955003470429144,0.036101497175216934,0.38419252213530464,0.0939672041885884
2018-12-19,3.4638422596790375,0.5902153395522218,-0.27786255601926513,0.3703407659351336,-0.7502888733235856
2018-12-20,3.4586316584784775,0.5913990985011177,0.037161895018172686,0.38302123972235624,0.09702306599266018
2018-12-21,3.4604158729897025,0.5882900525631335,-0.11512884811388702,0.3786743042676208,-0.30403131877816014
2018-12-24,3.450700405570689,0.5902954546482865,0.06297408072289556,0.3883350966258504,0.16216427840301353
2018-12-25,3.4498678433015093,0.5908054236094407,0.01843992339267686,0.38558134863412236,0.047823691311828675
2018-12-26,3.441521728464834,0.5886025775838793,-0.09607578325708843,0.3800326272928078,-0.25280930203675356
2018-12-27,3.4396649977703633,0.5896479859536282,0.037418386631198786,0.3853442961860809,0.09710377706779297
2018-12-28,3.4339370612402047,0.5854242465750054,-0.1697347241559406,0.38175365169885517,-0.444618469006382
2018-12-31,3.435392233041289,0.5850281572558145,-0.013224743733676547,0.3898152808517227,-0.033925667831136035
2019-01-01,3.435513796954641,0.584924476944926,-0.003843086035921317,0.38787371433281664,-0.009908085786457138
2019-01-02,3.4379446244590453,0.5823550650839285,-0.09624953239413969,0.3887288053717929,-0.24760072077005846
2019-01-03,3.47486477625153,0.5754057154930897,-0.22231814359539115,0.3999631073573763,-0.5558466256157589
2019-01-04,3.47796087905349,0.5717847029475309,-0.1387026538970133,0.39500545365080353,-0.35114111112914037
2019-01-07,3.4755031501465736,0.5708337215883553,-0.04075764896598599,0.39112498914105304,-0.10420620031334125
2019-01-08,3.477589741030874,0.5675383874594389,-0.12658502031283803,0.3940080400097855,-0.32127522146424775
2019-01-09,3.4765828362316427,0.5680188269129685,0.01759168972993308,0.3972187624383234,0.04428715708680695
2019-01-10,3.4847804229959394,0.5700356968646931,0.09054047731812176,0.3900016994731221,0.23215405840651107
2019-01-11,3.487754079624566,0.5726199954425751,0.10517633766959733,0.39088013132060523,0.2690756813713058
2019-01-14,3.4864757668827204,0.5704352961104326,-0.08711145304677359,0.3906200925946559,-0.22300812144133256
2019-01-15,3.4833220587541356,0.5696189425547814,-0.03609496232906295,0.386047553609556,-0.09349874644088271
2019-01-16,3.482471740578503,0.5679367629369334,-0.06632591876455862,0.38757559815025994,-0.171130275180133
2019-01-17,3.4825122133108697,0.5677977228012532,-0.005332215018899689,0.3882170303340377,-0.013735139373745748
2019-01-18,3.505602401452011,0.5710908843822687,0.15907126484297862,0.38042853984677955,0.41813704331185503
2019-01-21,3.507774509563999,0.5722820122176311,0.04853512079233013,0.3813927130677622,0.12725759860993172
2019-01-22,3.5070584886521474,0.5734947086931648,0.04532334023274487,0.383206936492751,0.11827379913203172
2019-01-23,3.5076344076412087,0.5728940337782822,-0.02219561356791644,0.38414369840316814,-0.05777945508459598
2019-01-24,3.508099636196027,0.5742982305191193,0.05444013407730708,0.38291224604224683,0.14217391749675376
2019-01-25,3.4925932308466408,0.5775000929366793,0.10238413324311324,0.39357145843585983,0.2601411536548165
2019-01-28,3.5032733877404847,0.5751508178790479,-0.07749572693853324,0.3976061311725643,-0.1949057644307287
2019-01-29,3.4894480988867587,0.5783614555750092,0.10873705002067169,0.402136937462678,0.2703980656608136
2019-01-30,3.4855667908905965,0.5797517965857456,0.05044899665194791,0.40327382788290195,0.12509861330896166
2019-01-31,3.4722965702363524,0.583324829536127,0.1268267188066332,0.40901391933924935,0.310079224226692
2019-02-01,3.4724689236522623,0.5829803783200334,-0.013750936825594806,0.40608490863506314,-0.03386222076514638
2019-02-04,3.477619177777652,0.5857243808534728,0.11787218239268782,0.40294461228569306,0.29252700941715254
2019-02-05,3.4781904896957845,0.5851686187224098,-0.021734223013599063,0.406361767949626,-0.05348491105170434
2019-02-06,3.4800562321400488,0.5856399446139904,0.021483414144967128,0.39958413982949603,0.053764431576624076
2019-02-07,3.4875906603704987,0.5875231971676597,0.08532733918706725,0.39650598214740745,0.2151981130901209
2019-02-08,3.4945127068658506,0.584928492133088,-0.09457831261848781,0.40427205369994246,-0.2339471941057925
2019-02-11,3.494261076300429,0.5847946807163524,-0.005693306655384589,0.39834131239739917,-0.014292533759854533
2019-02-12,3.4946646503900443,0.582326826013936,-0.09806144127649219,0.40020829752083215,-0.24502600741651984
2019-02-13,3.493623976230431,0.5797413794935932,-0.10467515898288582,0.39931171288333367,-0.26213896463755526
2019-02-14,3.496658482464529,0.578214136081144,-0.05716713275895913,0.4035711631826325,-0.14165316547428503
2019-02-15,3.503218718587639,0.5761995758884539,-0.07277725906990185,0.40868727248302267,-0.1780756680474435
2019-02-18,3.503669202024832,0.5757113280018965,-0.01924084010524396,0.4071122754180295,-0.04726175373976909
2019-02-19,3.515974782475698,0.5734977718338126,-0.0752447420743323,0.42116645281799214,-0.17865796663261174
2019-02-20,3.508802929583842,0.5772699469651447,0.14768184406707974,0.41791308325431364,0.35337932690949175
2019-02-21,3.5119665622150142,0.5783220210995066,0.047728353289308245,0.41149646075089213,0.11598727532726359
2019-02-22,3.5119893954519994,0.5786329345667917,0.012876229470975886,0.41369262887964775,0.031125112153549787
2019-02-25,3.516923884381587,0.5800830577512289,0.06607947468496889,0.4081216663447926,0.1619112145571392
2019-02-26,3.5187555436437705,0.5760958082918013,-0.16114937940673357,0.41136708252800036,-0.39174106595115005
2019-02-27,3.518658975040994,0.5760719310243978,-0.0011017761052727337,0.4045712836860074,-0.0027233176196653523
2019-02-28,3.523676573052211,0.5777766214420745,0.07564454435826917,0.4026074611494363,0.18788659341360814
2019-03-01,3.5280579653900412,0.5783867159024939,0.030312182047349978,0.39532104111677574,0.0766773808996317
2019-03-04,3.534539737479893,0.5819985646422311,0.15205027385170666,0.39610587600273905,0.38386270707747655
2019-03-05,3.536214133405367,0.5856801456992003,0.14811751652003835,0.39627754309427843,0.3737721682724769
2019-03-06,3.5426876032530252,0.5868889342587951,0.05640848945439103,0.3895515558143431,0.14480365592808678
2019-03-07,3.5415192372064928,0.5886804843689418,0.06866551683670252,0.39379573314984007,0.1743683617074011
2019-03-08,3.5650214465635077,0.5843999159656733,-0.13874072864740228,0.4065461012722512,-0.34126690235922824
2019-03-11,3.564619818274647,0.585478940987246,0.04264043318946875,0.39994017782858565,0.10661702812900294
2019-03-12,3.562853968823804,0.5860682674508785,0.021373207568345265,0.40662305378131824,0.0525627048677859
2019-03-13,3.5624386576536633,0.5862574603703214,0.007122267559132922,0.4080794929913237,0.017453137639740088
2019-03-14,3.5537947028576413,0.5842329661719304,-0.0932482100014198,0.39973772086315973,-0.23327348192226527
2019-03-15,3.5540393429659254,0.5817041089354062,-0.10134304760574864,0.40289900951678964,-0.25153461590112314
2019-03-18,3.550577535903785,0.5797209447521326,-0.08418592135081227,0.3996956989265688,-0.2106250369391108
2019-03-19,3.551749510758756,0.5779300597496045,-0.07025510311538596,0.40228126240125567,-0.17464174865124585
2019-03-20,3.5526309837579286,0.5776957986398238,-0.00831826017016013,0.4103155478902897,-0.02027283687622841
2019-03-21,3.5497110392943427,0.580195692295798,0.09795883279559803,0.40834372169812905,0.23989307926231515
2019-03-22,3.559244132252314,0.5861159127654516,0.25319882124299653,0.40478401924584173,0.6255158534043278
2019-03-25,3.550696056196562,0.5891499253107494,0.11265064430587302,0.4124981703265794,0.27309368237121207
2019-03-26,3.5485664446898126,0.5920837218805577,0.11751966795436886,0.4108100165552599,0.2860681658636256
2019-03-27,3.5507379607749154,0.5928377421620266,0.03364882977678363,0.4056047388650142,0.08295965641560712
2019-03-28,3.5643947909291445,0.594468977057345,0.08400359670788049,0.3971628813389438,0.21150918339770722
2019-03-29,3.5653480664163917,0.5949876944401569,0.021970903000514852,0.3982661137941748,0.05516638809966515
2019-04-01,3.5717910418413528,0.5960506793217535,0.05079844609427653,0.39121149528209553,0.12984906299250407
2019-04-02,3.574174789940367,0.5983891326130224,0.09512075582470203,0.3928791778444485,0.24211198044800153
2019-04-03,3.5747008532071267,0.5967059500074864,-0.06544586093944815,0.3939057762605588,-0.16614597927641803
2019-04-04,3.5720389753946984,0.5976039555306827,0.03194074844715189,0.39984264297440764,0.07988329661275347
2019-04-05,3.5752625558800006,0.5950066052971089,-0.09897619886689668,0.3990567401164252,-0.24802537814051273
2019-04-08,3.578798203464619,0.5935947930364817,-0.051767734274299926,0.40345299629247516,-0.12831168624354927
2019-04-09,3.578870100899803,0.5935498101336233,-0.0017141658998909293,0.40419862329974343,-0.004240899896929504
2019-04-10,3.5807920434674654,0.5946378743962747,0.0462722423775368,0.39987386334075503,0.11571709636372411
2019-04-11,3.5888953261467558,0.5962603838482383,0.07553290116792866,0.39431127784097625,0.1915565326497983
2019-04-12,3.5929509246034166,0.5980540745512364,0.07635513182627207,0.39375206472168667,0.19391677826563702
2019-04-15,3.59881168248528,0.6013909580704933,0.1392541103106133,0.3923159214806802,0.35495401202439075
2019-04-16,3.5998612582390614,0.6016236549046636,0.010530660055753316,0.3873133400064744,0.027188993943707912
2019-04-17,3.5964648894300657,0.5998057403869932,-0.07523004119183341,0.38716390156091735,-0.19431057722202574
2019-04-18,3.5978935584590643,0.6001214607002854,0.014157862018748801,0.38232580279091166,0.03703088286325139
2019-04-19,3.598026340487565,0.6002281905153708,0.004277017413020445,0.3830829897828456,0.01116472808005627
2019-04-22,3.598124494052585,0.6002501774681454,0.0009762007549234397,0.37807421021082027,0.0025820347660822844
2019-04-23,3.594552658282194,0.5986497734597551,-0.0656503207538428,0.37757254551397684,-0.17387472032553433
2019-04-24,3.6006245206821887,0.5956056708766307,-0.10699273424036448,0.3825313624890022,-0.2796966333536653
2019-04-25,3.6003634021933935,0.5929746755431377,-0.1004370841410065,0.38027089242109663,-0.26411983179029785
2019-04-26,3.618575816674542,0.5886908840864538,-0.13899671007506953,0.3898050597770434,-0.35658005607872667
2019-04-29,3.6156863282729934,0.5878059721695796,-0.037982291900746645,0.38019813380229,-0.09990131072157796
2019-04-30,3.6163375640053537,0.5885462653042843,0.029161336019591033,0.3813958147435902,0.07645950713747607
2019-05-01,3.6116544523742498,0.5872697277075697,-0.055084981894122365,0.37709324712361164,-0.14607787944838332
2019-05-02,3.61106475629758,0.5871665325318135,-0.004723805768129807,0.37274659557406864,-0.012672968242284423
2019-05-03,3.6110079115731826,0.5868170875545896,-0.013169641725788495,0.3754851077870656,-0.035073672570942245
2019-05-06,3.6113921083285017,0.5858051012900403,-0.037409508252054025,0.3758947196678751,-0.09952123904562296
2019-05-07,3.6074046343930273,0.5870849247383452,0.04266562935441698,0.3816401698231153,0.11179543645573756
2019-05-08,3.609566409268096,0.5883479442145223,0.0507694928308986,0.3758510685508488,0.13507875081118734
2019-05-09,3.610057953229267,0.5888004732574762,0.01772802648848426,0.37577917771135155,0.047176713186864616
2019-05-10,3.6084432582879247,0.5875987594023026,-0.04741065252687093,0.3745991471225099,-0.12656369586278216
2019-05-13,3.5946478013996903,0.5911842044740353,0.11600791393762577,0.38354258407292696,0.30246423410331924
2019-05-14,3.5943365725020837,0.5928896692593426,0.06427252991634802,0.3792798449073734,0.16945938672814126
2019-05-15,3.594718871930157,0.5935965363964326,0.027326323774047978,0.3786275005239244,0.07217205231060944
2019-05-16,3.595841262196329,0.5939987088763329,0.01677140086970752,0.3753207774932741,0.04468551136902638
2019-05-17,3.5952114801466464,0.595955510090133,0.07281975471925861,0.37775328344249187,0.19277067311142113
2019-05-20,3.599645265601252,0.5986875946778337,0.1090887232369191,0.3749763345875515,0.2909216213788779
2019-05-21,3.5996311235996252,0.5988932645184079,0.007706849818418959,0.3763242440390652,0.02047928067482926
2019-05-22,3.6006417306431437,0.599137173443093,0.010574040217971259,0.37105007314571015,0.028497609846363965
2019-05-23,3.600882910562335,0.5995965050781471,0.017454818019324136,0.37283881557011933,0.04681598935087656
2019-05-24,3.600047539865624,0.6010980555693168,0.05479117426930458,0.37392297926519175,0.14653064215784892
2019-05-27,3.5999764884027035,0.6015644128039592,0.01730441248166059,0.37364727655143726,0.046312160070778464
2019-05-28,3.599012126091679,0.6006695097783814,-0.03474309692836286,0.3720226775430284,-0.09338972870637556
2019-05-29,3.5992938819752647,0.6010914564498765,0.016104307667404782,0.37190037635054257,0.04330274635760338
2019-05-30,3.5966820924755973,0.602097552423908,0.0338560643050414,0.3771893080177946,0.08975881231353508
2019-05-31,3.561607919189534,0.608807141521107,0.20480275157201788,0.38663976544108564,0.529699140848524
2019-06-03,3.550123397747648,0.6104180730640766,0.046680404248370166,0.40027650877927484,0.11662039421381888
2019-06-04,3.543380068099654,0.6130489875539191,0.09397486034768221,0.3943157808384383,0.2383238635488094
2019-06-05,3.5471209251314053,0.618644254691957,0.22451247072360303,0.39114479054926055,0.5739881398096444
2019-06-06,3.5433094218885755,0.6223531794540437,0.1403728673795257,0.3940364567447875,0.3562433500168322
2019-06-07,3.545502814886874,0.6262040896654605,0.1541434987247321,0.3920267413108118,0.3931963881069073
2019-06-10,3.5581242256453525,0.6286551412719695,0.11286341332860061,0.38549379425330227,0.2927762132908416
2019-06-11,3.559318450977079,0.6268454546460147,-0.06861883066977015,0.3899767746412497,-0.17595619824512496
2019-06-12,3.559500815369656,0.6267778043228486,-0.002396271319256016,0.39483600174452066,-0.006069029441764349
2019-06-13,3.561160542913426,0.6261970211741548,-0.020662979044068663,0.39819902161070914,-0.05189108441423894
2019-06-14,3.559471213288284,0.6282035739872888,0.07719424398914043,0.3968732183859068,0.19450605486329195
2019-06-17,3.5580199399056776,0.6300975528334489,0.07320479095576715,0.3978764900776805,0.1839887321351277
2019-06-18,3.557124564478829,0.6306298947772825,0.020013566340342237,0.4008218189041481,0.04993132957447172
2019-06-19,3.5516235884668705,0.6334098679697227,0.10410501491192292,0.4034918754298126,0.25801018868354386
2019-06-20,3.5711771593092405,0.6305051528741648,-0.0935859779432171,0.42276000674090686,-0.22136904260334234
2019-06-21,3.5682360602197054,0.6316664287082306,0.04442258130075416,0.4179701399745955,0.10628171022804211
2019-06-24,3.543261851498843,0.6369871762235605,0.1926103403867927,0.42955368003245903,0.44839643876927837
2019-06-25,3.5417964748743387,0.6360333856203764,-0.042149453233982115,0.41990170398385185,-0.10037933362519304
2019-06-26,3.5406350042853125,0.634092727317695,-0.08314419524193184,0.4204392333164541,-0.19775555812449902
2019-06-27,3.53866890053151,0.6319479307565892,-0.09254945239880286,0.41897687174495307,-0.22089394102675236
2019-06-28,3.538285186323425,0.6323654109165271,0.017059750061498846,0.422016629477863,0.0404243550369233
2019-07-01,3.5537215672947706,0.6340839944731992,0.09144903215952738,0.4075729365823534,0.22437464304269222
2019-07-02,3.5598956266381303,0.6326492375970793,-0.05185622838213533,0.42511066037508505,-0.12198289343386819
2019-07-03,3.5575868701876168,0.6346115337869306,0.07949599968345566,0.42140856816354955,0.18864352955586583
2019-07-04,3.5574551080497554,0.6350853178249508,0.019767380100141452,0.42118258422537896,0.046933042439294526
2019-07-05,3.5555216636073292,0.6332515801589855,-0.0794695273199153,0.4187627951373257,-0.18977217709575822
2019-07-08,3.563928148497804,0.6379779939368564,0.20829831572721602,0.41611754823168035,0.5005756585185936
2019-07-09,3.5698877597632035,0.6350274736486348,-0.11610773924384787,0.42280564567673923,-0.2746125564572507
2019-07-10,3.5758283550397563,0.6333864578004385,-0.06220187184079151,0.43070901571897513,-0.1444173898634534
2019-07-11,3.5791512816000073,0.6356660002526934,0.10109986026116857,0.42286113092268396,0.23908525250492624
2019-07-12,3.580349788950722,0.6348978143858299,-0.03120713740291592,0.42862838466838066,-0.07280697807043301
2019-07-15,3.585458934125906,0.63070474693224,-0.1730967599180282,0.42992476539000896,-0.40262104873396254
2019-07-16,3.586510705504278,0.6269169201185552,-0.16116954557193708,0.42941752432866126,-0.3753213048859727
2019-07-17,3.588720374216431,0.626474357879366,-0.016579826473204662,0.44578558998916407,-0.037192378680539394
2019-07-18,3.625509356381301,0.6210679994186269,-0.19937022357532186,0.46499545308606566,-0.4287573615013835
2019-07-19,3.6258665796716283,0.6201311226103952,-0.04216008431424001,0.4542607519086999,-0.09281031684355949
2019-07-22,3.6258843935597973,0.6201142399167426,-0.000748542930303131,0.4577931208992361,-0.0016351117920530992
2019-07-23,3.6284430018754286,0.6214606891127544,0.06422487908706742,0.4516060341227975,0.14221439536745395
2019-07-24,3.634764115610748,0.6180044720631791,-0.15001324672788385,0.459379011833299,-0.32655659676137133
2019-07-25,3.640013487358315,0.6191994926435607,0.060356416432760795,0.44652831295007284,0.13516817339981163
2019-07-26,3.637584129255697,0.6166054168044662,-0.1192719458055791,0.4478482250451392,-0.2663222474389789
2019-07-29,3.637006221788734,0.6168923467355674,0.012248137015518523,0.45483106683560176,0.026928980688879812
2019-07-30,3.644792366580772,0.6124354753505986,-0.19341325124941022,0.45771187593731616,-0.4225655077297978
2019-07-31,3.6392799379993335,0.611789502526117,-0.03564824568701397,0.438644049949302,-0.08126918783267242
2019-08-01,3.6218796110621185,0.6160930887948461,0.1726026231262594,0.45848997470616315,0.37645888165139685
2019-08-02,3.6222740442313617,0.6156251505323826,-0.020745614090550646,0.45445218168270246,-0.04564971833501987
2019-08-05,3.6409228907590436,0.6114607994724852,-0.1702423348995552,0.4706558409943289,-0.3617129972080948
2019-08-06,3.639638623273226,0.6146520218098142,0.14683292736553355,0.46505614903576364,0.31573161148384654
2019-08-07,3.637006184084431,0.6156784738831819,0.045106971018736175,0.47420454547488433,0.09512133835318795
2019-08-08,3.631572280935441,0.6181488346681296,0.11101008057970319,0.47870391685880964,0.23189716371684677
2019-08-09,3.6319505259116345,0.6184113973237494,0.012882073022304041,0.47156822632227363,0.027317516964131348
2019-08-12,3.640057071351111,0.6212173108166418,0.1410549760615254,0.4650926565138159,0.3032836018500654
2019-08-13,3.6432824225633715,0.6221062944910928,0.04493029981318841,0.45808079836176774,0.09808378778126575
2019-08-14,3.648884746731312,0.62529631868068,0.1528189848216357,0.45626451672967633,0.33493506336408047
2019-08-15,3.65118190254115,0.6238613826727131,-0.06326756044959225,0.4630711198040335,-0.13662601216928918
2019-08-16,3.670556626185615,0.6290795576444045,0.26129279613420664,0.45137241817604357,0.5788851635863528
2019-08-19,3.6761841499091994,0.6309897786243542,0.09286229196857221,0.44728268338904936,0.2076143240443762
2019-08-20,3.6737712751827116,0.631683102026333,0.028661421780281415,0.4620333901941315,0.06203322614462737
2019-08-21,3.6746406553172686,0.6337731262812374,0.09643600792137974,0.4555262323938358,0.21170242472008452
2019-08-22,3.6806181814607517,0.6368844359801019,0.14829639967187092,0.45109426658272284,0.3287481368258001
2019-08-23,3.696729359598359,0.6336510928682945,-0.13031431764558477,0.4726156477283652,-0.27573001078559856
2019-08-26,3.697062108216102,0.633336325128425,-0.014292858137292086,0.4677518676821923,-0.030556496135688713
2019-08-27,3.6852692431685314,0.6370671161746208,0.16270898892711116,0.4789383177494829,0.3397284846442772
2019-08-28,3.6853490765432007,0.638093459071079,0.048800477846942414,0.47420728256012884,0.10290959173693116
2019-08-29,3.6853510625896986,0.6380940044169882,2.7916802160632415e-05,0.46433556750852023,6.012204128670406e-05
2019-08-30,3.6863486301344723,0.6406579488686076,0.12078772985932673,0.4665637779991151,0.25888792819993806
2019-09-02,3.6864009595561695,0.6411820430314891,0.02450255327816464,0.4664675877564247,0.05252787958111922
2019-09-03,3.691298344919834,0.6391904543478333,-0.08806089691892538,0.4755774223268813,-0.18516626901265718
2019-09-04,3.686219194931366,0.6414267846982797,0.10070456729127386,0.480633601888159,0.20952460854933588
2019-09-05,3.678190798206938,0.6403920967110591,-0.05789972466362059,0.45875886377421515,-0.12620949530496
2019-09-06,3.662130731656166,0.6372563232931582,-0.16255341558112235,0.45172015468909166,-0.35985424580624265
2019-09-09,3.654655154021509,0.6357984012041822,-0.07447988018484253,0.44322728587266347,-0.16803992569681314
2019-09-10,3.6517474798710157,0.6343045947541679,-0.06984275103906512,0.4419956943771284,-0.15801681312187738
2019-09-11,3.651527467581194,0.6359888625810617,0.07438777110847283,0.443987778835478,0.16754463670955594
2019-09-12,3.653040231512328,0.6365826297352871,0.028011670047316528,0.43726838369885446,0.06406058862606469
2019-09-13,3.6532349510775073,0.6366266832406074,0.002156454849096434,0.4297724430466208,0.005017666637277873
2019-09-16,3.6557140440106,0.6356350896429172,-0.040184583780558114,0.44121420158123204,-0.09107726731493189
2019-09-17,3.6399137547428597,0.6404046977285406,0.1918999730636095,0.44864725866682226,0.4277301807969358
2019-09-18,3.664846303060638,0.6471855651957362,0.32919873907846053,0.435195923824835,0.7564380111495759
2019-09-19,3.6728806660164923,0.6439946507104345,-0.13122545417904874,0.4470758262496966,-0.2935194579403583
2019-09-20,3.6820483987051933,0.6413199719302898,-0.10907508874211658,0.455419086019691,-0.23950486944985105
2019-09-23,3.691880413226212,0.6382142474796508,-0.13001604196583827,0.46198619799940477,-0.2814284117769375
2019-09-24,3.6957796373886715,0.6364861221790629,-0.0752164584424051,0.465723019174119,-0.16150470418187352
2019-09-25,3.705066673300623,0.6381128647947948,0.08530750349225968,0.44864411958315115,0.19014515017275044
2019-09-26,3.7105005078431157,0.6397935752581502,0.08196764290189407,0.4450898954996407,0.18415974779629712
2019-09-27,3.698352451144901,0.635834683365589,-0.1903494400012633,0.43989870401952447,-0.4327119817857314
2019-09-30,3.7036591415731936,0.6367370622618338,0.04591377135635355,0.4296333487316509,0.10686733581529144
2019-10-01,3.7079784870844397,0.6322984706953871,-0.18747220698807965,0.43699992259996684,-0.42899826131020435
2019-10-02,3.705599524905399,0.6334517681644461,0.04761760394721293,0.44188777092503395,0.10775949704951493
2019-10-03,3.705649814177831,0.632166571295923,-0.05640617712235141,0.43933109209752347,-0.1283910429672714
2019-10-04,3.700366204360275,0.6344556553885364,0.0949349619032489,0.4471204708982046,0.21232524136624162
2019-10-07,3.702400887534867,0.636102386776635,0.0753549648235925,0.4405523587892426,0.17104655853095052
2019-10-08,3.6948617592357786,0.6388638116861345,0.11407192573216562,0.4515068263374511,0.25264717846571283
2019-10-09,3.699086551567638,0.6417166201154759,0.1322956776972255,0.4433672594170893,0.29838846889858156
2019-10-10,3.6999182423782964,0.639360876942652,-0.10390540856762698,0.4463428020110878,-0.23279284016558605
2019-10-11,3.67384222422444,0.6332660565774989,-0.3006444216554627,0.43543544803879225,-0.6904454449208709
2019-10-14,3.674738990608278,0.6341407083374293,0.039345359713195194,0.436518070259448,0.09013454973309573
2019-10-15,3.6667056350544502,0.6325537936545256,-0.07854691179850448,0.42604963082324354,-0.18436094322328253
2019-10-16,3.6677534329807164,0.6319064671591806,-0.02663015839512184,0.43513014089580504,-0.061200445320331455
2019-10-17,3.6732329839813525,0.6297221489776715,-0.08855129764951286,0.4407462728243396,-0.20091218714583475
2019-10-18,3.6729904234919597,0.6321952809001667,0.10795658017774912,0.4376892480629469,0.24665120437736499
2019-10-21,3.6780107146171064,0.6336863389265591,0.07093371817851235,0.4296868994514181,0.1650823384866365
2019-10-22,3.6772994729066153,0.6315186536854722,-0.09448165298339717,0.43200937012937657,-0.21870278636572663
2019-10-23,3.677060944880489,0.6317384440434034,0.009227897825411446,0.4353794969371796,0.021195067499338235
2019-10-24,3.667880217984832,0.6349694515860773,0.13033282490161824,0.4434749635749354,0.2938899275192014
2019-10-25,3.6691061459112064,0.6343334069832507,-0.026661237895886813,0.44577485621934365,-0.05980875216247761
2019-10-28,3.661947133689065,0.6312535958823757,-0.14449979395917012,0.43731216924498884,-0.3304271047582469
2019-10-29,3.6653761685194852,0.6274430764777928,-0.1637266181899939,0.44270273124221604,-0.36983421749077516
2019-10-30,3.6683542086599292,0.6254977689711979,-0.08267615796692596,0.4463549251087266,-0.18522515002335205
2019-10-31,3.6632871909136084,0.6272328481804219,0.07186733521013622,0.45481840468590073,0.15801325203576153
2019-11-01,3.66917652160454,0.6221833033795653,-0.2215877518406444,0.45455665571269877,-0.4874810412647401
2019-11-04,3.6640118779760993,0.619001628237225,-0.14972051630935468,0.448623589804837,-0.3337330441640107
2019-11-05,3.666920760790782,0.6197633422145357,0.037460977473187995,0.44065338177636443,0.08501234535447133
2019-11-06,3.666742629112814,0.6199857586931654,0.009672582484576253,0.4467039963892612,0.021653225766414437
2019-11-07,3.6760720407355394,0.6218162690481929,0.09194168359046628,0.43328831176301685,0.21219516219203477
2019-11-08,3.6788273270642806,0.6228116954161069,0.04658091334484027,0.4307692849291116,0.10813424952641583
2019-11-11,3.6791231947811207,0.6232735113337093,0.020303047610774172,0.43139549369495744,0.04706365251263053
2019-11-12,3.6825993540478517,0.6214883829030298,-0.07323962255450311,0.4380630090899513,-0.167189698821304
2019-11-13,3.6811803450884684,0.6242650956993485,0.11935783188283366,0.43689803706826374,0.27319379295857177
2019-11-14,3.684152128645718,0.6225926726114648,-0.06977638871629921,0.4422093056382854,-0.1577904124283045
2019-11-15,3.6848377277865807,0.6231766617495519,0.02644758785764978,0.4366399619308136,0.06057069934849538
2019-11-18,3.681040531605346,0.626006127079309,0.11977405833212984,0.44240632733686214,0.270733149440085
2019-11-19,3.6831303102533375,0.6304113913961971,0.19635845810425678,0.4392170212866862,0.4470647734211773
2019-11-20,3.684258236500004,0.6291685564754187,-0.05342725885224198,0.442773058036437,-0.1206651079656371
2019-11-21,3.689481970919014,0.6308107414637074,0.07832406294215133,0.43352006078159594,0.18066998514657062
2019-11-22,3.6904382204532955,0.6316428592549704,0.03734636649382139,0.4335875522589164,0.08613339174349739
2019-11-25,3.6803871573435254,0.6250907701713864,-0.29576676579894823,0.4305756884400749,-0.6869100456425593
2019-11-26,3.6919528336108445,0.6210009737336677,-0.16406194128439822,0.44161663533792667,-0.37150308243904223
2019-11-27,3.6920098728784714,0.6201928078126865,-0.03530271694610221,0.43757597867798803,-0.08067791347404256
2019-11-28,3.6920086553564198,0.6200067949942598,-0.008141637206406926,0.43780172642531123,-0.01859663111172287
2019-11-29,3.701448266181331,0.6163954635102725,-0.14803710956909555,0.44680436095826104,-0.331324227121688
2019-12-02,3.701682694293502,0.6161376756460156,-0.011176817589621635,0.4459400935129367,-0.025063495640356447
2019-12-03,3.7143235423328314,0.6124237528639405,-0.1523444388049704,0.4577625737323115,-0.33280230308661657
2019-12-04,3.714079498112944,0.6096142339260102,-0.12750041540112278,0.4522915692438579,-0.28189872213244715
2019-12-05,3.7139223240545136,0.610031499987574,0.018722228858738532,0.454037736090009,0.041234962142060835
2019-12-06,3.725795549306339,0.6128238828320108,0.1394791672275808,0.44244338845741527,0.3152474889813062
2019-12-09,3.7251072947318615,0.6118899553904255,-0.04236206663395592,0.44430240012934924,-0.095345122199707
2019-12-10,3.724453897078125,0.6138035288961222,0.08436313532814665,0.4459398713518864,0.18918051680912965
2019-12-11,3.7316646245753833,0.611461760339944,-0.0968874171256644,0.4568136453054351,-0.212093964620701
2019-12-12,3.7316658780256944,0.6114582998653001,-0.0001552621766336415,0.45333939400989287,-0.00034248551677874557
2019-12-13,3.731556258769412,0.6124361696467018,0.044193886798296944,0.4536126712129754,0.09742648211329948
2019-12-16,3.7319125357262997,0.612654991592606,0.010297265610279993,0.4487201345340707,0.022948080145706356
2019-12-17,3.7299021445585203,0.6106309553496876,-0.09323988264214833,0.4475911734414046,-0.2083148376793329
2019-12-18,3.729108711835026,0.614180342707854,0.15827364835348945,0.4493672406094395,0.3522144786051516
2019-12-19,3.7298660479637884,0.6129482437242947,-0.054510635866229507,0.4510544858383439,-0.12085155469613465
2019-12-20,3.73044622259903,0.6132719719089168,0.015194582945859736,0.44513141949289087,0.03413504929211677
2019-12-23,3.7315295452783985,0.6129395302771907,-0.013750584430940904,0.4594726060145574,-0.029926886284283173
2019-12-24,3.7311364734564294,0.613035264516612,0.003967739503732304,0.47113309007885346,0.0084216956679231
2019-12-25,3.731121053756965,0.6130525666163551,0.0007893443352635643,0.4677814806422686,0.0016874210885385772
2019-12-26,3.7382770996387933,0.6100371230066838,-0.1339670959187913,0.47652676328785337,-0.28113236493679666
2019-12-27,3.7405574440690152,0.6122355881314889,0.10628713410455148,0.46951178901015694,0.22637798792790734
2019-12-30,3.7384193786282247,0.6132487686355876,0.045663180759660804,0.4795261493742488,0.09522563226061469
2019-12-31,3.738791949135922,0.6106215255521049,-0.12481490665382466,0.4768670462732773,-0.2617394253372191
2020-01-01,3.7387953371569003,0.6101130962085827,-0.024237197070089422,0.4769693228468169,-0.050815001949031886
2020-01-02,3.738869277879006,0.6098632496910975,-0.011843134776146513,0.4781602611149206,-0.024768128469170602
2020-01-03,3.741211184872536,0.6118420516185954,0.09679757351363705,0.4736721911147653,0.20435561835671312
2020-01-06,3.741344945771224,0.6127493396293252,0.04320924341066501,0.47464875120400624,0.09103414535708633
2020-01-07,3.7455568559537333,0.6101025008725652,-0.12163253151705788,0.4811290878473342,-0.2528064392474495
2020-01-08,3.737682338818249,0.608460801460984,-0.08655676925057065,0.46442684967380304,-0.18637331005165841
2020-01-09,3.7394035711948286,0.6091069731534396,0.03201376511395537,0.46084276052708234,0.06946787029341653
2020-01-10,3.738983819763899,0.6094649152081135,0.016151419209887052,0.46773183462860013,0.0345313660822595
2020-01-13,3.74294893755787,0.61064860300524,0.05923508142836198,0.45588563486669065,0.1299340819231635
2020-01-14,3.7453395080627967,0.6092878909676468,-0.06006327303406067,0.4660578969921308,-0.1288751320848766
2020-01-15,3.744292173878169,0.609739749562335,0.019919974234333893,0.47239179965948436,0.04216833198352061
2020-01-16,3.7460304346347604,0.6124935905543781,0.13094728953157642,0.4669095300463541,0.28045537969331263
2020-01-17,3.74463750472011,0.6100341201911305,-0.11641338616387387,0.46602470541591684,-0.24980088997637467
2020-01-20,3.7445690910503466,0.6095281268864151,-0.023669855242918203,0.46626950303838993,-0.05076432211130344
2020-01-21,3.7407904953802595,0.6118529780861172,0.10472633782369911,0.4727065054362035,0.22154621656213483
2020-01-22,3.7415099958958553,0.6098711045597389,-0.0925331933958411,0.47173381030645256,-0.19615552537082032
2020-01-23,3.7454065519811883,0.6125607995657035,0.1306410796383588,0.466571933007615,0.28000201125734364
2020-01-24,3.741771493199449,0.6147876749741837,0.10071268386590049,0.4747346027308612,0.21214523501459825
2020-01-27,3.7447590213398176,0.6180728019090013,0.15810208874299647,0.4691226372433382,0.3370165414997603
2020-01-28,3.7398295725297195,0.6165617659573804,-0.07604668976167162,0.46035361247214807,-0.16519190400894818
2020-01-29,3.7442506902226858,0.614318642733791,-0.0995784127121091,0.4714068865379942,-0.21123665257292193
2020-01-30,3.7442169486136363,0.6133478829720895,-0.045496038658328075,0.4681265327982582,-0.09718748131273912
2020-01-31,3.744262050646662,0.613302816799107,-0.0020662642911517537,0.47218887738751586,-0.004375927494488635
2020-02-03,3.7466238802123524,0.6144787962070765,0.05772898014021166,0.46425492603773766,0.12434758772062889
2020-02-04,3.7390513314730476,0.6084572439974133,-0.2883431843070454,0.4624992568091335,-0.6234457246404621
2020-02-05,3.7387034044741214,0.6072997085378865,-0.05399833935498677,0.4628500963250993,-0.11666485495783305
2020-02-06,3.738415830751111,0.6075227185607415,0.010040265086637135,0.4679784808407912,0.021454544381182532
2020-02-07,3.7367991354396994,0.6065376461219705,-0.047555783540211394,0.4608300721756313,-0.1031959206040854
2020-02-10,3.735825343985852,0.6072293854149474,0.03103367349478603,0.46819014242223506,0.06628433767150625
2020-02-11,3.736042672103239,0.6098139293352981,0.12067980617507601,0.4658064827690366,0.25907712889198525
2020-02-12,3.7343398603657683,0.6077720599500026,-0.0968349210154571,0.46327541585722926,-0.20902236056769172
2020-02-13,3.7379586137323098,0.6047167017121925,-0.1382235322757488,0.4687751692419513,-0.2948610364735569
2020-02-14,3.737959655938332,0.6049826923891765,0.01242434705030604,0.46708342566527,0.026599845696965076
2020-02-17,3.737960850915688,0.6050365096777598,0.002514752345113891,0.46718276971546235,0.0053828019955562585
2020-02-18,3.744419500476525,0.6032962040265051,-0.07526282233463633,0.4834724037793298,-0.15567139250617573
2020-02-19,3.7676235645770717,0.5968172702357266,-0.2885473099301379,0.49350912861997165,-0.5846848481547232
2020-02-20,3.76748238740995,0.5988607092341294,0.09962911418037024,0.48811164006019997,0.20411132618776054
2020-02-21,3.7570172431277773,0.6030423013548996,0.1949766953017651,0.4998274332591223,0.3900880230411134
2020-02-24,3.754145144681929,0.6119362440558495,0.43863630982046686,0.497258613547109,0.8821090230926922
2020-02-25,3.7895369095083438,0.6179589604617379,0.33334710017730984,0.47809008458372826,0.6972474663798022
2020-02-26,3.7885014701002597,0.6168087120824138,-0.05650928267036903,0.4803202746583996,-0.11764917212907167
2020-02-27,3.7953045326995283,0.6175257429368997,0.04152753412776633,0.45641665990002617,0.09098601733088041
2020-02-28,3.878215097293887,0.6219836175470906,0.3004842114198354,0.43092851250278613,0.6972948011136595
2020-03-02,3.8844983904148784,0.6196658367716714,-0.09472649509520537,0.4493397037241214,-0.21081265312215558
2020-03-03,3.846231228011082,0.6286828984821343,0.36235354173446055,0.4617325898127203,0.7847692576376987
2020-03-04,3.8358284456941076,0.6337092186045412,0.21835973943907305,0.46243941509263253,0.472191020731511
2020-03-05,3.8231233969396126,0.6398614309318336,0.2706752034175892,0.4681498622930689,0.5781806750765259
2020-03-06,3.8275152891762025,0.6426380713691676,0.13359248725694783,0.45972371681158053,0.2905929852466176
2020-03-09,3.801972016188048,0.6403574749836566,-0.1332873218738122,0.4364626357604744,-0.30538082977384284
2020-03-10,3.8005459569519666,0.6389953261021971,-0.06178599101956905,0.4408357168042052,-0.14015649972166608
2020-03-11,3.8355565560995935,0.6408017777272733,0.12170118374947592,0.41152788367006843,0.29573010378817155
2020-03-12,5.948663505816483,0.6246459844212165,2.4985341861424786,0.3841054167716355,6.50481372312421
2020-03-13,5.440603734682911,0.6214725530416135,-0.9045993864805659,0.34657064850739616,-2.610144253059159
2020-03-16,5.365231271064539,0.6348108099287842,0.3583545015277174,0.37900730374930836,0.9455081682667213
2020-03-17,5.656083406487115,0.6058702581361228,-0.7380940792285813,0.4501406453127723,-1.6396965857542805
2020-03-18,5.215757468383121,0.5945960475275256,-1.0787325107523884,0.35235700603145886,-3.0614759811419154
2020-03-19,5.2578194489061865,0.6087090580937712,0.5677358991496462,0.3591591832105209,1.580736135088235
2020-03-20,5.276958059988973,0.6126334024443562,0.1680688910142294,0.34897963169355184,0.48160086076833014
2020-03-23,5.277033239415902,0.6126135249541391,-0.0006049798101734893,0.37407453451451445,-0.0016172707692028567
2020-03-24,5.230469393318301,0.6186231708428205,0.17009474552253323,0.42752598044170514,0.3978582666410055
2020-03-25,5.185321373718609,0.6290453942601455,0.36407285283097934,0.4179156081107915,0.8711635693071837
2020-03-26,5.185060223865586,0.6310834821201773,0.0826089267802601,0.4053674927321047,0.20378774386542603
2020-03-27,5.219860867222392,0.63680557553596,0.27235342248956584,0.383113462903784,0.7108949406927141
2020-03-30,5.233341262214596,0.6406393629408317,0.16569163634350303,0.3790886380765027,0.4370788773417823
2020-03-31,5.216749056840492,0.6355284397543147,-0.21598273218688746,0.3723007174793595,-0.5801297769426449
2020-04-01,5.209714060563476,0.6417561846071014,0.22602461654285477,0.3836008499102026,0.589218237122689
2020-04-02,5.189048351799983,0.6508498291181831,0.3225922334604121,0.3928216499578331,0.821218060397232
2020-04-03,5.193830315815821,0.6607211235427729,0.3875139659951472,0.38395600016644116,1.009266597805904
2020-04-06,5.229140032846648,0.6518656176429367,-0.3058907075971149,0.41340808930971285,-0.7399243399128332
2020-04-07,5.228880340536928,0.6543172646784177,0.09788293642396084,0.39936734128859513,0.24509499476880764
2020-04-08,5.236956304527043,0.6469339688215135,-0.2872514228861256,0.40672183442540444,-0.7062601477787381
2020-04-09,5.162973827608909,0.6649498031199643,0.6641269397154659,0.436190528188863,1.522561579851432
2020-04-10,5.158920236847445,0.6686841956904289,0.15413781459747966,0.42807368777526117,0.3600730878801457
2020-04-13,5.160245460859875,0.6683026640980073,-0.015291827569633654,0.455758851140424,-0.03355245330149843
2020-04-14,5.16081986020821,0.6675928561405887,-0.031098160992581114,0.44919018515981785,-0.06923161284460538
2020-04-15,5.163832154354937,0.6699976968176082,0.11005434809245429,0.4389673883443121,0.2507119002793236
2020-04-16,5.159892724363154,0.6760542626509989,0.2647562952412912,0.44768150898322073,0.5913943058372204
2020-04-17,5.17377029627541,0.6819360336787861,0.2736002783615028,0.43040617135665166,0.6356792643077294
2020-04-20,5.179390889833261,0.6778905424808018,-0.17189892279876418,0.44736841878371825,-0.3842446529107127
2020-04-21,5.182783789467647,0.6833628574364241,0.2449435439669223,0.43808969647101703,0.5591173358790171
2020-04-22,5.174554989803986,0.6862233458504863,0.12035953805632715,0.4659916945729028,0.2582868739037093
2020-04-23,5.1670125287024975,0.6906073304573244,0.19527068441488993,0.47054093002516456,0.41499192090355846
2020-04-24,5.164118707524655,0.6936888981947787,0.14184568786060225,0.4738082130264949,0.29937363676021883
2020-04-27,5.16500129419608,0.6903089867038191,-0.1588123747198722,0.4735827916087889,-0.3353423678685138
2020-04-28,5.165101397591505,0.691498845195095,0.05634020363616443,0.4724074781068952,0.1192618793037309
2020-04-29,5.178074208181933,0.6800773215028689,-0.532847544977237,0.4835753360529782,-1.1018914846369683
2020-04-30,5.167987206484588,0.6762255277959194,-0.19145106313399296,0.4596434680166345,-0.4165207959118965
2020-05-01,5.164484537955982,0.6835295217934906,0.3380599889419287,0.4710191855919719,0.7177202103074813
2020-05-04,5.159579848988637,0.689999857510951,0.30061832162097346,0.47591167233008674,0.6316683096868196
2020-05-05,5.153007404491696,0.6991751361053606,0.43100626186089386,0.4802465656769882,0.8974687018392691
2020-05-06,5.150912909347137,0.6975845967311166,-0.07734494135772252,0.46732378372160127,-0.16550610957947565
2020-05-07,5.157412445708873,0.6940331389186405,-0.16385761464038495,0.489372915870636,-0.33483180071146423
2020-05-08,5.157406742427349,0.6941910641389444,0.007625154547056923,0.4829724742643143,0.015787969197772412
2020-05-11,5.153877793633453,0.6914360432126545,-0.13517424587231375,0.47249269754866563,-0.28608748150735414
2020-05-12,5.1546956189606625,0.6848669216840612,-0.3120354304643591,0.4774743398372031,-0.6535124601057073
2020-05-13,5.154621317220291,0.6880113380696944,0.14987038800359542,0.47717417353856145,0.314079001577574
2020-05-14,5.14674466169513,0.6958189029055891,0.36840677436046576,0.4869205883685491,0.7566054571543799
2020-05-15,5.159618578393281,0.6904430225253334,-0.25491038396017984,0.5096922291268537,-0.5001260945195556
2020-05-18,5.165267858492976,0.6774379129826646,-0.649934992113657,0.5054091561806041,-1.2859580879484656
2020-05-19,5.174953230591296,0.6720884918623171,-0.267048339371307,0.5256217591783054,-0.5080618043453502
2020-05-20,5.176462985578664,0.6624192371090023,-0.501823302133765,0.5208459065200584,-0.9634774812508567
2020-05-21,5.172528349578855,0.6588649256571267,-0.18649508590270614,0.5094027383094405,-0.36610538553763783
2020-05-22,5.172608133913684,0.6590581284660567,0.009930593929311726,0.5087014957253368,0.01952145612458264
2020-05-25,5.172611108107071,0.6590913579124372,0.0016945709444939894,0.5090357988660474,0.003328981867815381
2020-05-26,5.160256733464387,0.6507672726764133,-0.4292749683412893,0.49514371052893347,-0.8669704556738076
2020-05-27,5.157967199079004,0.6422366374886331,-0.4266712937114292,0.4970040861282228,-0.8584864905946702
2020-05-28,5.15810919445105,0.6457613391340614,0.17538219155705903,0.49732068091704223,0.35265412898908666
2020-05-29,5.165334871911133,0.6384932959633633,-0.3586373396743454,0.5080781187409441,-0.7058704684292955
2020-06-01,5.169698735847762,0.6358114479586171,-0.13404821953377422,0.523359311637429,-0.25613038032012636
2020-06-02,5.166446895378098,0.6335082810403312,-0.12057926070124125,0.5035672283660045,-0.23945017449308953
2020-06-03,5.156291435069664,0.6276221243830808,-0.3034599074844877,0.4920004027846361,-0.6167879249020077
2020-06-04,5.15856168014017,0.622293717922396,-0.2633977817064128,0.5012337204067971,-0.5254989259155217
2020-06-05,5.156363054597036,0.6195035396202871,-0.14039124123343072,0.49207012295741875,-0.28530738747082895
2020-06-08,5.157880216477901,0.6165483601382824,-0.14540975810926682,0.49993113285884505,-0.29085957755370095
2020-06-09,5.160369454365613,0.6255035883206937,0.44722074168974046,0.49548837114807315,0.902585747176076
2020-06-10,5.155968193240864,0.6278318733022488,0.11404581302302574,0.5178377821859491,0.22023463128086956
2020-06-11,5.166927781130915,0.6319578404462345,0.21620162276851573,0.4867892612248441,0.4441380284859117
2020-06-12,5.166173912778197,0.6307217885681516,-0.06136745199383853,0.48877006801903083,-0.12555484881175072
2020-06-15,5.164645745278313,0.6322377234758586,0.07360138721019638,0.5006601829015133,0.14700866920083153
2020-06-16,5.168839799030624,0.635175587235093,0.1482041290999021,0.48415697453560397,0.30610759917701746
2020-06-17,5.169145987270437,0.6337033152914503,-0.07170360292082378,0.49070555080618095,-0.1461234803702991
2020-06-18,5.169849253841779,0.6346442722465374,0.04644401622746841,0.48304922506945014,0.09614758458786668
2020-06-19,5.166449054597333,0.6372542083137823,0.12508430985338848,0.4988559632689486,0.25074233659296097
2020-06-22,5.167590675239318,0.6366937362154812,-0.027315173692443295,0.517120915252885,-0.0528216378157621
2020-06-23,5.170261258757241,0.6343398991868153,-0.11931611851096591,0.5227784965964397,-0.22823455686830268
2020-06-24,5.17470731305706,0.6385582480208266,0.22073856641034695,0.5083968392071829,0.4341855601513508
2020-06-25,5.174643495603657,0.6390882177829197,0.027089086725887057,0.5133719331521778,0.052766980383123316
2020-06-26,5.175012166428903,0.6381248853687764,-0.0492761730064899,0.5171522155935446,-0.0952836931191231
2020-06-29,5.1752074037158575,0.6377626705490272,-0.01863086843735573,0.5221273591688766,-0.03568261289163698
2020-06-30,5.172238584410252,0.6400876970959252,0.1203448042525892,0.535941684450012,0.22454831886437063
2020-07-01,5.172278678427055,0.6396541900629894,-0.023041535742208907,0.5326364134383059,-0.04325940765759861
2020-07-02,5.171422523823751,0.6363975281517015,-0.17366087447487644,0.5297395883282238,-0.32782310082379024
2020-07-03,5.1713916310077925,0.635882604456368,-0.027326731233507928,0.5301287290372839,-0.051547350174991256
2020-07-06,5.1736637257512585,0.6334562026427226,-0.12823882291525734,0.5420169912016232,-0.236595577254799
2020-07-07,5.17252906086261,0.6345361889526988,0.058055701351939604,0.5523409748279371,0.10510844568434356
2020-07-08,5.169792956393171,0.6365705752658221,0.11157035458862907,0.5673054541346824,0.19666716365138537
2020-07-09,5.169804748653621,0.6361986457722705,-0.020931745010194902,0.5630505148625812,-0.037175607618978077
2020-07-10,5.169064517166366,0.6325963133893164,-0.20293820914174887,0.5606986915598909,-0.36193808224728496
2020-07-13,5.1637274418848556,0.6284178855799355,-0.23524969891821712,0.545872944996442,-0.4309605395807819
2020-07-14,5.1604750749336326,0.6311311248024426,0.14896060439428283,0.5664416604240602,0.2629760746813099
2020-07-15,5.1621301646794615,0.6277111262266373,-0.19217736205511216,0.5685108099079916,-0.33803642552762425
2020-07-16,5.164240359904874,0.6302695892944213,0.14524890282982028,0.5565351029842704,0.2609878551253316
2020-07-17,5.166525119561077,0.6285114341177782,-0.09836149457760257,0.5781136929549354,-0.17014212909374896
2020-07-20,5.167199923208921,0.6279663604313145,-0.031325727726574826,0.591816278920385,-0.052931507365293284
2020-07-21,5.1717947300971305,0.6230706617336548,-0.28854093605615105,0.6021971613708362,-0.47914695479354147
2020-07-22,5.175019326568656,0.6199102542939233,-0.1902148158380612,0.6158533430875719,-0.30886381956525877
2020-07-23,5.180222032055544,0.625078918532465,0.3155112810771925,0.5969494888036309,0.5285393270199806
2020-07-24,5.179964609378166,0.6254530974159599,0.02252695336132149,0.6118620827625341,0.03681704422606668
2020-07-27,5.182235618620683,0.6242112519328806,-0.07659171339571458,0.6421680019287832,-0.11927052292494736
2020-07-28,5.182894913121498,0.6271427451862105,0.18594691216452475,0.6310750278814288,0.29465103822720407
2020-07-29,5.18230430181289,0.6227758610820231,-0.2758571418518727,0.6301010904031163,-0.43779822960691767
2020-07-30,5.184936343335917,0.6244667262628221,0.10591594891688771,0.6061129461249763,0.17474622443561627
2020-07-31,5.181183296209371,0.6302463884871382,0.35425802716383714,0.6223146146034418,0.5692587299907481
2020-08-03,5.180970200609238,0.6270333079964082,-0.19907764122787341,0.618722573735667,-0.3217559043076455
2020-08-04,5.178838079352935,0.6284741297731313,0.09015531395304777,0.646277967784896,0.1394992842817359
2020-08-05,5.18284084444919,0.6215301517339192,-0.446925399915564,0.6512374232135996,-0.6862710648754852
2020-08-06,5.182621955395294,0.6201791709425636,-0.08763645389338137,0.6465731047240508,-0.13553989990162596
2020-08-07,5.1853195974247095,0.6220330360764396,0.11897537625002741,0.6229069503153619,0.19100023878332584
2020-08-10,5.184551235611888,0.6197711348918159,-0.14165907477486428,0.622215590001929,-0.22766879687862707
2020-08-11,5.182317085862086,0.6191340166715776,-0.0394861105041997,0.5746150780764765,-0.06871749804474227
2020-08-12,5.182158179880861,0.6157332777811503,-0.1984868328611924,0.5840234534078742,-0.3398610650017369
2020-08-13,5.185075312337063,0.6136827477509319,-0.1202527632203001,0.6064797483625757,-0.1982799319267766
2020-08-14,5.185024013526649,0.6122751880122171,-0.08461642737305652,0.6005001592966625,-0.1409099166137837
2020-08-17,5.171942307441151,0.6192651527276699,0.42477097810510855,0.6339702575930042,0.6700172019391527
2020-08-18,5.172893247964518,0.623118972934525,0.2411847935898095,0.6222807188198171,0.38758198076139516
2020-08-19,5.175598288159363,0.6247223621496755,0.09936831655475231,0.5977119965652847,0.16624782023075702
2020-08-20,5.173719244069561,0.6292407062376665,0.2728367707058865,0.6100777904139558,0.44721636321289243
2020-08-21,5.174635464920974,0.630131606147768,0.054038607061194455,0.5929037514301104,0.09114229237182411
2020-08-24,5.174117167089489,0.6278531640893691,-0.13576388023044217,0.593192800625335,-0.22886973693430182
2020-08-25,5.174139465433482,0.6280103672594952,0.009331461347471759,0.5919000731565358,0.015765264730764665
2020-08-26,5.17431787758483,0.6278189302932979,-0.011379723373181605,0.6075021063329915,-0.01873198998744543
2020-08-27,5.1728503846344145,0.6256339252345654,-0.1317580681006092,0.5939431037018689,-0.22183617804365563
2020-08-28,5.178002411740739,0.6216723859621597,-0.2376652861219526,0.618272242690279,-0.3844023226528868
2020-08-31,5.177804321006003,0.6222286469040526,0.03418130735747127,0.6191903011478942,0.055203234440371236
2020-09-01,5.177314987683944,0.621151986268342,-0.06642791267261572,0.6109768106850152,-0.10872411441956045
2020-09-02,5.178143761283832,0.6248800421564655,0.22816348590702518,0.6092947211155828,0.37447146348038474
2020-09-03,5.177303291105724,0.621243928382471,-0.221604739838142,0.606562676673414,-0.3653451627678348
2020-09-04,5.176390810616341,0.6178582280279499,-0.205426642592343,0.6033391861354584,-0.34048284499495735
2020-09-07,5.176370561405656,0.6174457425340675,-0.02491978340474077,0.6037090179807661,-0.04127780547007615
2020-09-08,5.180170470311063,0.6231431725447296,0.3434082183844751,0.5939665374980015,0.5781608839969887
2020-09-09,5.175806871896074,0.6263457100749174,0.19213125427268096,0.6191465607110186,0.3103162747961328
2020-09-10,5.17495207230884,0.6242107904191656,-0.13086780009101773,0.6074751786660242,-0.21542904909859012
2020-09-11,5.175117967292833,0.6245424398922718,0.020164665133513893,0.6015481831352958,0.033521280088345984
2020-09-14,5.1828709067921,0.6197730398468152,-0.2903833515242553,0.6316965038983148,-0.45968807763260755
2020-09-15,5.183038705226835,0.6188998188241583,-0.054677130429894305,0.6285529410664819,-0.0869889023780912
2020-09-16,5.1837065437357195,0.6159312514482482,-0.18676704330999883,0.6323009140735567,-0.29537683585931346
2020-09-17,5.181974663120477,0.6119324670059672,-0.25194570409264117,0.6243975075043312,-0.40350209772561196
2020-09-18,5.179836767853327,0.6036917250610236,-0.5150974733025322,0.6218475585072956,-0.8283339964202642
2020-09-21,5.188020766155974,0.6079710331500479,0.26486288395096835,0.5940186803527765,0.44588308871645466
2020-09-22,5.188472561051732,0.610389594489521,0.14494257422812495,0.5973743499419344,0.24263273815190353
2020-09-23,5.201648017352997,0.6147050194213611,0.2581742656169155,0.5583468849092185,0.46239044686152764
2020-09-24,5.200912606782108,0.6157483007776914,0.0591157910105764,0.5773829988167368,0.10238574937558897
2020-09-25,5.201464364722922,0.617467307721441,0.09873215640499211,0.5699866750382664,0.17321835882981593
2020-09-28,5.202998557522578,0.614892268004844,-0.14716418132794473,0.5800152037193509,-0.2537246961532276
2020-09-29,5.203307521731391,0.6143661014447745,-0.030440186524877788,0.586664269862838,-0.051886893558379985
2020-09-30,5.204867483639616,0.6181321138109575,0.2201275611948077,0.5789162776252494,0.380240752769614
2020-10-01,5.205971140291301,0.6159913063158363,-0.12437049914828435,0.5883335468407105,-0.21139453940055078
2020-10-02,5.205791116908971,0.6156791909088457,-0.018294079398806673,0.5783722406902332,-0.03163028601956138
2020-10-05,5.207558721520988,0.6130834010212856,-0.15085246219626924,0.5908642995505623,-0.2553081347290983
2020-10-06,5.201518419643095,0.60791373736695,-0.303952751232913,0.5722599832733234,-0.5311445149358605
2020-10-07,5.202112459605486,0.6052162951079786,-0.15539059454488324,0.5795625219699462,-0.2681170514903329
2020-10-08,5.203637598364996,0.6032094742969968,-0.11629649366735606,0.590144608552147,-0.19706440079606308
2020-10-09,5.203207370396731,0.6034527572357558,0.014403354630886156,0.6167545005940043,0.023353464980010844
2020-10-12,5.203170285354003,0.6042345743442985,0.04771621845262786,0.6107252298303344,0.0781304195765482
2020-10-13,5.2046310644774865,0.6067640356063351,0.1542145750318511,0.6020820779025361,0.25613546838843965
2020-10-14,5.2044776823445025,0.6070243553668537,0.01576486131336452,0.6139506334411294,0.025677734421421006
2020-10-15,5.203783517269892,0.6056091903496472,-0.08642309954261407,0.6041492233944161,-0.14304926034175025
2020-10-16,5.203880254203782,0.6057801363850535,0.010339279253791744,0.5975030049396648,0.017304146034940515
2020-10-19,5.202698934909502,0.6039690321457967,-0.10836902945521132,0.5898846528649965,-0.18371223751775267
2020-10-20,5.202984924898142,0.6028752985973096,-0.06478403393835919,0.5962258129837995,-0.10865687551189515
2020-10-21,5.203337078496092,0.6021786452558988,-0.04154002432552062,0.6033121753881152,-0.0688532836235198
2020-10-22,5.202333533789444,0.6004766679464473,-0.10224246415285876,0.5928499607188746,-0.17245925769967527
2020-10-23,5.2024619566619945,0.6007289949038077,0.014994342150302487,0.5876799518643412,0.025514469402495032
2020-10-26,5.203688555632405,0.602184897937679,0.08570762981079838,0.5776285789663613,0.1483784440932062
2020-10-27,5.20311733279504,0.6034273695619894,0.07214127914235036,0.5873416033632574,0.1228267821132579
2020-10-28,5.210393053521197,0.6059366971554585,0.1475484855507716,0.5496990612374167,0.2684168410595938
2020-10-29,5.210379804025989,0.6075533943948754,0.09011158674775999,0.5584174148239474,0.16136958546711788
2020-10-30,5.209066128298904,0.6110248067639545,0.19359255880814175,0.5631335578133418,0.3437773439747851
2020-11-02,5.205681142463987,0.6141191769095898,0.17396370620328128,0.5775836603077276,0.3011922222844672
2020-11-03,5.203368613732259,0.6173399046257703,0.1849967522367848,0.5842329160123811,0.31664897195361774
2020-11-04,5.204714580710038,0.6187327336255375,0.08104641436682414,0.5688247679792958,0.14248045958816982
2020-11-05,5.225394734636729,0.6115096868731625,-0.4180718332071862,0.6202504981574795,-0.6740370776792818
2020-11-06,5.224988194399478,0.6124910474319905,0.05980271945355753,0.6145154361255847,0.09731687104656557
2020-11-09,5.2131567611704375,0.6071044192246904,-0.3290472522532255,0.5820176730667908,-0.56535611800136
2020-11-10,5.208628877889399,0.6043139876392347,-0.1640979692908644,0.5670251778906926,-0.28940155691375336
2020-11-11,5.212365484483707,0.6080266640546803,0.21230587682871516,0.5587565532865891,0.3799613187173169
2020-11-12,5.212304000224816,0.6082744290213298,0.013910550143464206,0.5653366835259815,0.024605780146274393
2020-11-13,5.213818782878246,0.6061793070892726,-0.11827120722884388,0.5746957825399104,-0.20579793835642146
2020-11-16,5.213695391789837,0.6054117032287627,-0.043927472299728265,0.570061385279141,-0.07705744229319861
2020-11-17,5.211761740936417,0.603064387000754,-0.13404836675063336,0.5600750464138082,-0.2393400091808277
2020-11-18,5.20611754200833,0.5981989178237613,-0.2743258191186868,0.5484149457646145,-0.5002157968838988
2020-11-19,5.204911352589498,0.5932125245956132,-0.275230985319034,0.5491200632666524,-0.5012218706446754
2020-11-20,5.204469875917497,0.5955608355574561,0.12902900967371522,0.5523365592824331,0.23360577442373723
2020-11-23,5.199677925933978,0.5928775696200423,-0.1490255397748399,0.5312089915908277,-0.2805403186579139
2020-11-24,5.1966845172607865,0.5908642188770699,-0.10877810819273037,0.5204706078961876,-0.20899952186046808
2020-11-25,5.1966379020856746,0.5909481208639354,0.004387332258652066,0.5314380970629137,0.008255584766879587
2020-11-26,5.196637001140837,0.5909610846766628,0.0006859709399051894,0.5301705523395683,0.0012938684294668873
2020-11-27,5.197190378428478,0.5894222040273246,-0.08144957088851967,0.5345257334260679,-0.15237726791274353
2020-11-30,5.195994473454684,0.5928014448427238,0.18000942690400024,0.5377670916551478,0.3347349246491905
2020-12-01,5.204025773968425,0.588524006855547,-0.22895087713868634,0.5622438746346132,-0.407209197765783
2020-12-02,5.203873383978408,0.589464382961365,0.05222239652979255,0.5572554299128412,0.09371357141905376
2020-12-03,5.202862268360692,0.5859759925603479,-0.19444195042937906,0.553536496146571,-0.35127214155341396
2020-12-04,5.203406927923161,0.587214266404432,0.06872421201360623,0.5492030100497284,0.12513444164733092
2020-12-07,5.203059036821875,0.5874820405733346,0.014732201686577184,0.5688228440569688,0.025899455059687656
2020-12-08,5.203709312767148,0.5904462931189263,0.1672545907281986,0.5610682954265596,0.29810023501869964
2020-12-09,5.204560362232174,0.5911247430033639,0.038231952768747135,0.5466808282510037,0.06993468728556412
2020-12-10,5.204076461838943,0.5878460931570277,-0.1804850481059077,0.5489665921398678,-0.3287723710151073
2020-12-11,5.2044725076909675,0.5889417589420902,0.060229108230196005,0.5449424589623345,0.11052379428257936
2020-12-14,5.203258709827123,0.5877434833463634,-0.06566999913258087,0.5343885224381659,-0.1228881167450215
2020-12-15,5.2067679509047045,0.585118720671608,-0.14063526696959627,0.5552916498100148,-0.2532637885293479
2020-12-16,5.208783540402042,0.583218940120001,-0.10446962965482953,0.564650298690267,-0.185016513578673
2020-12-17,5.211704968565734,0.58140980969133,-0.10172984116061912,0.5849808759328636,-0.17390284938527514
2020-12-18,5.211428769244957,0.5809401310172405,-0.027201336707889823,0.5709221965504628,-0.047644559753047794
2020-12-21,5.213922515663826,0.5738127223982288,-0.4086114763381872,0.5784460589886707,-0.7063951253338734
2020-12-22,5.219931393966409,0.5775029536986394,0.21330642744457862,0.5562139791565829,0.38349706306919257
2020-12-23,5.221546038925669,0.5752104188687086,-0.12861118951255435,0.5714220944253776,-0.22507213278458515
2020-12-24,5.221439455423906,0.5760553990769285,0.04805643008828753,0.5704769203257357,0.0842390434670834
2020-12-25,5.221439496963869,0.5761697498668469,0.006520575217948021,0.5703699703445337,0.0114321853480632
2020-12-28,5.220966423037375,0.5719302740513281,-0.24182987425576385,0.5690763710488457,-0.4249515294582611
2020-12-29,5.221289438945203,0.5739330837397492,0.11405505773321778,0.5674752409821322,0.20098684400014022
2020-12-30,5.224559567334798,0.5709744800196687,-0.16828157858002868,0.5844433641109907,-0.2879347921693069
2020-12-31,5.223636885975512,0.5670985617089318,-0.22495467774380273,0.5770489023616565,-0.3898364191026844
2021-01-01,5.223611748377546,0.566582472682651,-0.02983186129392834,0.5776066236338935,-0.05164736703718408
2021-01-04,5.211388220320634,0.5721643741638287,0.32522042387940786,0.6137766206474684,0.5298677286474928
2021-01-05,5.211482998991504,0.5718545590179475,-0.018773958603176766,0.6097859647174771,-0.030787784057763643
2021-01-06,5.211918480141405,0.5742419859131772,0.1453380803675941,0.6063985749554761,0.23967417861802418
2021-01-07,5.214713711778165,0.5798833743237961,0.34192971444281994,0.5996578991736412,0.5702079717685973
2021-01-08,5.219137594134082,0.5818116300120134,0.11572674912510905,0.5701206298669852,0.20298642613951587
2021-01-11,5.218340161068814,0.581108727127154,-0.04053856990843485,0.5621102799822777,-0.07211853501365063
2021-01-12,5.218461202567038,0.5835913690009289,0.14030030355844758,0.5649401209020967,0.2483454411671382
2021-01-13,5.2190736552489785,0.5846759713077985,0.061304854932501485,0.5577018030798359,0.10992407518489877
2021-01-14,5.219040185355942,0.5843311632971189,-0.01929241494191558,0.5585084830073035,-0.03454274291060911
2021-01-15,5.231106887389087,0.5904132785368917,0.34197127319328047,0.535610412150744,0.6384701742822634
2021-01-18,5.231408425554969,0.5913851886795467,0.052638337522111556,0.5380136292230392,0.09783829751325832
2021-01-19,5.231635590152828,0.5908726593296387,-0.027567127392153168,0.5443861892780635,-0.05063891761969798
2021-01-20,5.232186534726863,0.5904949760576401,-0.020466580519716615,0.5626775628369659,-0.036373550095948545
2021-01-21,5.232533030221418,0.591671221584744,0.06561784030063222,0.5535916605043388,0.1185311213699505
2021-01-22,5.234379541844979,0.5939116388564324,0.12455429564506915,0.5448908006883789,0.22858579276382626
2021-01-25,5.236139553178698,0.5977732548508262,0.21162834301437528,0.5421415307142455,0.39035626496934306
2021-01-26,5.236148413060691,0.5954216561279426,-0.12777716096702818,0.5437408629970639,-0.23499642874498866
2021-01-27,5.231242992858028,0.5924616111316976,-0.16213335016051644,0.5252384015446528,-0.3086852554643851
2021-01-28,5.242655731673351,0.5841089451748048,-0.4407614965272515,0.5478733354219586,-0.8044952510561365
2021-01-29,5.242778491284487,0.5829035825182943,-0.06540382682539558,0.543847190940165,-0.12026140414981279
2021-02-01,5.259552071206029,0.5742734939318157,-0.46887798733424546,0.5712350804634808,-0.8208144131376065
2021-02-02,5.2723997358099455,0.581540718363733,0.4116740454883754,0.542236355306412,0.7592151309289152
2021-02-03,5.272268863891126,0.5803415088621514,-0.06568344225920697,0.5468597282080856,-0.12011021999084519
2021-02-04,5.26947168836631,0.5768390212087312,-0.19204247959635978,0.5375225539327791,-0.3572733426556386
2021-02-05,5.267553497256087,0.5802313470074791,0.18286979915096424,0.5474386885679531,0.3340461735164061
2021-02-08,5.265635135850725,0.5832042446162742,0.16194712597992122,0.5538389331545375,0.29240834525212617
2021-02-09,5.266235970375202,0.5864637862555739,0.17993560466916136,0.5494887774551828,0.32746001747749476
2021-02-10,5.266215567534138,0.5866686593270196,0.011270130946130053,0.5517259676678219,0.020427044595652366
2021-02-11,5.266986271109304,0.5877853411508392,0.061686698714062516,0.543073963394286,0.11358802460076022
2021-02-12,5.266971122523179,0.5859474643160589,-0.10019827290236094,0.5454519187817766,-0.18369771826295123
2021-02-15,5.266965786775159,0.5856747764595049,-0.014871605257155807,0.5452995981983579,-0.027272356895715368
2021-02-16,5.265322230580919,0.5835570870835869,-0.11580388390112262,0.5363305815637036,-0.21591885281553316
2021-02-17,5.260788528048825,0.579085696314392,-0.24193706147024585,0.5274750001540668,-0.4586701955534954
2021-02-18,5.2613201199608435,0.5796700546074242,0.031135961491159492,0.5206646122073847,0.05980041808325894
2021-02-19,5.261428357672779,0.5764175643940951,-0.17009032879949615,0.5238991404194614,-0.32466235516880754
2021-02-22,5.266525563848173,0.573905301175836,-0.13074645565402676,0.5499587988799589,-0.23773863773123333
2021-02-23,5.26472120187673,0.5697964064631443,-0.223278786928077,0.5369308899431545,-0.41584269243983296
2021-02-24,5.266669124360232,0.5659401752727412,-0.2074281929087789,0.5453087182933153,-0.38038671664370066
2021-02-25,5.270708561867539,0.5678049030784704,0.10247106726075828,0.5200452679133464,0.19704259144962114
2021-02-26,5.262844852090366,0.5635413510914289,-0.22697850543711695,0.5076619543378937,-0.44710560540852107
2021-03-01,5.265773052079171,0.5663962872422373,0.14734987685010736,0.5024682361595397,0.29325212271392614
2021-03-02,5.2614896175678965,0.5701498150408445,0.18812120725640824,0.5182337604030011,0.3630045389364773
2021-03-03,5.2639997672656715,0.572774605180495,0.13592528432573303,0.5042849197830797,0.2695406485369459
2021-03-04,5.265185699263421,0.5758939561416663,0.15866569550608034,0.503745534358247,0.31497191475496555
2021-03-05,5.264238831425722,0.5783360491918927,0.12288161527204977,0.5090808868237071,0.24137935336512298
2021-03-08,5.266424820477796,0.5811388872075937,0.14321295412993607,0.5000300026317221,0.286408722229042
2021-03-09,5.267414998716113,0.5803706691971398,-0.03825426408307209,0.5171171634594595,-0.07397600928028589
2021-03-10,5.266970148953001,0.5824072696062192,0.10425489418978984,0.5148297437141499,0.2025036343814578
2021-03-11,5.264663867221176,0.5859505841288347,0.18159099201557538,0.5219161727649216,0.34793133742833166
2021-03-12,5.264635456157971,0.5879925395647888,0.1061466222132168,0.5200336812812069,0.2041148987729091
2021-03-15,5.264485156840603,0.5881970268525752,0.010597105081146196,0.5288937359490693,0.02003635959524138
2021-03-16,5.265115614770206,0.5905657582451126,0.12488727492018015,0.523485905364639,0.2385685529263462
2021-03-17,5.264080757447245,0.5918008140012865,0.06453810955618167,0.534746156094349,0.12068924445862639
2021-03-18,5.2638858754390965,0.5915064215222481,-0.015711081877533672,0.5244215960165367,-0.029958876592561707
2021-03-19,5.265623367818026,0.5880371071087296,-0.18226683332416016,0.5328419690546009,-0.34206546013548544
2021-03-22,5.266334787479353,0.589166315288574,0.06016168930506183,0.5240602305096043,0.11479918872408935
2021-03-23,5.275487176884696,0.5941802015154016,0.26698382249487196,0.5076295075998749,0.5259422836887462
2021-03-24,5.276456098918611,0.5953020606147704,0.057847197091899005,0.5042290590739182,0.11472404465966886
2021-03-25,5.276280476824514,0.593961445775479,-0.06793411681810468,0.5053665244360741,-0.13442543883157015
2021-03-26,5.275175540048323,0.5959215869952551,0.09869414278422894,0.5118558824295554,0.19281627147815736
2021-03-29,5.2765729470370335,0.6017694970518273,0.2987795194394316,0.5075675279487013,0.5886497913822978
2021-03-30,5.284852869001462,0.6058854693395183,0.21307539584745427,0.4898464975582211,0.434984014195445
2021-03-31,5.287807092365751,0.6027740125625334,-0.1527964956053509,0.5057139990186867,-0.302140134348357
2021-04-01,5.2863014032920495,0.6037355030225391,0.04780018445705991,0.5198639137457718,0.09194749470615413
2021-04-02,5.2862637083227995,0.6038874686727447,0.007810175443005107,0.5171830653956008,0.015101375055718408
2021-04-05,5.286219747466048,0.6058988403077524,0.10392381536360418,0.5171105583820632,0.20097020584681402
2021-04-06,5.288359073449959,0.603624242039836,-0.11705023913371093,0.5282483107217711,-0.22158185224251745
2021-04-07,5.288851636481034,0.6046951713334131,0.05638486106122542,0.5199860541410558,0.10843533324055261
2021-04-08,5.292977907220546,0.6012799077006652,-0.17720706888611915,0.5364933510033545,-0.33030617910679594
2021-04-09,5.292962305052565,0.6029605025914935,0.08945446585697425,0.5322602922724443,0.16806526272146904
2021-04-12,5.2932461376465065,0.6032222736792183,0.014019194682088454,0.5207120571896794,0.026923122844036033
2021-04-13,5.294160666539963,0.6019282738551253,-0.0675617745732282,0.5326732150965662,-0.12683531414467725
2021-04-14,5.295153439481411,0.6041051269558806,0.11566506176531988,0.5249756770366287,0.22032461088144786
2021-04-15,5.288763578353747,0.6086571576439643,0.23851397260862228,0.544384892843166,0.43813481186616376
2021-04-16,5.288369201085054,0.6093278494862326,0.036119847728457444,0.5466073163278097,0.06608006634656123
2021-04-19,5.292286211373722,0.6152183971093123,0.32176302941351764,0.5370732009523044,0.5991046077945943
2021-04-20,5.291629292835827,0.6174318464248021,0.11923566844524913,0.5432224428961889,0.2194969482658789
2021-04-21,5.293136587057207,0.6157653727929254,-0.09017763270560408,0.5539886889886427,-0.16277883375242128
2021-04-22,5.293856642329667,0.6167024569985005,0.0517484903342762,0.5416061220323012,0.09554635412926506
2021-04-23,5.2941232643245,0.6175093562644551,0.04394800436409696,0.5404669033035906,0.08131488551003932
2021-04-26,5.294060004484067,0.615831855795505,-0.09081872376442135,0.5411593662137831,-0.16782251113906385
2021-04-27,5.2921717083616375,0.6132181813158879,-0.14185947212073557,0.5329728508290447,-0.2661664133549612
2021-04-28,5.2929668024122325,0.6101256704975718,-0.16532114794261332,0.538594217870385,-0.30694935529812645
2021-04-29,5.292419073923817,0.6094952345274645,-0.034028007754230316,0.5278594121135645,-0.0644641489255277
2021-04-30,5.2931900037810475,0.6104566520634942,0.05121231458431197,0.5219632656724474,0.09811478690619144
2021-05-03,5.29148123318779,0.6116332603663567,0.061337112786894465,0.5425573239155183,0.11305185661164402
2021-05-04,5.294535621567005,0.61651201661887,0.26287884744962753,0.5299255286905693,0.49606752876992655
2021-05-05,5.294299415766746,0.6200888392648283,0.19025630570012453,0.5332071851086442,0.3568149698908477
2021-05-06,5.29127180472628,0.6225138129519844,0.1287645941263733,0.5489293157201863,0.23457408893791046
2021-05-07,5.290845734677411,0.6229758391836092,0.025122547556755137,0.5565622074774911,0.04513879530307699
2021-05-10,5.2926402817243865,0.6285984076860341,0.31154578444386516,0.5496307730064567,0.5668274044040932
2021-05-11,5.293516545081539,0.6265539372995422,-0.11253466139836377,0.5566805749056325,-0.20215302360324042
2021-05-12,5.295803723404369,0.6286833499629638,0.11858434329016632,0.542279305751839,0.21867761139392172
2021-05-13,5.300723300462389,0.6364717004450636,0.4257579277460053,0.5384146141265437,0.7907622055108989
2021-05-14,5.301606324189994,0.6356470480102497,-0.04443637222092889,0.5543574979244451,-0.08015833173953975
2021-05-17,5.297255703998651,0.6379170960371644,0.12501827085191053,0.577878712012755,0.21633998320594153
2021-05-18,5.297623767134642,0.6366674613976935,-0.07136565114849702,0.5748291689729456,-0.12415106087258397
2021-05-19,5.296733266755031,0.6349036026874456,-0.10129829602134066,0.5675190407293638,-0.17849321124301695
2021-05-20,5.297718620061284,0.6329879683671139,-0.10906644957162825,0.5767754279396639,-0.18909690719875402
2021-05-21,5.297621808880543,0.6305898072002645,-0.13788547895894254,0.5744660268205901,-0.24002373077147202
2021-05-24,5.2983274780858824,0.6279813037420038,-0.14995183138511692,0.5787687093758718,-0.25908766136790784
2021-05-25,5.298373181135808,0.6275865865848569,-0.022813256683569705,0.579666053400458,-0.03935586110268448
2021-05-26,5.298734497706761,0.6294707704033079,0.10914839375203655,0.5768227846295098,0.18922344376902864
2021-05-27,5.298440816414503,0.6265884245083532,-0.1664426541328652,0.5762915765675242,-0.28881673947799424
2021-05-28,5.299625150512265,0.6233803505349348,-0.18506041103459836,0.5821441613910265,-0.3178944723801725
2021-05-31,5.299638172929081,0.6229652748255469,-0.024113652138105124,0.5814649050374924,-0.04147052028281964
2021-06-01,5.29971105211714,0.6222531420784145,-0.04141389567947584,0.5831183269118891,-0.0710214269868654
2021-06-02,5.3000993370462774,0.6201017796842224,-0.12542194468083778,0.5856124469516756,-0.21417226586235372
2021-06-03,5.304689844113192,0.6227461764554226,0.15481826051326664,0.5623769520950956,0.275292683913347
2021-06-04,5.3054324216791935,0.6210711450177427,-0.09504773236493236,0.5741860030154049,-0.1655347428634242
2021-06-07,5.305432382199844,0.621061276353573,-0.0005648842516023933,0.5724265662061313,-0.0009868239612746729
2021-06-08,5.304894459767124,0.6201134459319282,-0.05428116286052642,0.5651411118880579,-0.096048865882683
2021-06-09,5.304808415763099,0.6196488307825151,-0.02634268799938866,0.5647671894044084,-0.046643446173226
2021-06-10,5.305830201466354,0.6186589258711426,-0.05599315150858075,0.5802658840893096,-0.09649568076272215
2021-06-11,5.305850518921506,0.6186913503840981,0.0018699114375237968,0.5681115532828839,0.0032914511713735533
2021-06-14,5.305374655090185,0.6168104301609466,-0.10727077255857864,0.5671841752745732,-0.1891286415151639
2021-06-15,5.3051740740356585,0.6164458741358424,-0.020713425078170644,0.5609230136268963,-0.036927393911401166
2021-06-16,5.302645239079118,0.6135284583407359,-0.16439016523755612,0.5519834563048199,-0.2978171960769337
2021-06-17,5.289121827653135,0.6070271830975751,-0.3634006531363738,0.5312176755460916,-0.6840899124126435
2021-06-18,5.2844273514677464,0.60315768688198,-0.20891138251158736,0.5239181974838688,-0.3987480937193819
2021-06-21,5.283232142972187,0.6076198270650522,0.23481010861573282,0.5305609686105653,0.44256951134316236
2021-06-22,5.283681610103162,0.6089947555553525,0.07291647664261802,0.5258949667034721,0.1386521667999387
2021-06-23,5.283595063481476,0.608737045960708,-0.013603368238364055,0.5234511161748694,-0.02598784837402004
2021-06-24,5.283819922115802,0.6074340516700646,-0.0682625762292659,0.5266244412114732,-0.1296228790145616
2021-06-25,5.284912340923838,0.6104959628343788,0.16137703746993282,0.5222091978218456,0.30902756623790345
2021-06-28,5.289422166469128,0.6151834419927108,0.2468121044658531,0.5134318203085041,0.4807105728615572
2021-06-29,5.290140194446709,0.6162191695469835,0.05370885807219139,0.5093190969574294,0.10545227617231984
2021-06-30,5.292655779625813,0.6123419686993868,-0.19731880099488563,0.5186138731717965,-0.3804734335163487
2021-07-01,5.292662384102435,0.6121200073532578,-0.011459717396185454,0.5167329835646463,-0.022177251618682045
2021-07-02,5.2928309787998975,0.6118529372241746,-0.013751080196747978,0.5240597063175304,-0.026239529639426485
2021-07-05,5.292834546473738,0.6118105654817928,-0.0022109852119811535,0.5230114865421707,-0.004227412339638702
2021-07-06,5.295200148011066,0.6182219122463508,0.33597200571684027,0.5190305764950424,0.647306769450122
2021-07-07,5.295857061778317,0.6215314931461232,0.1723443335324646,0.5182638282772617,0.33254169812573436
2021-07-08,5.2955666376355195,0.6213040701580149,-0.011908486968419396,0.506101673123374,-0.02352983125885938
2021-07-09,5.2953414862178585,0.6216228229805708,0.016164201248798804,0.5178031393483497,0.031216885376827375
2021-07-12,5.298133159948227,0.6248859962647162,0.16921406900528524,0.5065719522228508,0.3340375799780654
2021-07-13,5.2975686935305335,0.6285282338808267,0.1852020407299122,0.5111487514366735,0.3623251357053486
2021-07-14,5.29770285945771,0.6283354566120996,-0.009796111564313037,0.5182716800910669,-0.01890149884823291
2021-07-15,5.297204082611842,0.6319033366983942,0.18396976775665053,0.5176034842020265,0.35542606139962735
2021-07-16,5.302547812969093,0.6349479055836075,0.1597071821261551,0.5003507659565863,0.3191904419708879
2021-07-19,5.310292360235729,0.6392511755609344,0.22098782992311072,0.48905002958291843,0.4518716216244339
2021-07-20,5.310577279543325,0.6406002676138626,0.06667246748875044,0.491966748783017,0.1355223044111798
2021-07-21,5.315398318512231,0.6349674662745355,-0.2751026846295588,0.5011130472446754,-0.5489832806034205
2021-07-22,5.315475316412114,0.6352430102676667,0.013766930626417206,0.4955901929543374,0.0277788600786248
2021-07-23,5.315594236474257,0.6354878398202963,0.012212490165154577,0.49218868669741445,0.024812618605885423
2021-07-26,5.3163519289966885,0.6340545067383792,-0.0703889357050329,0.4990919476983361,-0.14103400391379942
2021-07-27,5.317736999316138,0.6407007554110493,0.33117837596427435,0.4953732860936061,0.6685430669382011
2021-07-28,5.318075640700821,0.6402766347908687,-0.020897095606880356,0.504529435002015,-0.04141898203976325
2021-07-29,5.315109695729938,0.6429147871861198,0.13135088797235284,0.5140857563013037,0.2555038461236195
2021-07-30,5.315177295804478,0.64385987843664,0.048284272814619555,0.509741141114587,0.09472312301306972
2021-08-02,5.315214984465907,0.6440248234277138,0.008429398435531255,0.5080324527241342,0.01659224403939503
2021-08-03,5.314843475339832,0.6454147253155176,0.07056077128076765,0.51175273108445,0.13788059544155837
2021-08-04,5.31550684352516,0.6467495497424705,0.06845222785683092,0.5059420589369414,0.1352965752652766
2021-08-05,5.314194741186084,0.6448490439111778,-0.0969785617912251,0.5008942703558155,-0.19361084270805368
2021-08-06,5.307327443791181,0.6395064274735202,-0.271813686365725,0.4910881396699332,-0.553492671495619
2021-08-09,5.31320556352359,0.6425059790829387,0.1514758615961007,0.477977480420437,0.3169100382362366
2021-08-10,5.310890548711681,0.6393932901337064,-0.15146844319830421,0.47677894605601834,-0.3176911322349114
2021-08-11,5.311748928710221,0.6384105791238571,-0.04655263472476889,0.48701796114072915,-0.09558710035196628
2021-08-12,5.311957070420143,0.6387035173300297,0.014298098715052276,0.47783362976948535,0.029922755168885685
2021-08-13,5.311455576933405,0.6393041480911,0.028564477799438492,0.4882421373328212,0.05850473692311992
2021-08-16,5.312122042491077,0.6414202153072779,0.10309192227072117,0.48261023610470927,0.21361321115525175
2021-08-17,5.315952700698612,0.6451592372576485,0.18300707621574475,0.4750880738294915,0.3852066307213297
2021-08-18,5.311077069857395,0.6404820241048985,-0.22633165593585147,0.4694549042953191,-0.48211586217336316
2021-08-19,5.311686322085856,0.640944313643538,0.022205848100895764,0.46189584217787294,0.04807544487993993
2021-08-20,5.311442166441838,0.6403671390998147,-0.02698691626829941,0.4620725612417883,-0.05840406579385265
2021-08-23,5.317162911021238,0.6376621224983471,-0.12201592394694671,0.48333838687628733,-0.25244409974450727
2021-08-24,5.319418748242893,0.634111109306103,-0.16787596794126358,0.4815543090683505,-0.34861274165742273
2021-08-25,5.3190454102138816,0.6335117022766428,-0.028994479317319133,0.4747251746892887,-0.06107634661737971
2021-08-26,5.3187835172766285,0.6329182888512261,-0.028427770195420976,0.4730868458399234,-0.060089961167594956
2021-08-27,5.3218052206547455,0.6312055852239363,-0.07968104977441115,0.4918369048472907,-0.16200705760205436
2021-08-30,5.321440921228296,0.6300213568413491,-0.057740693626634254,0.482790481611218,-0.11959782933983304
2021-08-31,5.321368215336353,0.6301494114484679,0.0061613073474475755,0.48970987269220545,0.012581546117450049
2021-09-01,5.3212072200881275,0.6293078462525064,-0.04114321176896851,0.48617863878743367,-0.08462570850826108
2021-09-02,5.322446744551488,0.6339447139703696,0.2263575591614675,0.48460252007687843,0.4670994264032255
2021-09-03,5.323105615016985,0.6334005674746043,-0.026101028967691065,0.49769572974561593,-0.052443747068177414
2021-09-06,5.323124837853742,0.633306153092274,-0.004653078301736002,0.49559323504196245,-0.009388906007447864
2021-09-07,5.325917839254848,0.6349929429490628,0.08502249707740361,0.4808045931914253,0.17683378711723985
2021-09-08,5.326231827813094,0.6355116870545106,0.02532678512226383,0.48027938497926426,0.052733442063846434
2021-09-09,5.327184703259627,0.6369967374617291,0.07204232597607785,0.4763176954762008,0.15124847693103907
2021-09-10,5.327014917693047,0.6368071407567918,-0.009160561331398753,0.4706967768499146,-0.019461703971513852
2021-09-13,5.334980894867911,0.6305513701335581,-0.29152249678841,0.48537725485945127,-0.6006101313355218
2021-09-14,5.335067292702489,0.6303384693994071,-0.010198415555386475,0.4847346688176624,-0.02103917093502282
2021-09-15,5.335064966623937,0.6307076725146674,0.017860214749330083,0.48391996640016816,0.03690737309764344
2021-09-16,5.324813611121907,0.6251751364391069,-0.2739227272218443,0.46895407977416115,-0.5841141788419028
2021-09-17,5.322083998760865,0.6216170162409125,-0.17010577894007284,0.46779429689005403,-0.3636337169370256
2021-09-20,5.324914871904954,0.6251143004775301,0.16594442186402603,0.46324372737125213,0.3582227066639482
2021-09-21,5.325388393889954,0.6269882693050163,0.08745097810846758,0.463483835331299,0.18868182974700182
2021-09-22,5.325494388862967,0.625979994857638,-0.046702751163039125,0.4650845659533997,-0.10041776180488995
2021-09-23,5.32365847096878,0.6241307997431752,-0.08716734061246711,0.4571107752608063,-0.19069194018175017
2021-09-24,5.322820656626525,0.6224895764073319,-0.07599043475082112,0.45608637860939094,-0.1666141290658937
2021-09-27,5.3228470453709065,0.6226394619284157,0.006868945693778272,0.4561176463196136,0.015059592079375551
2021-09-28,5.3220724890802895,0.6211347456417362,-0.06921585127070173,0.45271555427154775,-0.15289037590518637
2021-09-29,5.328018351445081,0.6250299979131756,0.18130172789987853,0.44346387810897997,0.4088308808216487
2021-09-30,5.327471673831415,0.6257554879710224,0.03202180413590483,0.4535462563929144,0.07060317152780957
2021-10-01,5.327920216665842,0.6228762231204469,-0.1295250301193107,0.45218048207513695,-0.2864454244572814
2021-10-04,5.327337135929873,0.6240659954426881,0.05334997580668599,0.4559173639534546,0.11701676668786096
2021-10-05,5.328939464609885,0.6212223792435304,-0.1281578567845365,0.459163850761953,-0.27911138163831223
2021-10-06,5.327921749228625,0.6222867794139304,0.04805358084847455,0.46577602685327735,0.10316885815939977
2021-10-07,5.328474929863164,0.6209682333541419,-0.060704906900379996,0.4664860453784477,-0.13013231049844529
2021-10-08,5.330076985667267,0.6187007263136303,-0.10457012789142084,0.47169328228389984,-0.2216909415904779
2021-10-11,5.330062450427026,0.6184180699128887,-0.013284904952982401,0.46923668047365713,-0.028311735859124113
2021-10-12,5.332332032797218,0.6163217731020133,-0.09712819836544284,0.4795872744851363,-0.20252455294964902
2021-10-13,5.329004108957664,0.6184185633469174,0.09819013518629305,0.4916149744587049,0.19972974845692157
2021-10-14,5.3247734759369605,0.6223868579549307,0.19119989746919686,0.49703986331452715,0.3846771890571792
2021-10-15,5.32460596713555,0.6216193246277699,-0.03800256657066825,0.4918638607677979,-0.07726236790673412
2021-10-18,5.324674737439481,0.6217405845121775,0.00600873150606418,0.48770646204991425,0.012320385259626141
2021-10-19,5.32440102485083,0.6229975333229721,0.06135004588310622,0.49163215648655517,0.12478851326883045
2021-10-20,5.326537467154602,0.6203176479532485,-0.1305686829473025,0.49892573550594094,-0.26169963514689804
2021-10-21,5.32670769283069,0.6212152723903844,0.0446458469298463,0.4946335987421079,0.090260441351708
2021-10-22,5.327126507138939,0.6202473926931438,-0.04775316575628352,0.4998730075775731,-0.09553059483587523
2021-10-25,5.330474672235601,0.616822865443049,-0.1693834303851247,0.5088124003191082,-0.3328995721780635
2021-10-26,5.330390698260929,0.615041258223952,-0.09014953412654592,0.5052392754228736,-0.1784293868506023
2021-10-27,5.330215381952916,0.6142134784199331,-0.04192125445283068,0.5036446654148898,-0.08323577579898916
2021-10-28,5.328379232693656,0.6111739449754038,-0.15406345676589694,0.4986004008198305,-0.3089918429920554
2021-10-29,5.323913999695348,0.6078002668516017,-0.17095193609117487,0.48846745177109174,-0.34997610479743346
2021-11-01,5.324157729956837,0.605661762807097,-0.10503415903620805,0.49343187211081607,-0.2128645613970782
2021-11-02,5.325773675851275,0.6077525029406101,0.10385341511371493,0.4859210077764899,0.21372489242425305
2021-11-03,5.326267135124831,0.6067469468178022,-0.048825734038210555,0.4931269535991821,-0.09901250313300972
2021-11-04,5.326424705291776,0.6075558062621866,0.03982998383842329,0.4897030873962071,0.08133496574465703
2021-11-05,5.323334402084875,0.6099358044696325,0.11535639254660879,0.5038862582716178,0.22893339648176395
2021-11-08,5.324414639045138,0.6081681535811189,-0.08788124138733622,0.5057441838501456,-0.17376619285724865
2021-11-09,5.324990390414447,0.6073895638137248,-0.039034564076619205,0.5119607057978938,-0.07624523451616
2021-11-10,5.322242840813937,0.6122448144971329,0.24654328803128323,0.5158309657825494,0.47795364060251966
2021-11-11,5.32271190422372,0.6118642843137289,-0.01943198447099803,0.5283374887455212,-0.03677949205750499
2021-11-12,5.322741825932914,0.6117577025347943,-0.0055808896822426846,0.5274144548377446,-0.010581601681659647
2021-11-15,5.32281102492934,0.6146864207791828,0.15430591215233136,0.5266536539661728,0.2929931483248429
2021-11-16,5.322911493797204,0.614803547419222,0.006202669648263992,0.5178615027230273,0.011977468137038608
2021-11-17,5.322856370474869,0.6150809351097208,0.014413484907890961,0.5228662686948758,0.027566293277759907
2021-11-18,5.322503159250165,0.614088652072384,-0.051919725535736205,0.5184058340563273,-0.10015266442795255
2021-11-19,5.32334513948951,0.6149279704771459,0.04391379740535584,0.509534042826826,0.08618422659598567
2021-11-22,5.322497830202014,0.6141879193294776,-0.038260156380314214,0.5014801664808979,-0.07629445576841493
2021-11-23,5.323562542585815,0.6151445411057537,0.04873511646316331,0.49434949937479833,0.09858433461508184
2021-11-24,5.3233076768448635,0.6123357768622706,-0.1397109794033966,0.49668233680396295,-0.28128839914542714
2021-11-25,5.323289362220275,0.6118323981896099,-0.025008271000530158,0.49654588092070645,-0.050364471766756506
2021-11-26,5.332787552225469,0.6195512171281516,0.38818084280744714,0.4857360346784899,0.7991600686253083
2021-11-29,5.33276469261909,0.6192382200552242,-0.015311947686353022,0.48876027149636664,-0.031328134832797776
2021-11-30,5.332030577946367,0.6175695858926614,-0.08192139831148637,0.4849070089596584,-0.1689424916485416
2021-12-01,5.331956757967193,0.6175302546991318,-0.001955683028622701,0.4709701449800593,-0.004152456476207221
2021-12-02,5.330586517539183,0.6160374612356115,-0.07179761838135335,0.46855321391311594,-0.15323258116561936
2021-12-03,5.331516098384325,0.6204013175754187,0.20584776817568695,0.4691690655064535,0.4387496604310019
2021-12-06,5.329879351513097,0.6241106418659172,0.1731453481834606,0.4735825252309211,0.3656075529793548
2021-12-07,5.332659651574411,0.6205996749416772,-0.16420629485263305,0.47941779880509894,-0.3425118868383712
2021-12-08,5.332794373188013,0.6202267100534548,-0.017719999140375364,0.48033307932136643,-0.03689106560266655
2021-12-09,5.331618563869429,0.6193453484515143,-0.04297840935799968,0.46862556350532886,-0.09171161947828943
2021-12-10,5.33070565371798,0.6173574886511464,-0.09437707978325349,0.4687609533700564,-0.20133306561638656
2021-12-13,5.3309753786432905,0.618561733220232,0.056718400511247324,0.46812819780416165,0.12115997450547744
2021-12-14,5.335081381933275,0.6221234743935674,0.16962033563281054,0.4598459339506581,0.36886340208677576
2021-12-15,5.334915348749211,0.6219516799391978,-0.00806095572961496,0.4557499236648881,-0.017687234404326884
2021-12-16,5.3246507153124405,0.6273176331423848,0.23945080722144496,0.47565968025909655,0.5034078295032569
2021-12-17,5.325407305240487,0.6329136842692532,0.2631100803399562,0.4677738380140375,0.5624728425535857
2021-12-20,5.325477582765474,0.6322285068690362,-0.032056546576477274,0.46961601636165656,-0.0682611867134237
2021-12-21,5.327058380901899,0.6296243772928358,-0.1212557612885945,0.47475621057787226,-0.25540637191665644
2021-12-22,5.331535421527532,0.6251202488793076,-0.21054198219315623,0.4820910505178229,-0.43672659338315695
2021-12-23,5.3325416470585365,0.6231192155290616,-0.09534599172201297,0.4836941814591217,-0.19712040247081392
2021-12-24,5.33256986353893,0.6227458619932683,-0.017995804864369802,0.4831477825504661,-0.03724699877410716
2021-12-27,5.332704018630046,0.6242342040899298,0.07195848477879707,0.4823762099853967,0.1491750283061752
2021-12-28,5.333476764434875,0.6256298520708478,0.06778864006126639,0.47801040158071295,0.14181415265671818
2021-12-29,5.334358329131366,0.6295725219930539,0.1895074523543947,0.4778346292307172,0.396596313372033
2021-12-30,5.331819829093638,0.6341749432732755,0.2187240859103845,0.48358582316945586,0.45229631521629665
2021-12-31,5.331307445097295,0.6352566219213609,0.051852037722284194,0.4862931033527148,0.10662712953318448
2022-01-03,5.327770654086439,0.6313234216918409,-0.19276890413197734,0.47731395762035694,-0.40386186294032633
2022-01-04,5.328136945878914,0.6290257672144198,-0.11000812667071003,0.48160741590814965,-0.22841867263042803
2022-01-05,5.330294061598621,0.630902300528661,0.09153998332519109,0.471538678878297,0.19413038086917433
2022-01-06,5.326094310903347,0.6289308605093411,-0.09633830865989879,0.45879910633798693,-0.20997928576811248
2022-01-07,5.326233901091775,0.6276111900274965,-0.06105302027432202,0.46515178272717833,-0.13125397459807425
2022-01-10,5.324026589875427,0.632762644232134,0.2377794363482053,0.4681265751104795,0.5079383418727905
2022-01-11,5.324108395071043,0.632695967726931,-0.0030650907984544062,0.47796976649031714,-0.00641272945140663
2022-01-12,5.323994372428703,0.6327956010575005,0.004663866723834786,0.48474660941406966,0.009621246715829878
2022-01-13,5.323271918417672,0.631223741671381,-0.07610279512434559,0.47737435083859864,-0.15941953100466455
2022-01-14,5.323808126132409,0.6320069463370978,0.037817531641202606,0.4733590616643988,0.07989185103635854
2022-01-17,5.3238322018979884,0.632163559421277,0.007452849466762501,0.474105763986866,0.015719803539382755
2022-01-18,5.322874378947766,0.6304453898630694,-0.08207911331596662,0.4699361052851767,-0.17466015569533141
2022-01-19,5.302013739132338,0.6382963522050558,0.35991134121983137,0.49876521027953824,0.7216047426766499
2022-01-20,5.301966609033416,0.6375523588654712,-0.03643605035870934,0.4881683097474992,-0.07463829509448405
2022-01-21,5.305070095482398,0.6397596272490659,0.1096686047721036,0.47709776252490227,0.22986610583062506
2022-01-24,5.3097006565303895,0.6443376920671684,0.22274627273919378,0.47271104066112996,0.47121021846171096
2022-01-25,5.309696831971379,0.6443552844477145,0.0008332613484824947,0.47739616659371864,0.0017454294918786604
2022-01-26,5.318997524773974,0.6483956754405246,0.19871697497483964,0.4591623084470216,0.43278154874458236
2022-01-27,5.319002440279366,0.648397800961916,0.00010227032979415185,0.4487615400916763,0.00022789459580974634
2022-01-28,5.315785297336909,0.6449344829220822,-0.1593687305136875,0.4475361322443498,-0.35610248878558465
2022-01-31,5.312545829946521,0.6476433590819312,0.11944341529425984,0.459594165550011,0.25988888512393993
2022-02-01,5.313034067790439,0.6470781322916128,-0.02543784927780024,0.4627741532982465,-0.05496817204785889
2022-02-02,5.313135829521788,0.6511399997260465,0.1871204366516217,0.46022597799069453,0.4065838209928366
2022-02-03,5.319607862600321,0.6565620016492575,0.25426107856421254,0.4517487042465409,0.5628374274770472
2022-02-04,5.319840260710945,0.6554643459521194,-0.049727853346343664,0.4568450533372371,-0.10885058945715498
2022-02-07,5.323920304778826,0.6530825109531317,-0.10604111054266951,0.47120204627201595,-0.2250438243671251
2022-02-08,5.322661565108479,0.6547653971086784,0.07763631293303419,0.4720042929187072,0.16448221784797498
2022-02-09,5.322654656142243,0.6549297629445031,0.007724131180523841,0.47050503068876837,0.01641668138854233
2022-02-10,5.316286414100686,0.6492050330132445,-0.27351882806584626,0.46189720776213966,-0.5921638482965209
2022-02-11,5.308350013747105,0.6528635110822932,0.1656389623738903,0.48596992843136655,0.34084200005656
2022-02-14,5.3018102938225,0.6597427788275042,0.32576743477191883,0.486963855044109,0.6689766219762059
2022-02-15,5.300345557652818,0.6555343918642762,-0.20472075948172375,0.4813384892015875,-0.4253155816010081
2022-02-16,5.295554881650492,0.6598946633371192,0.20801944662307648,0.4934741571481053,0.4215407101058062
2022-02-17,5.2813972138738565,0.6747487266657349,0.7213895378818691,0.4993516035526141,1.444652490849286
2022-02-18,5.284966909838165,0.6811397531699921,0.3191285050318413,0.49129954818530547,0.6495599399808003
2022-02-21,5.2851100346493265,0.6823226170373938,0.05838259967804049,0.4922208707438486,0.11861057331805573
2022-02-22,5.285635854574843,0.6830991029875554,0.03850306053062269,0.48647389744277103,0.07914722811032673
2022-02-23,5.290167234094742,0.6788636277068429,-0.20471125791463152,0.4993334204863968,-0.4099690697955364
2022-02-24,5.289514293926449,0.6780665304819817,-0.03984922401500768,0.48818556363559834,-0.0816272069133793
2022-02-25,5.289713650332811,0.6774728362073228,-0.029027836289877484,0.4942420920760388,-0.05873201970303163
2022-02-28,5.290455917540836,0.6744513143664553,-0.14862341780005295,0.495534918581421,-0.29992521662352384
2022-03-01,5.291446024640188,0.6739510429095452,-0.024390469759978828,0.5166523362237205,-0.047208670221549676
2022-03-02,5.291467594967526,0.6738145975824787,-0.006950257519079628,0.511218509019041,-0.013595473161596261
2022-03-03,5.290928307607698,0.6765763763082734,0.14097408908016718,0.5133606634709857,0.27461022846393995
2022-03-04,5.279381888148712,0.6876312339732463,0.5633117418053786,0.5246432837544279,1.0737042848890264
2022-03-07,5.272677518702411,0.6945919363395676,0.3611036321038341,0.5323539633807141,0.6783149125267056
2022-03-08,5.272786784419086,0.6943577934486059,-0.012370542816732666,0.5348103656955147,-0.02313070877122009
2022-03-09,5.271978887558047,0.691518233902297,-0.15171370388753758,0.5303903816993926,-0.2860415820540347
2022-03-10,5.271064265088149,0.692762333397128,0.0659052285290187,0.5403742956890885,0.12196218261080677
2022-03-11,5.2713242732819685,0.6931544766563823,0.021161549513415423,0.5304720232242026,0.03989192377157946
2022-03-14,5.272803562599213,0.6938146515809995,0.035686782162642317,0.5103038234645525,0.06993242167059963
2022-03-15,5.272977828297801,0.6908571295700175,-0.15249120505495029,0.5172811545638634,-0.29479366048724626
2022-03-16,5.273543132041908,0.6886122859428679,-0.11578589125865335,0.5195530273541634,-0.22285673485206284
2022-03-17,5.279348831121501,0.6836056938979593,-0.2581755265153092,0.5323434159720511,-0.48497927985806777
2022-03-18,5.278551943122592,0.6794614856741128,-0.21928652276929483,0.5263217564240734,-0.4166396697320052
2022-03-21,5.275140261650571,0.6842821270165094,0.253279585268146,0.5356444179869,0.4728502281794344
2022-03-22,5.277986603739029,0.6886810505247264,0.23541228914656642,0.5261939473169669,0.44738691949407694
2022-03-23,5.275389269387119,0.6916882171668879,0.15824419969106174,0.5388083997714234,0.29369289669239207
2022-03-24,5.275501754659685,0.6927034999393186,0.05443366789080528,0.5345625725792249,0.1018284307263916
2022-03-25,5.2754430660383,0.6931413695861137,0.023415270599130622,0.5368478074061377,0.0436162172520832
2022-03-28,5.28587619911839,0.6991720412848318,0.326792203278373,0.5183551253206831,0.630440767950739
2022-03-29,5.285284295028302,0.7013383781670158,0.11311097598015607,0.5266626207674039,0.214769325788379
2022-03-30,5.2840915048548895,0.7059393062402606,0.24142675729820695,0.5285154228697553,0.45680172583668
2022-03-31,5.284017949487883,0.7056720563951885,-0.01412583445598159,0.5248483120569961,-0.026914127627884206
2022-04-01,5.2802079281123975,0.7094319934320493,0.19676269544991243,0.5379564339316545,0.36575953560378915
2022-04-04,5.281132039946456,0.7035243546934631,-0.3156047708770373,0.5363311847003628,-0.588451277643606
2022-04-05,5.286696671009207,0.707490078621692,0.21427262878418674,0.5211883063290325,0.41112324697652336
2022-04-06,5.287209047164593,0.7087519370320623,0.06640770891496572,0.5211890569895231,0.12741577748878302
2022-04-07,5.286999381568667,0.7091237762064886,0.01935296901132233,0.5287639939153063,0.036600391165102955
2022-04-08,5.285749155079961,0.7102921165686998,0.06127728220300099,0.5396895861592181,0.11354171689524335
2022-04-11,5.2858415219801635,0.7081908175246039,-0.11267200170678393,0.5367091407496644,-0.2099312144179359
2022-04-12,5.287193624026982,0.7056114591176664,-0.13819102286247187,0.5432744051178895,-0.25436689371089494
2022-04-13,5.294234786568613,0.7002170422421736,-0.2913268131582214,0.5585052722990018,-0.5216187341598746
2022-04-14,5.295293454811008,0.6978650015865558,-0.13024409506971324,0.5598271447386355,-0.23265055346774913
2022-04-15,5.2953086432012215,0.6975364932293091,-0.018351040710363975,0.5593184016278947,-0.03280964948936656
2022-04-18,5.296458484580372,0.7017653794453128,0.23663963179835434,0.5560249708273114,0.42559173456950583
2022-04-19,5.2928676378976345,0.6985662186900928,-0.17877114024668828,0.5437934050223467,-0.3287482683600067
2022-04-20,5.29414888099983,0.695682314070991,-0.15754873475906805,0.5529713647571968,-0.28491300779787365
2022-04-21,5.288417822410277,0.693181503165635,-0.13939263360325782,0.526530308512763,-0.2647381002567281
2022-04-22,5.289423932845964,0.6936937978167421,0.027627371534151735,0.513181809133217,0.05383544592279174
2022-04-25,5.286431831124747,0.6922082528783076,-0.07820081651214394,0.49932204728797625,-0.1566139867784425
2022-04-26,5.288000877240567,0.6931830206812396,0.049885310866578436,0.49001904332713747,0.10180280041336051
2022-04-27,5.288186006136076,0.6934849996122511,0.014999352472841565,0.4886955035302223,0.03069263450244527
2022-04-28,5.291749863984083,0.6902166895643449,-0.15854194208962724,0.5013691061123414,-0.316218012152713
2022-04-29,5.292036042096775,0.6907785167659279,0.028103589151022845,0.49285829315417323,0.0570216420041686
2022-05-02,5.294196656960852,0.6930607927709954,0.1139529689454406,0.4862214342955185,0.23436434699870018
2022-05-03,5.296062100421007,0.6907434106296102,-0.11234369208447248,0.4969870680175864,-0.2260495278732224
2022-05-04,5.294156532992401,0.6929642564214485,0.10894757042720471,0.5029357299436132,0.21662324615397557
2022-05-05,5.298548225518793,0.6954605681167575,0.1271931547905325,0.4847743436585366,0.2623760032979887
2022-05-06,5.300197927082066,0.6970581583462421,0.07906224609114076,0.4809253414882885,0.16439609076633796
2022-05-09,5.309796433209146,0.6994213662943394,0.12076133632320207,0.4545631979528963,0.2656645695627033
2022-05-10,5.308628862701977,0.69873267766851,-0.03267651421834472,0.4513873146752755,-0.07239129934755023
2022-05-11,5.308072787244175,0.6968814394299226,-0.08451121999576827,0.4529569902980711,-0.18657669890502218
2022-05-12,5.303796098630794,0.6954283336447171,-0.06930810743314808,0.43448216000961004,-0.15951887974322143
2022-05-13,5.3106458501419205,0.6892298150287195,-0.26789694718445745,0.4503303251335026,-0.5948898669105576
2022-05-16,5.3107509942388385,0.689070620549287,-0.007030076392336326,0.45144522153729744,-0.015572379675206102
2022-05-17,5.312475207713258,0.6856622583482836,-0.15207139208236953,0.45374823605673575,-0.33514486668628024
2022-05-18,5.307119026104848,0.679862679957372,-0.2663921631038946,0.4457417788946856,-0.5976378605668787
2022-05-19,5.312079565011266,0.6779364887553001,-0.08319854693214523,0.47207483925404836,-0.17624016366475254
2022-05-20,5.311946601583688,0.6819358701884355,0.1851686167213309,0.46278561336384294,0.40011748717813095
2022-05-23,5.3120516789919385,0.6816650061279387,-0.01248107154079392,0.466712626965722,-0.026742519528426215
2022-05-24,5.313341709610982,0.680287368312153,-0.06337351019058346,0.4740044410824965,-0.13369813592011015
2022-05-25,5.3143421758381875,0.6832373326001511,0.13963361307637356,0.46830305911599635,0.2981693379068596
2022-05-26,5.313967474229709,0.6817138309682409,-0.07173739197673967,0.4676173955231056,-0.1534104433743099
2022-05-27,5.314060476526163,0.6810957863734312,-0.0288750029898992,0.46973495926969533,-0.0614708409925283
2022-05-30,5.314061583553349,0.6809726047802737,-0.005778655880668282,0.46943795332017035,-0.012309733032444163
2022-05-31,5.3088381307375965,0.6742542879213744,-0.31869157400738146,0.4632873301283284,-0.6878918400792557
2022-06-01,5.309210637482477,0.6727585229766149,-0.06934839360938838,0.4678056339034146,-0.14824189488856473
2022-06-02,5.320741128071751,0.667914431247297,-0.22019823505354807,0.49057624546962575,-0.4488562931593918
2022-06-03,5.319315277964374,0.6658800864449722,-0.09897263198268647,0.4758326479224388,-0.20799882566868153
2022-06-06,5.321770130975225,0.6683930329209271,0.12163224081104573,0.4703765523175328,0.2585848299873089
2022-06-07,5.321442952593136,0.6699469462812189,0.07325901415556402,0.4750963403685464,0.15419822871869485
2022-06-08,5.321881691562767,0.6710244974837426,0.05136042061215562,0.47090076437098416,0.10906845878825745
2022-06-09,5.317076324291695,0.6687127654013653,-0.11234825894287326,0.4564881956028083,-0.2461142698213993
2022-06-10,5.309074849691689,0.6739304316199137,0.23589367168608533,0.4760461257817523,0.49552692251975794
2022-06-13,5.319522433538746,0.6765812773188569,0.1325597183833409,0.44368129215935,0.298772386228382
2022-06-14,5.315397932850899,0.6746596768566213,-0.09002387765823272,0.4385264876772923,-0.20528720656089647
2022-06-15,5.318229840867548,0.670739121702739,-0.17134344011537195,0.4490905369396713,-0.38153429213403667
2022-06-16,5.31494794547089,0.6754274853551754,0.20694553361296997,0.45199441568779897,0.45784975749769247
2022-06-17,5.317979153077577,0.6791581127745002,0.17018962111403368,0.44411800142657415,0.38320811263528815
2022-06-20,5.318149560663053,0.6800092257719863,0.0381019216015801,0.4452135090295896,0.08558123423664529
2022-06-21,5.318362241886532,0.6826843318095096,0.11931510904599207,0.4451741275179615,0.268018965323132
2022-06-22,5.321036721842063,0.6852453429860241,0.11612270658993396,0.4381628273080856,0.2650218123325294
2022-06-23,5.32138140419989,0.6853700257525471,0.005790790545642466,0.4241309791445834,0.013653307186666089
2022-06-24,5.324187846735204,0.6827060809433313,-0.11214004274090072,0.43853805130632395,-0.2557133694712608
2022-06-27,5.324250945399768,0.6829880752421165,0.012312950800346556,0.43315066462060897,0.028426484837859613
2022-06-28,5.337300082089174,0.6893642562402381,0.28813427867738994,0.42151723340460745,0.6835646465747572
2022-06-29,5.340734845876438,0.691594058607102,0.0980445346769514,0.4173269348972348,0.23493459558534005
2022-06-30,5.331047337870721,0.6876657004102532,-0.17441122905803041,0.40730621577638326,-0.4282066472410148
2022-07-01,5.330710514502737,0.6880271542215963,0.014568262157425238,0.41907383579569185,0.03476299619078964
2022-07-04,5.330691133647021,0.6881156712566099,0.0036630024981114673,0.41720365860144537,0.008779890642355879
2022-07-05,5.341607923023269,0.6913018412691773,0.14389190914157268,0.39948750802153954,0.3601912606834613
2022-07-06,5.346867361320377,0.6945878012389192,0.13865372970052903,0.3985137257612355,0.3479271120101938
2022-07-07,5.348028122507761,0.6928684433050124,-0.06775131899982512,0.40595267317807215,-0.16689462461084922
2022-07-08,5.34800744055702,0.6926519531674257,-0.00875898618219395,0.40314490879311987,-0.021726644665848335
2022-07-11,5.347511603554952,0.6921670684908053,-0.020069348116585672,0.39809144888110926,-0.050413914121977085
2022-07-12,5.345040935688763,0.6898387439434097,-0.09574397935353218,0.3951299076632042,-0.24231013015380554
2022-07-13,5.351218814399568,0.6852964923739687,-0.17409021860746066,0.4061538869310721,-0.4286311770223322
2022-07-14,5.3379760190129835,0.6780951285521033,-0.3037320380657178,0.3925379474148886,-0.7737647788347239
2022-07-15,5.335380215880956,0.6727704383704811,-0.21372883902965256,0.39462251841395174,-0.5416032513518525
2022-07-18,5.33707361878322,0.6686261631202629,-0.16194376163954516,0.3979625045027288,-0.4069322104651563
2022-07-19,5.34326786812008,0.6634862328358649,-0.19760669294957012,0.40417081940997973,-0.4889187528135804
2022-07-20,5.336216038248352,0.6566475659337321,-0.2816570460166794,0.3952730989965179,-0.7125631537580568
2022-07-21,5.34198611725111,0.6516614548325528,-0.19243060200247797,0.4053829510880244,-0.4746884433250223
2022-07-22,5.3409983167298485,0.649319514905029,-0.09515980843759309,0.3994529591280938,-0.2382253185589192
2022-07-25,5.331544069976284,0.633588662675044,-0.6398138258991679,0.3976280661848167,-1.609076119897894
2022-07-26,5.330647858763613,0.6357403400817407,0.08485877232448757,0.40166176863471986,0.2112692293641221
2022-07-27,5.341917405378558,0.6293582068647348,-0.24460246424169085,0.41204397039168433,-0.5936319466322357
2022-07-28,5.355196343448806,0.6225997718026193,-0.26300061299564703,0.4202516667759216,-0.6258169420560065
2022-07-29,5.358612426658832,0.6197766939583632,-0.1141060405920733,0.4226780936411189,-0.2699596745341544
2022-08-01,5.358654876247229,0.6194142524169658,-0.015177776113205255,0.42030486857424004,-0.03611134975593162
2022-08-02,5.357801068685947,0.6181295303009421,-0.05476960311306911,0.41626112765009704,-0.13157510868780337
2022-08-03,5.3576709382520145,0.6180088648655833,-0.0051629858235386905,0.41177481171857416,-0.0125383721310941
2022-08-04,5.361204399763894,0.6161144682169074,-0.07533826149743206,0.4281191920257733,-0.17597496888879627
2022-08-05,5.361197453773933,0.6167063164882471,0.02498502422645288,0.42184990395038996,0.0592272843788324
2022-08-08,5.357434843723832,0.6196466555717707,0.12097578320173241,0.431690734158039,0.28023715504962404
2022-08-09,5.358362245534937,0.6240082262964818,0.18746912098620783,0.426308102464879,0.43975031181034685
2022-08-10,5.358454070011759,0.6287470130345734,0.20243245157648815,0.42721685685379474,0.47384003774403044
2022-08-11,5.35852157870614,0.6288079379543313,0.002662127676320125,0.42034784502231376,0.006333154095696169
2022-08-12,5.357435970422542,0.6300014144048115,0.04953091907753304,0.42990498897663365,0.11521364103133301
2022-08-15,5.3562746080405175,0.6288484625662022,-0.050266210265874633,0.4205392180759768,-0.11952799668922502
2022-08-16,5.357544466232105,0.632029262869567,0.13564753780558902,0.4209667326908908,0.3222286401077514
2022-08-17,5.359639454131402,0.6328350694813358,0.035991396654576846,0.4075313419444238,0.08831565317860901
2022-08-18,5.358912357853147,0.630308227713228,-0.10488080662282329,0.41189062310111085,-0.2546326639659315
2022-08-19,5.360063920502684,0.6309675108977824,0.028298738431324466,0.402614155940145,0.07028748993001509
2022-08-22,5.361953751380871,0.6336266187702027,0.10982360856057483,0.4028437625434448,0.27262084900403755
2022-08-23,5.360947103055098,0.6349019834262395,0.05051808208009234,0.4093911537874179,0.12339807934962015
2022-08-24,5.3640509920316175,0.6318341239252104,-0.12191983288928299,0.4135307294754155,-0.2948265369394541
2022-08-25,5.363334335448767,0.6331283703346686,0.05251026295081118,0.41430610880394264,0.12674267126401464
2022-08-26,5.353434372458201,0.6295194300310551,-0.1591757909962972,0.39880084757053336,-0.39913603987048896
2022-08-29,5.350603729812231,0.6275485304840057,-0.08253472217483449,0.3975537289066679,-0.20760645963959964
2022-08-30,5.352724391113623,0.6285101065119783,0.04072789912119035,0.389741189621439,0.10449985838230216
2022-08-31,5.348829491084349,0.6217075432605829,-0.27172285674807384,0.39152580470329423,-0.6940100843518875
2022-09-01,5.352438299363042,0.6228771421668694,0.05000859049999207,0.3790235928553741,0.1319405742614922
2022-09-02,5.3506013994278945,0.6245867485262608,0.06360789362582153,0.3915464963653398,0.16245297612488657
2022-09-05,5.350459449236038,0.6250630752680774,0.018321241148349543,0.3894638519006945,0.04704221215637002
2022-09-06,5.352455805208591,0.6267327860737133,0.06717684253649026,0.3831231215560743,0.17534008979580257
2022-09-07,5.349446593512359,0.628357078707909,0.059406989752133654,0.39747255745791055,0.14946186507083428
2022-09-08,5.348506726395692,0.6303783159364159,0.07823172741234075,0.39411283878145237,0.1985008345686567
2022-09-09,5.348145382599913,0.630564224590384,0.006949671449984152,0.40586770898603414,0.017122996720646454
2022-09-12,5.3496381116021725,0.6295363081053679,-0.03971021592689539,0.4092355601549323,-0.09703510592251934
2022-09-13,5.3450541228876505,0.6274914099102705,-0.08779407415191542,0.39381542601173286,-0.22293203453462435
2022-09-14,5.344556646462854,0.6262895158256704,-0.048392456580437226,0.3972038871394252,-0.12183278700757191
2022-09-15,5.3402081165680615,0.6242020914492349,-0.08771470096116474,0.38769326972057333,-0.22624767519019448
2022-09-16,5.34413631465527,0.6301925961369115,0.2386790044394118,0.389061585984229,0.6134735811442636
2022-09-19,5.343496183862005,0.6308146547330095,0.02356621717569496,0.3964533667201028,0.0594425956592589
2022-09-20,5.341188494626063,0.6292153485390266,-0.06548196918889104,0.3861484132610084,-0.16957720643184404
2022-09-21,5.341066115415075,0.6285416236396871,-0.026343234101979363,0.38897615491576054,-0.06772454755660907
2022-09-22,5.343130049815826,0.6314118590372472,0.11389671547573244,0.3856036212346551,0.2953725255770401
2022-09-23,5.334155114800363,0.6293878977552126,-0.08917004880860802,0.3700841460820597,-0.24094533568275608
2022-09-26,5.32941196939103,0.6279998707417791,-0.05814847059189887,0.3650012952123474,-0.1593103130170257
2022-09-27,5.329766253824109,0.6285049643492504,0.019075306009554538,0.36786172120479754,0.051854555421206365
2022-09-28,5.302572950463935,0.6370004397672941,0.28185828804403457,0.3888428037178541,0.7248643548217805
2022-09-29,5.301101844831149,0.6380180183794336,0.036881357596186604,0.3855671569364556,0.0956548215600867
2022-09-30,5.305560702235634,0.6355094139010847,-0.09118009807226812,0.3928384618788178,-0.23210583209236577
2022-10-03,5.310632180959569,0.633635005329973,-0.06772094661156558,0.40616003903223286,-0.16673463685134038
2022-10-04,5.3054312854570895,0.6361545030704396,0.09539031164279876,0.41142865008423163,0.23185140758493494
2022-10-05,5.305426935333523,0.6361394577214888,-0.0006153047535484291,0.40360747219787696,-0.0015245127901070254
2022-10-06,5.304675400082926,0.6382835951585549,0.08605594136945882,0.40732233735322987,0.21127233514530072
2022-10-07,5.292640965827126,0.6339631373250623,-0.1881773729855567,0.39211225363778035,-0.4799068920691992
2022-10-10,5.287962609144261,0.6310952752651477,-0.1189327779597491,0.3901462576075807,-0.30484151940622944
2022-10-11,5.287727729741254,0.630893418815893,-0.008180313566114705,0.3876137953465558,-0.02110428902253309
2022-10-12,5.289355664074687,0.6278255795305464,-0.11771231750039846,0.3933515187440643,-0.29925476804117396
2022-10-13,5.288419657051385,0.6260893262226976,-0.06898872873933115,0.38871163338017833,-0.17748048376997483
2022-10-14,5.2830035590053885,0.6244720817168166,-0.06935763447044252,0.37561777458474116,-0.18464950053846588
2022-10-17,5.280832407952979,0.6273487670344584,0.10715555815385613,0.38693834316356296,0.27693186795023916
2022-10-18,5.279603377829972,0.6306254341530089,0.12446179342853014,0.3861776165870095,0.3222915779752028
2022-10-19,5.277695771415458,0.629609729215308,-0.041347269706722756,0.37655513763774007,-0.10980402489289724
2022-10-20,5.277603655772766,0.6301259252693903,0.019507572848556975,0.38207848525293675,0.051056454632987046
2022-10-21,5.268294283158684,0.6337615287409929,0.128703016279065,0.39796493229964097,0.3234029077269558
2022-10-24,5.268286657300303,0.6337241800487362,-0.0014657061876306443,0.3881219596363231,-0.0037764062332469824
2022-10-25,5.266226946486579,0.6359773283870493,0.08550690136208061,0.3949205230455716,0.21651673279135608
2022-10-26,5.259306603135054,0.6403116215393443,0.16310453732969066,0.4025963751756188,0.4051316588693624
2022-10-27,5.26242588630318,0.6446982736850477,0.17797075076619606,0.393799936819863,0.4519318926341162
2022-10-28,5.2628064596858986,0.6455630280786155,0.03461286059190982,0.39373602458549606,0.0879087978509164
2022-10-31,5.25712289648047,0.6394192142462163,-0.2483912735884779,0.3899137427171181,-0.6370415976045385
2022-11-01,5.260353086783299,0.6366000426979825,-0.10707920889330325,0.39947441652242843,-0.2680502291622755
2022-11-02,5.241871966984573,0.6311182489384248,-0.23796734299889977,0.38027035305297385,-0.6257846321397281
2022-11-03,5.225245160647866,0.6192486577783379,-0.47719314984282235,0.38090694979004824,-1.252781421042189
2022-11-04,5.1971611550615835,0.6266437843402513,0.25568805151468865,0.4124772410586515,0.619884022833472
2022-11-07,5.192470804655626,0.6299324412520318,0.12649512218517245,0.40639455088240384,0.31126185602270945
2022-11-08,5.155944815690602,0.6465458819182429,0.637400757288205,0.4191875448943064,1.5205622520318889
2022-11-09,5.16359252396446,0.6553316037995865,0.36989964404110864,0.4065318160629575,0.9098910083431802
2022-11-10,5.14077207310976,0.6627586899280125,0.2854200079343592,0.43542509848022215,0.6554973724081813
2022-11-11,5.138735456711237,0.6650549534193525,0.09578707277957221,0.42994353858680934,0.2227898879336966
2022-11-14,5.139408760664588,0.6615855650161993,-0.1479973309019762,0.42940812944591267,-0.34465423626922187
2022-11-15,5.140340970665745,0.6628933075704913,0.056884211189952794,0.424169298892724,0.1341073277543816
2022-11-16,5.140059835162503,0.6625387023527072,-0.015342964723380703,0.4210029536692309,-0.03644384104591152
2022-11-17,5.137355981619761,0.6589005629991568,-0.15612675029387546,0.4182435517156333,-0.37329147013371555
2022-11-18,5.137277305173671,0.6593334807911403,0.018102515211801062,0.4216401102434798,0.04293357005657646
2022-11-21,5.136931388421236,0.6576675796523692,-0.07039835719814747,0.41957086803042437,-0.16778657090425703
2022-11-22,5.135853884134626,0.6582490545136331,0.02357239078358475,0.4353492764702087,0.05414592847083284
2022-11-23,5.135519039392355,0.6585219275359974,0.011459927613781673,0.43866426753284193,0.026124597925960977
2022-11-24,5.135502660059439,0.6585826219146594,0.00262983146341611,0.43715173273775293,0.006015832184734229
2022-11-25,5.135857319536683,0.6592492203084365,0.029382377102471935,0.432777828569099,0.06789251935483712
2022-11-28,5.13867427346615,0.6602891170098741,0.04759379028902089,0.41725399166775345,0.11406431391774045
2022-11-29,5.135859117985232,0.6642822834833801,0.1665685678375901,0.42962052662456984,0.38771091583142275
2022-11-30,5.131487172529868,0.6670037782695848,0.11284384424871519,0.44005069181057094,0.2564337389958955
2022-12-01,5.127886389531589,0.6689118496262773,0.08053541313559975,0.4512546627652874,0.17846998553339913
2022-12-02,5.129658287893696,0.6654468639620131,-0.15311301477445483,0.4491302585943648,-0.34091004078337983
2022-12-05,5.133470414048568,0.6671876089225752,0.08092861056997691,0.4322655181710302,0.18721967672183534
2022-12-06,5.136765826055314,0.6712279162611798,0.1793116133327075,0.43249791618853084,0.41459532317039766
2022-12-07,5.137179792358692,0.6707645207180881,-0.019806299659872906,0.44196713126809933,-0.04481396524452926
2022-12-08,5.137477257706467,0.6696507679006412,-0.0486647714827626,0.4409586111032468,-0.11036131341444232
2022-12-09,5.137027935303777,0.6688035507416161,-0.03764206938114256,0.43636404117415,-0.08626299563973434
2022-12-12,5.136871668591565,0.6683755431658657,-0.018854703411843587,0.4354207167308839,-0.043302265343283894
2022-12-13,5.13267473168504,0.6724944180850612,0.1766503154565342,0.44513632202314923,0.39684543075176765
2022-12-14,5.133202309116259,0.6751671903440067,0.11846671115329599,0.44007209947615394,0.26919841383790183
2022-12-15,5.124708307733746,0.6713624298832301,-0.1746079773209317,0.42568833365754977,-0.41017797180553517
2022-12-16,5.126696112501625,0.6659485670813163,-0.23162489759550198,0.4347220489150228,-0.532811478446033
2022-12-19,5.130030433662102,0.6686498172229639,0.1197084751562727,0.4244667367341556,0.28202086240563623
2022-12-20,5.127522210991998,0.670243648966806,0.0662624863214134,0.4413752235744505,0.1501273356143344
2022-12-21,5.126705312925115,0.6711501068563949,0.03892285328805656,0.44299045388691105,0.08786386466466158
2022-12-22,5.126374855271828,0.669962490829573,-0.05256942659569219,0.43825423942269626,-0.11995189519430746
2022-12-23,5.127584596998871,0.6666016861839489,-0.14671990654599654,0.442458618287063,-0.33160142097357914
2022-12-26,5.12762936566627,0.6658509089842108,-0.03309438274664345,0.4418364661721719,-0.07490188176036028
2022-12-27,5.125643255302353,0.6676922482308835,0.07998164907029448,0.4512585341471808,0.17724129964976565
2022-12-28,5.126496687761436,0.6682601606180492,0.02606879830572595,0.4363192682656809,0.0597470710137245
2022-12-29,5.126475806239035,0.6678781110281073,-0.01683489454482512,0.4406560501177644,-0.038204160683431056
2022-12-30,5.126632890900632,0.6682980152294754,0.018606242720171196,0.43772307812824296,0.04250688083373111
2023-01-02,5.126643451776972,0.6683956086555549,0.004288153806378148,0.4381596407186063,0.00978673845757527
2023-01-03,5.120509455139739,0.6730858474453385,0.20133248195011078,0.4499028280571071,0.447502148007292
2023-01-04,5.114417647958411,0.6760172298538416,0.12696780160524668,0.4651844573565227,0.2729407648887484
2023-01-05,5.114629550580648,0.6780086330897,0.09139065836609461,0.45670734007812425,0.2001077065029464
2023-01-06,5.11369875298359,0.6787196494052368,0.032011381187029286,0.4704266820554282,0.06804754578792692
2023-01-09,5.114294395963446,0.6804875988974036,0.08273562092316666,0.4627015891965814,0.17880989141797818
2023-01-10,5.113088223331017,0.6822548651898346,0.0813319699757642,0.4708336357592501,0.1727403562504855
2023-01-11,5.1144127482440656,0.6850106397668202,0.12987529181500435,0.4641553924065643,0.2798099385243027
2023-01-12,5.112986253550038,0.6871127212462247,0.0971161596838499,0.47260728841524324,0.2054901861744491
2023-01-13,5.111087479116423,0.6902795165506138,0.14794730068875594,0.47613043420185946,0.3107285106375545
2023-01-16,5.111027936629806,0.6908877185339972,0.028818125093728497,0.4752783158382268,0.0606342097532964
2023-01-17,5.104373818641508,0.6860079945813209,-0.23564579559771914,0.4631936145631223,-0.5087414597024982
2023-01-18,5.104422950845551,0.6860640925100358,0.0026483432500654658,0.45989925052304914,0.005758529171451077
2023-01-19,5.102419632575802,0.6884169143483928,0.10757810994122963,0.4706857901185675,0.22855610303028334
2023-01-20,5.102917051171094,0.6877972674516634,-0.028718183871873748,0.47543594725517685,-0.06040389675553934
2023-01-23,5.103187859273676,0.6905688859554397,0.13123986980981428,0.4719918338382867,0.2780553823199821
2023-01-24,5.103732060472419,0.689560608312637,-0.04736143959321737,0.4780321237042091,-0.09907585127589272
2023-01-25,5.101507445162682,0.6936258925244614,0.19253971048816965,0.48178307938081083,0.39963983528774466
2023-01-26,5.102975865821178,0.6955978985278392,0.09543826309125336,0.47311282616225225,0.2017241085290788
2023-01-27,5.10510713076928,0.6977658488248835,0.10423331657027646,0.46689899646487854,0.2232459640296468
2023-01-30,5.105648463816842,0.6983208050006354,0.026369287838612365,0.4614150130277303,0.05714874265919825
2023-01-31,5.105714386642077,0.6999714547736687,0.07659231875652495,0.4640451405333567,0.16505359514915402
2023-02-01,5.103649054377085,0.702329233956977,0.10824305550491786,0.47256440176555425,0.22905461160533785
2023-02-02,5.099532332526891,0.6985631664326144,-0.1793390910746382,0.46003921010271676,-0.3898343600637773
2023-02-03,5.090196204188871,0.694679168229531,-0.18629469419426314,0.4450801287018928,-0.4185643936466106
2023-02-06,5.089267589394985,0.6933108017257547,-0.06228978897226867,0.446194855261544,-0.13960221243644
2023-02-07,5.088595510896561,0.6951852849160058,0.08340112625856477,0.45096710493552555,0.1849383809723518
2023-02-08,5.088574800153458,0.6951249572111557,-0.002726540772172825,0.4469023529134618,-0.0061009765430811965
2023-02-09,5.0876683206720985,0.6943103925239138,-0.03714040636324256,0.4396236851648681,-0.08448226885071974
2023-02-10,5.089278154544084,0.6965298922550524,0.09937188204264658,0.4374393009308128,0.22716724773287722
2023-02-13,5.091068397976848,0.7000444047256493,0.15562897947515353,0.4356384673928674,0.3572434280345685
2023-02-14,5.09230887455071,0.6962646589940666,-0.1641301031236182,0.4397907902584009,-0.3732004097384188
2023-02-15,5.086214404587488,0.6909263439470338,-0.23894035015761972,0.43040967963331683,-0.5551463209683911
2023-02-16,5.085346359356671,0.6890656716436597,-0.08129872544357397,0.4305041832156523,-0.1888453785426959
2023-02-17,5.084110095019561,0.6843310072202207,-0.20519788668595496,0.429868400700636,-0.477350478312679
2023-02-20,5.084013041436101,0.6831932056929791,-0.049035702515631385,0.430052399403118,-0.1140226227866405
2023-02-21,5.086142767050324,0.6856127372302022,0.10582965945616607,0.42419497149838753,0.2494835313166091
2023-02-22,5.080153565893496,0.6793062034236874,-0.27394069299124624,0.4203777753507109,-0.6516536055282757
2023-02-23,5.078858219090653,0.6758810075022007,-0.14577448599520082,0.4204187110607632,-0.34673643717568037
2023-02-24,5.077002362349605,0.6725761230431692,-0.1407559307756081,0.41763222650547677,-0.33703321209998205
2023-02-27,5.076914568876973,0.6732258634954842,0.02713267077056969,0.4202655484595565,0.0645607779891117
2023-02-28,5.077566615599303,0.6723108100879508,-0.03784598416153884,0.4250887426639548,-0.08903078431191767
2023-03-01,5.080236351067646,0.6703998095631774,-0.078714704015443,0.433978387691209,-0.1813793180674502
2023-03-02,5.080147680351691,0.6748611930239795,0.1916750616681817,0.4295859976836276,0.4461855430617236
2023-03-03,5.078001912615574,0.6781301206223789,0.1388324373119616,0.43515932934343393,0.319038172803123
2023-03-06,5.077135244643748,0.6770023600210326,-0.04955388476366451,0.4276239007345742,-0.11588193428510576
2023-03-07,5.074682055917807,0.6761213871792886,-0.0400518117066575,0.4129408805897549,-0.09699163630749323
2023-03-08,5.075452389309986,0.6769151789768133,0.033915376264925357,0.4135877411310079,0.0820028566905283
2023-03-09,5.0748905966316995,0.6755031912630886,-0.05911489373391987,0.41320164126189074,-0.14306548626812532
2023-03-10,5.072579018145915,0.6797489559536848,0.17361181929834046,0.4180660127933671,0.41527369837679123
2023-03-13,5.043272441195566,0.6903438313055306,0.41846698361766954,0.43992760171653117,0.9512178412649592
2023-03-14,5.04086339233825,0.6926049465461236,0.09548638242027963,0.437958264328289,0.21802621436252662
2023-03-15,5.042100738617894,0.6985044534892415,0.25785451014491656,0.4336030567850624,0.594678718496063
2023-03-16,5.043488431766636,0.7012672118584822,0.12110399076082601,0.43097420645590323,0.28100055396985163
2023-03-17,5.037439971074695,0.7042793749677568,0.12597808960123658,0.4503982476091692,0.2797037738711484
2023-03-20,5.038936274149761,0.7031930498230423,-0.0471929237197628,0.4551405476672841,-0.10368868245564812
2023-03-21,5.040533166724679,0.7041096708363489,0.04253053990106537,0.43766831921863586,0.09717527642163966
2023-03-22,5.043234140974226,0.7007004556311413,-0.14894381192942419,0.45000580152574365,-0.3309819816198603
2023-03-23,5.038902013149491,0.7052609978158887,0.201076512066777,0.45544113248004364,0.4414983578049743
2023-03-24,5.03764618777327,0.7083957876626871,0.14107083244753227,0.45594794236676073,0.3094011823263281
2023-03-27,5.0378204409074145,0.7072369416828203,-0.05260721216937725,0.45630777868118116,-0.11528887875070286
2023-03-28,5.040864096147108,0.7048992598480117,-0.10484253418987421,0.46854757762820776,-0.2237607005047131
2023-03-29,5.040757221696837,0.7040024443747377,-0.04169379620817537,0.46286256502439077,-0.09007813411304562
2023-03-30,5.044236032380499,0.7001243202190083,-0.17786861725376113,0.47244854594828445,-0.37648251598859006
2023-03-31,5.044335928862276,0.7006742700003831,0.025873282397373742,0.46767093630788426,0.05532369105857895
2023-04-03,5.042632405245638,0.702690183572908,0.09355036619135859,0.4770402295063204,0.19610582170013635
2023-04-04,5.033882558149007,0.7101955964007634,0.3519041676154373,0.48626151064010187,0.7236932389573666
2023-04-05,5.033687006497161,0.7172067610239344,0.33818819293252034,0.48255663318117803,0.7008259128116597
2023-04-06,5.033704985598641,0.7201945328499793,0.1442339128155936,0.482865394641044,0.2987041821930836
2023-04-07,5.033717347855551,0.7207601560274902,0.027316545851192586,0.4828585304859733,0.05657256551665315
2023-04-10,5.032506949370821,0.7178716758403176,-0.14006009280721798,0.4790037254533322,-0.2923987546749542
2023-04-11,5.033672404050502,0.7162920862153056,-0.07533816865572618,0.4882816761930239,-0.15429243473380733
2023-04-12,5.0339602147181255,0.7157848141216079,-0.024518311378834312,0.491668218034997,-0.04986759460846236
2023-04-13,5.032542368540023,0.7170093205795484,0.05949325360727897,0.5030058374382939,0.11827547352187001
2023-04-14,5.034218203403121,0.7188317641349037,0.09164733847274675,0.4894835316539419,0.1872327311259578
2023-04-17,5.0349757466807485,0.7194219604206717,0.029415284494106686,0.4804484558482266,0.06122464155322201
2023-04-18,5.035132497921375,0.7217120755256464,0.11087020033286166,0.483813498060621,0.22915896471943784
2023-04-19,5.036759529885253,0.7237568024027758,0.09970173296100882,0.4762905576442017,0.20932964418641267
2023-04-20,5.036661899936812,0.722901259531184,-0.04098595027175378,0.47790651464814055,-0.08576143872390975
2023-04-21,5.0371122799467996,0.7235133282055416,0.029494808001693684,0.47140479464090507,0.06256789989622719
2023-04-24,5.037167239204264,0.7224952669689715,-0.048167634172870066,0.4744403063228705,-0.10152517299002539
2023-04-25,5.038207274065396,0.7268225265845147,0.20567377149676247,0.4719807934403833,0.4357672480643886
2023-04-26,5.037871610167794,0.7262661863471683,-0.02648122709838674,0.4674357533168779,-0.05665212151718941
2023-04-27,5.036910062657652,0.7285167987794808,0.10505138430848149,0.47361212553948323,0.2218088994001564
2023-04-28,5.036838770528257,0.7282517168338357,-0.012552215071906403,0.4696378794579109,-0.02672743324366223
2023-05-01,5.037607663356094,0.7299721104989118,0.08137087108847396,0.46671267691126195,0.17434896267869182
2023-05-02,5.03127373645637,0.7345146991604661,0.20944439598578413,0.4825348435538516,0.43405030493390645
2023-05-03,5.030894787522686,0.7354482016130807,0.04440330185503427,0.48138990623613886,0.09223978583641693
2023-05-04,5.027073905440618,0.7400289364247369,0.21838810830180932,0.48919792378105936,0.4464207587265824
2023-05-05,5.027025260924866,0.7375491510504814,-0.12066566936566403,0.48623339050252795,-0.24816409510863627
2023-05-08,5.027325127256026,0.7344247925743166,-0.15185429032717934,0.48766499254797635,-0.31139059117974305
2023-05-09,5.027214321381764,0.7325233240966117,-0.09271046875970512,0.4869162509906261,-0.19040331591128173
2023-05-10,5.026824171076585,0.7312008555667212,-0.06459081991926041,0.48435850933281155,-0.13335332955795948
2023-05-11,5.0264122210778845,0.7310170208260532,-0.009148279072825005,0.4658012022566921,-0.019639878618826757
2023-05-12,5.0264040868609206,0.7261612768431461,-0.2288991453921696,0.4724158698204777,-0.48452890771673984
2023-05-15,5.026267776879639,0.7265957624780041,0.020428145344489224,0.47510250408489724,0.04299734303408106
2023-05-16,5.025088691265969,0.7256199833809555,-0.046937999278164,0.4634914420206162,-0.10127047669647413
2023-05-17,5.023645642269843,0.7225814843709049,-0.14267692750429717,0.46321264454294986,-0.3080160465936243
2023-05-18,5.0190265861325765,0.7187652237068088,-0.1800872837313392,0.45448131278147824,-0.3962479395009317
2023-05-19,5.019060445719463,0.7184814395599426,-0.012961686525127192,0.4592564650988412,-0.02822319882277014
2023-05-22,5.018568813816905,0.7170664771445968,-0.06518854147867614,0.45574138588479773,-0.14303845008966223
2023-05-23,5.0179149872430235,0.7130123117513509,-0.18554959569157603,0.45564335353453994,-0.4072255070818464
2023-05-24,5.0167453843753265,0.7120924221014874,-0.04274716008117352,0.44611976939523496,-0.09581991880593424
2023-05-25,5.014238652365441,0.7101845492742026,-0.08754333640798961,0.43994320928442615,-0.1989878115186278
2023-05-26,5.014251208442889,0.7089072549812961,-0.05655625926067742,0.4437408076173277,-0.12745336532007734
2023-05-29,5.014245388150268,0.7086212002574763,-0.012683306832489194,0.4433662295941601,-0.02860684009266784
2023-05-30,5.014799647320688,0.702462463641948,-0.2726157067195274,0.4442948944867208,-0.6135918060334034
2023-05-31,5.012115942680271,0.7057924260178435,0.14600231662918617,0.4510386810536922,0.32370242899811486
2023-06-01,5.005462375735449,0.7100219578726342,0.18562161761843754,0.46301560228884836,0.40089711167581576
2023-06-02,5.006746144455855,0.7118297738752086,0.0836383610770568,0.4516741951879151,0.1851740966566837
2023-06-05,5.006883476201505,0.7109666044616765,-0.03909423701099257,0.45581364712391076,-0.08576802659961823
2023-06-06,5.0080259257061,0.7076717170339711,-0.14922875465127206,0.4583446556318569,-0.3255819672328258
2023-06-07,5.009690532998514,0.7092095518409112,0.07144418794284135,0.4486017366998822,0.15925972215002376
2023-06-08,5.010691332038534,0.7076866342053921,-0.06811680948559484,0.45793098656098435,-0.1487490724249635
2023-06-09,5.010074291283854,0.7065966615528559,-0.05006557055020622,0.4508759331348899,-0.11104068075247643
2023-06-12,5.01047240459394,0.7096165210158395,0.13690944345980327,0.45184314921425667,0.3030021450981058
2023-06-13,5.012592434974769,0.712268443260445,0.12133846759045852,0.4458937306438363,0.2721241839737354
2023-06-14,5.01349254609473,0.7146815013409303,0.10870867846733034,0.4454467110398552,0.2440441825545411
2023-06-15,5.013517233500795,0.7168241069137574,0.09561006093360191,0.44648377712707704,0.21414005576822925
2023-06-16,5.012614819724301,0.7186075601255706,0.0789829773797237,0.4508534219662119,0.17518548941088638
2023-06-19,5.012580551179458,0.7189900170805705,0.01715826305200352,0.4500452657056132,0.03812563837351242
2023-06-20,5.003341993447814,0.7137189984394726,-0.24401376544900444,0.43703362938275186,-0.5583409354416028
2023-06-21,5.002489331697759,0.7120815866446072,-0.0728839605778191,0.43815778237183156,-0.16634181454745442
2023-06-22,5.004094982504421,0.7142651288969077,0.09709706298073684,0.4340164152690836,0.2237174898570095
2023-06-23,5.003940528507424,0.7134606708012945,-0.035164496405514,0.43476307177045376,-0.08088197615845386
2023-06-26,5.003888999165634,0.7135911007320178,0.0056340684599867075,0.43842287372246497,0.012850763036495318
2023-06-27,5.005770832771328,0.7157383086190691,0.09535208716216914,0.4308535838942033,0.22130972266806762
2023-06-28,5.004930094642854,0.7148219900650541,-0.04036857287465523,0.4271542733697606,-0.09450583873641993
2023-06-29,5.007085008499381,0.7117354016856005,-0.130761716861997,0.4351943824975974,-0.3004673822110259
2023-06-30,5.006063482659317,0.7129561547585178,0.052062722940711126,0.43947083046194674,0.11846684542404272
2023-07-03,5.005242206861472,0.7137084618536171,0.03229305442632224,0.44606408630283845,0.07239554902072544
2023-07-04,5.0052051006220415,0.7138708895146657,0.007166798079659031,0.444509127251637,0.016122949204599574
2023-07-05,5.001501859437719,0.7109376079668077,-0.13309130221571763,0.43488189133588967,-0.306040110814644
2023-07-06,4.996521682248049,0.7076948728897322,-0.1460577937648324,0.42795773972783496,-0.3412902261277473
2023-07-07,4.996793801439181,0.7068419575310754,-0.036565567331763305,0.4345764226804362,-0.08414070672824242
2023-07-10,5.002032160843531,0.7028797963975161,-0.16779423733577659,0.444286583705937,-0.3776711777703279
2023-07-11,5.001250930582311,0.7047648572745799,0.08240397767352547,0.44320116171048596,0.18592906515744773
2023-07-12,4.992071377211424,0.7089000337442632,0.1771556951512956,0.4631199430626977,0.38252659555045776
2023-07-13,4.9890517834661825,0.7125774283902035,0.16566742693783354,0.4622766247388106,0.3583729266679594
2023-07-14,4.989054789202298,0.7125976681006816,0.0009334217398375699,0.4588549296110543,0.0020342414990044445
2023-07-17,4.989350537967553,0.7103138521568553,-0.10474457154965222,0.4608699886223612,-0.22727574833578576
2023-07-18,4.98874512528385,0.710990458886587,0.03080400963251506,0.4689762220548724,0.06568352121893048
2023-07-19,4.988662821717356,0.710582260122892,-0.01907437263821521,0.4641888769454278,-0.04109183478012912
2023-07-20,4.982781331263115,0.7059071934149218,-0.22111017488300888,0.45474079858583033,-0.4862334225796881
2023-07-21,4.9836098881563595,0.7081394357974728,0.10275170628449004,0.4554882861619478,0.2255858370152617
2023-07-24,4.983824534988095,0.7086418341259227,0.023056401671851745,0.45295394405142125,0.05090230910812929
2023-07-25,4.982318014026904,0.712843230408458,0.18975660983732823,0.45749234481202466,0.4147754863861073
2023-07-26,4.98229949405668,0.7120047115452122,-0.038266448403273756,0.4561466033345197,-0.08389067927622093
2023-07-27,4.982453463933798,0.7120703038443275,0.0031051886729294154,0.4390781475689184,0.007072063800310217
2023-07-28,4.9824381585706705,0.7133031443953034,0.05478734309432909,0.4457471200135284,0.12291126657793391
2023-07-31,4.984375306745416,0.7116862092401215,-0.07068646023209979,0.45588249348645554,-0.15505412302962213
2023-08-01,4.977393958288124,0.7066683147803852,-0.23186332406145738,0.4411145676493315,-0.5256306208544431
2023-08-02,4.9694237652877975,0.7022890991933226,-0.20099290368253975,0.43249514453201426,-0.4647286940065562
2023-08-03,4.9686209899319245,0.6995414169343919,-0.12052750703345083,0.43520176063907834,-0.2769462762661173
2023-08-04,4.968374510016881,0.7003972551288515,0.03707447949052778,0.43806360839981656,0.08463263959760439
2023-08-07,4.9679918896983795,0.6982471419427531,-0.09425796247977303,0.43582328168496415,-0.2162756475866923
2023-08-08,4.967175718897857,0.6961636960528571,-0.09152625566556694,0.43365267257318124,-0.21105889910114964
2023-08-09,4.968135904515334,0.6991876249669016,0.13215043769995916,0.4325873802800247,0.30548842551628497
2023-08-10,4.968259420056009,0.7006440349175128,0.06318743389086734,0.4329689217270347,0.14593988325726498
2023-08-11,4.968222156193293,0.700719076770354,0.003220563788573827,0.4371677210491597,0.007366883769105344
2023-08-14,4.966290489052711,0.6972290670249279,-0.15355525528300973,0.4315975686502163,-0.3557834112996521
2023-08-15,4.960845610276765,0.6930944762306674,-0.18358282611308496,0.4244453729305046,-0.4325240368285117
2023-08-16,4.958382625749908,0.6905638124810857,-0.11025200024207749,0.42152878498161506,-0.26155271993319773
2023-08-17,4.957062709756567,0.6881674918865898,-0.10260628382576087,0.42036767681533743,-0.24408699689542163
2023-08-18,4.956249238752617,0.6849910512150464,-0.13453710353137183,0.42010597041533393,-0.32024563563893876
2023-08-21,4.95686966996942,0.6836748740092503,-0.05481051605948295,0.4242571471112701,-0.1291917329682787
2023-08-22,4.957065091203193,0.6833262649156511,-0.01457414189609807,0.4269398168054041,-0.03413629116429038
2023-08-23,4.957940323876037,0.6827692487198901,-0.023017106187651848,0.438041371383386,-0.05254550755094462
2023-08-24,4.957768784086978,0.684145780641772,0.05950027975839589,0.4337493763924502,0.13717663470381775
2023-08-25,4.957875999045964,0.6843511955055185,0.008995387321974135,0.43010619015762663,0.02091434052292407
2023-08-28,4.959177602807548,0.6830989382407371,-0.05303909628875658,0.4402226434508952,-0.12048243559891496
2023-08-29,4.959464849510355,0.6828444417649493,-0.010911885477348449,0.446090055292015,-0.02446117179233108
2023-08-30,4.959320088081316,0.6841786336661828,0.058975960537335226,0.44346418849990127,0.13298922904424865
2023-08-31,4.959273725727818,0.6840719252017365,-0.004765345690874057,0.4401901228744421,-0.010825653378490964
2023-09-01,4.960938338903817,0.6866052769132306,0.1130567201766155,0.43675120388401506,0.25885840536031857
2023-09-04,4.9610409377187805,0.6872007187997212,0.026172109094105167,0.4374527804163589,0.0598284209536743
2023-09-05,4.965326842576296,0.6900658758861442,0.1288750668577201,0.4275306860220033,0.30144050724603993
2023-09-06,4.967550011091191,0.6934791197018519,0.1489129983281181,0.42717142789695667,0.3486024312563322
2023-09-07,4.967832765596159,0.6940146867853423,0.023174752042979918,0.4251651448330134,0.054507647968372305
2023-09-08,4.967946586883399,0.6950422753873794,0.043887682558821695,0.4258992850253838,0.1030470914178829
2023-09-11,4.96608530618158,0.6999817389331131,0.20884280205084949,0.4290177940835755,0.4867928671745618
2023-09-12,4.965999578514837,0.700522427522798,0.023060583422498837,0.4290870541142781,0.053743367928218
2023-09-13,4.966198637730808,0.7015446385982238,0.04397774244841912,0.4274193309521741,0.10289132770492308
2023-09-14,4.966728531504611,0.700811282439574,-0.03095518465585201,0.4337205803697555,-0.07137126079989585
2023-09-15,4.966778573364014,0.7007694497600548,-0.001767376191558867,0.4411081063262999,-0.0040066735709714885
2023-09-18,4.966473619157751,0.7026394404046045,0.08159606904946415,0.43859502964721875,0.1860396573921402
2023-09-19,4.968699614776538,0.7053261657544115,0.11952827262400945,0.4324827885709718,0.2763769467426898
2023-09-20,4.968694873614339,0.7102528782916846,0.21406873274102622,0.4351240219758624,0.4919717642086449
2023-09-21,4.966959749605324,0.7089694944204477,-0.057236622186113806,0.42574166890400506,-0.13443979381548238
2023-09-22,4.966971084875502,0.7089947936719977,0.0010943180191667068,0.4264785114823712,0.002565939407739518
2023-09-25,4.965992590865046,0.707635710049041,-0.05888544500293591,0.4226853249596436,-0.13931272633739547
2023-09-26,4.965099514952738,0.7071463126168829,-0.021569877557798378,0.41334077182022616,-0.052184248514394654
2023-09-27,4.951745240900301,0.6970802643713726,-0.4322606424642892,0.4098736481922883,-1.0546192573509832
2023-09-28,4.952147733215346,0.6926351579928218,-0.18288193598200309,0.4137756030447429,-0.4419833712676082
2023-09-29,4.951703041489112,0.6904514541105583,-0.09059605234750023,0.41196460005003305,-0.21991222628472776
2023-10-02,4.945526562517778,0.6873370739812804,-0.13450010338762652,0.4013295641258302,-0.3351362954797326
2023-10-03,4.945205187466858,0.68641535856443,-0.037667506819463625,0.4042803460007547,-0.09317174874336659
2023-10-04,4.9459777212325715,0.6876237841765457,0.049638778824967034,0.40112694962641043,0.12374830180619405
2023-10-05,4.944460676925659,0.6923408670014229,0.18827685918278547,0.4049312427627468,0.4649600705004102
2023-10-06,4.9401314513731895,0.6966213651255344,0.16873073131607796,0.41070793729468386,0.410829000353634
2023-10-09,4.935243084141507,0.7002728897645403,0.14449969068921575,0.4171149964522169,0.3464265056837128
2023-10-10,4.933009592430359,0.7036675587917592,0.13834665535754453,0.417641480084017,0.3312569798615629
2023-10-11,4.929136613691444,0.7084242922980009,0.19455782708158154,0.42187099447207593,0.46117848733603684
2023-10-12,4.937521367477299,0.7140913144915787,0.24561089502607203,0.4104114418553668,0.5984504084869735
2023-10-13,4.932290845302943,0.7170473876480047,0.1179371963438598,0.42824200639479865,0.2753984769890436
2023-10-16,4.93226268999146,0.7170966046351287,0.00205483344477031,0.42599965864971967,0.004823556552330261
2023-10-17,4.930290526072432,0.7192902872254077,0.0915842115115666,0.4315718714991896,0.21221079861720918
2023-10-18,4.930386708852647,0.7186288088010998,-0.02830177738264439,0.4299843580417285,-0.06582048126480405
2023-10-19,4.93105652657955,0.7163266313128358,-0.09839055462980184,0.4320805551958826,-0.2277134516854079
2023-10-20,4.931070497287772,0.7165293217601877,0.008751172786713113,0.43083947192323163,0.02031191048408031
2023-10-23,4.931158205337703,0.7167044750880901,0.0076205670729478925,0.4276902228489294,0.017817959508603643
2023-10-24,4.931715286610733,0.713392599656247,-0.14156771044142502,0.4305473495556643,-0.3288086910476315
2023-10-25,4.932761557006211,0.7143667820345505,0.04276182297633824,0.42272944775710786,0.10115648011564207
2023-10-26,4.932353575901803,0.7138061567030449,-0.02419111090332393,0.42099205652598976,-0.05746215523149783
2023-10-27,4.932131873873961,0.7140227575771064,0.008967428789251386,0.43072801081633155,0.02081923757931597
2023-10-30,4.93152167247615,0.7084809462676119,-0.23737311963504126,0.42648657474680485,-0.5565781754700349
2023-10-31,4.924991672560389,0.7031079534118746,-0.2350723787635225,0.4191559333853238,-0.560823216469714
2023-11-01,4.924827519140519,0.7017919998639007,-0.05565698137324304,0.42179115516415855,-0.13195388450376985
2023-11-02,4.924836631519781,0.7017495760941397,-0.0017809629244069924,0.42353281617276517,-0.004205017548582379
2023-11-03,4.9262947371987105,0.7010796497463588,-0.027205624405638673,0.4409494719788355,-0.06169782738042257
2023-11-06,4.926280637356883,0.7003900195263184,-0.029929203934127457,0.43299540124666686,-0.06912129747326698
2023-11-07,4.9234866024292225,0.6969792951927122,-0.15014980931774957,0.42795209632021286,-0.3508565809323686
2023-11-08,4.914620971604457,0.6915949789502568,-0.2391522934549819,0.41967160743580173,-0.5698557853751535
2023-11-09,4.913088812788249,0.6879274322999667,-0.1565010461645997,0.4212175561630181,-0.3715444522070947
2023-11-10,4.913317281371722,0.6881656952801359,0.010251691554579168,0.41592758093418,0.024647780105261845
2023-11-13,4.913237790072009,0.688052116962259,-0.004818902298477923,0.4140797644956141,-0.011637618429260298
2023-11-14,4.911093178380477,0.689057407889027,0.040007215210085434,0.43287130570103094,0.09242288570108415
2023-11-15,4.910900466422955,0.690088690909545,0.04374590196040984,0.42644032017265965,0.10258387842570267
2023-11-16,4.910023043477189,0.691290141162683,0.05052317818424257,0.4320677741292159,0.11693345629876323
2023-11-17,4.910050575573305,0.6891988662187232,-0.08989011173775907,0.42999751992849095,-0.20904797718997983
2023-11-20,4.91002673292157,0.6897379755433484,0.023163756220004217,0.43060523862321143,0.05379348447795589
2023-11-21,4.907086244556718,0.6925826111913335,0.12017421460876321,0.4388214665657882,0.27385673620127393
2023-11-22,4.906868285306419,0.6960604999756933,0.1513459161913957,0.43596370699500425,0.3471525582590066
2023-11-23,4.906875018139914,0.6968669673270118,0.03516256876714152,0.4361022669599618,0.08062918134376441
2023-11-24,4.909971536719451,0.6912938921479338,-0.24068287598660376,0.4406965098504763,-0.5461420061353899
2023-11-27,4.912379277370252,0.6888737809253316,-0.10452424100355628,0.4472748075524508,-0.2336913218419953
2023-11-28,4.89812468545637,0.6964563036896498,0.32785039150502016,0.46132206450130236,0.7106757225224691
2023-11-29,4.897909562038365,0.6969504579445001,0.022361295463259268,0.45855434985448235,0.04876476576954379
2023-11-30,4.898432035874621,0.695543806164147,-0.06405728555725787,0.4610171322562524,-0.13894773333857835
2023-12-01,4.901465206146669,0.6924835835560958,-0.1390131353170858,0.4693113468799528,-0.2962066360450573
2023-12-04,4.901516176442854,0.6925279131120802,0.0020989994481439567,0.45646182193207874,0.004598411843644366
2023-12-05,4.901939746321213,0.6928766770574004,0.016315797446736724,0.45051854882248243,0.03621559531651077
2023-12-06,4.901824993271562,0.6925464869982128,-0.015045007696087964,0.4511693724916222,-0.033346695528113084
2023-12-07,4.902051207589693,0.693234131863467,0.03121664812972824,0.44943786742874864,0.06945709383216837
2023-12-08,4.899024216582876,0.6900517885988201,-0.14542892297722787,0.4431482689129812,-0.32817215631679475
2023-12-11,4.900546780058315,0.6921902663906868,0.09637475677400786,0.44058038069289523,0.21874500317612985
2023-12-12,4.899854458861892,0.6917015866317365,-0.02214763318053059,0.4324673051862165,-0.0512122718062907
2023-12-13,4.893112050546675,0.6944586045270456,0.11565758454919361,0.4588506824145317,0.252059305961121
2023-12-14,4.885519171585484,0.7023553425413462,0.3503809771317776,0.45762044632144744,0.7656584838992502
2023-12-15,4.885867456741545,0.7033443462402497,0.045254736704329446,0.45213884963133194,0.10009035220315521
2023-12-18,4.88567533602983,0.7077906119394513,0.2014188646051096,0.45402791312007623,0.4436266114586673
2023-12-19,4.888109241672039,0.706078298940333,-0.07625133936257811,0.4672433510836233,-0.16319405976722243
2023-12-20,4.88846542354721,0.7064242830161717,0.01623520178188187,0.45373754821085943,0.035781040925308434
2023-12-21,4.890508701287599,0.7039809248357922,-0.11037400172943634,0.4649868047006347,-0.2373701804301667
2023-12-22,4.8902573141919055,0.7046166677189792,0.029226563764119362,0.46558270866677226,0.06277416068094886
2023-12-25,4.8902496141914735,0.7047449377189152,0.005953805367912679,0.4651383723977648,0.01280007352913309
2023-12-26,4.890204466326504,0.705070992842545,0.015134840461030308,0.4664573917640958,0.0324463514315677
2023-12-27,4.889756286742084,0.7061912625512707,0.05194983339860215,0.4698830017056943,0.11055908217582282
2023-12-28,4.889488384449037,0.705969873921153,-0.010541223011539813,0.45849540811580203,-0.022990902035113555
2023-12-29,4.889946685367699,0.7067407654851555,0.03588305884314025,0.45734224030048737,0.07845997085150941
2024-01-01,4.889970682758461,0.706905625239983,0.007575606165453053,0.45783701827498474,0.01654651297965385
2024-01-02,4.890425903258097,0.7074411468798868,0.024831203685366177,0.4513737990514354,0.05501250568276026
2024-01-03,4.892269607872695,0.7085045083189873,0.049566705794806154,0.44101474310597927,0.11239240086559847
2024-01-04,4.8920486325698995,0.7077676586411973,-0.03294437596428068,0.4435028228561269,-0.07428222384723782
2024-01-05,4.892286682880934,0.708964991482377,0.053306249883032564,0.44261095927907584,0.12043590147396648
2024-01-08,4.892303139929787,0.7090580305208343,0.004133107750980969,0.44190079183663206,0.00935302182601418
2024-01-09,4.889678821874179,0.7054617492672772,-0.1610272880852044,0.43706835158377166,-0.3684258709231678
2024-01-10,4.8895235878489265,0.7014357329985829,-0.17677082745989736,0.4390462936297053,-0.40262457518656813
2024-01-11,4.889219498610451,0.7007777344796314,-0.02911016785845888,0.4356761703786364,-0.06681606623827942
2024-01-12,4.890030221512909,0.700154231836752,-0.026654469258943436,0.4481096794910277,-0.05948202076156475
2024-01-15,4.890066879175138,0.7000215858639105,-0.005861542933335073,0.4458382975602768,-0.013147239627933936
2024-01-16,4.882767683909419,0.6967222668593221,-0.15273509667881413,0.4300781608584999,-0.3551333468640495
2024-01-17,4.872627295873955,0.6914934468761832,-0.2360458617992265,0.42324623074364076,-0.5577033997077671
2024-01-18,4.872267085101529,0.6904330941587438,-0.04557875121502164,0.4257093464033331,-0.10706542292317588
2024-01-19,4.872264721394049,0.6904680884359038,0.0014884860481636508,0.42687499863845507,0.0034869365807584695
2024-01-22,4.873131445008859,0.6927086446894677,0.09627738167357691,0.42399058296418474,0.22707433971878954
2024-01-23,4.870440482452503,0.6957483402483602,0.12696645432329134,0.43200259924533907,0.29390206111048345
2024-01-24,4.870705858902636,0.6960658195481889,0.01385194116490851,0.42339254774169527,0.032716544584434556
2024-01-25,4.869998957245954,0.696995642492563,0.038996903760285306,0.4318878996106263,0.0902940411052114
2024-01-26,4.870020903790815,0.6971184720378456,0.005292126094090577,0.4280700015890386,0.012362758601270065
2024-01-29,4.870264066593082,0.6966533994357083,-0.019738271421985587,0.432869171872135,-0.04559869980257237
2024-01-30,4.870276589757187,0.6966929852612548,0.0017172972811252407,0.429015813712155,0.004002876412097594
2024-01-31,4.872077688241225,0.6991328826046628,0.10638515383913827,0.4250963939400831,0.25026124746222417
2024-02-01,4.866294135355904,0.7028970940761233,0.15619270187009704,0.4396923706771147,0.3552317763202586
2024-02-02,4.862184284204473,0.6996413565546589,-0.14492688453647418,0.4255976512599814,-0.34052557411305795
2024-02-05,4.858328636360935,0.697164247231512,-0.10959498651163457,0.4194163205848929,-0.2613035810308954
2024-02-06,4.859235011361512,0.6951075586504452,-0.08615118067242022,0.42672888035301676,-0.2018873918286257
2024-02-07,4.859600656836681,0.6957749666930038,0.02867736706590307,0.4213471422498246,0.06806114054263532
2024-02-08,4.859255364418171,0.6949029385699835,-0.037157096704092396,0.42046105940294715,-0.08837226628514733
2024-02-09,4.857663162566446,0.6922161162684731,-0.11457168020060848,0.41768750420018896,-0.2742999947293052
2024-02-12,4.857790409390839,0.691931076152299,-0.011829515899169252,0.42258144619317256,-0.027993457842826548
2024-02-13,4.859845332396638,0.6925425368945713,0.027749034154091134,0.4025691957368806,0.06892984969527553
2024-02-14,4.859062410451368,0.6891698940693461,-0.13866622720041022,0.40913423842476976,-0.33892599097620546
2024-02-15,4.855435634390037,0.6923009822618509,0.12469054331049634,0.4173294486032571,0.2987820383340261
2024-02-16,4.854630298638847,0.6948980653756527,0.10673318429588008,0.41566408317494535,0.2567775004292542
2024-02-19,4.85459345535531,0.6955561850109794,0.027278785363790803,0.4155049699813437,0.06565212773511621
2024-02-20,4.854674984120945,0.6989536561441629,0.141170068932432,0.4153992570965444,0.33984189071292
2024-02-21,4.854559416726293,0.6985358641629472,-0.01745712264441579,0.4138049104898648,-0.042186842644641266
2024-02-22,4.848139553000023,0.6909745313642105,-0.3193108003060203,0.4094216923953969,-0.7799068936426738
2024-02-23,4.847697342819289,0.6917430375298569,0.031196349523675337,0.41576272839170847,0.07503402155443784
2024-02-26,4.846231631975851,0.6884589929819803,-0.1372673633308139,0.4110372654047327,-0.33395357278774224
2024-02-27,4.845252792817114,0.6866706742890973,-0.07461831578790168,0.4091203313884439,-0.18238720997968316
2024-02-28,4.84601303119636,0.6875305032382142,0.03600056918077854,0.40532953888846296,0.08881802515430547
2024-02-29,4.843551195774438,0.6908615741210015,0.13329288650762194,0.41270091773519624,0.3229769568701261
2024-03-01,4.839029261645572,0.6931755333163194,0.09103470806230973,0.424954267629167,0.21422236460924415
2024-03-04,4.828572104708089,0.6977334565631982,0.18272296895578322,0.43702651831684347,0.418104992025471
2024-03-05,4.826234275743957,0.7017175162039362,0.1694899955483251,0.43373730890269474,0.39076646640593404
2024-03-06,4.82524360156213,0.7027118377024155,0.04227239680257355,0.4405832481798948,0.09594644593775678
2024-03-07,4.823827244142885,0.7043228518050717,0.06948788258058158,0.4447271783329299,0.15624833823077447
2024-03-08,4.823828332566853,0.7076155223688982,0.1456312851429331,0.4421670615504192,0.3293580589931101
2024-03-11,4.822758697585341,0.7090325110129262,0.061925406969365326,0.4488349260151851,0.137969225165134
2024-03-12,4.820841099960656,0.7045439075037438,-0.2018032110683734,0.44310061864611977,-0.45543427965633826
2024-03-13,4.818327445226625,0.7079084049540565,0.147771739968924,0.45104763393317776,0.3276189228182854
2024-03-14,4.817628308042414,0.7055991426083874,-0.10408974666292892,0.44615477061291453,-0.23330412116838609
2024-03-15,4.81849892365853,0.7013090988803033,-0.19118730360789016,0.4490953290838511,-0.42571652659561143
2024-03-18,4.819201202012766,0.7028946703254992,0.07158798284130441,0.44501394401650235,0.16086683081249636
2024-03-19,4.816613208742981,0.700650924886135,-0.10205136066795717,0.43795389515149197,-0.23301850217054637
2024-03-20,4.816395845344862,0.70078181796054,0.0056228075009521206,0.45604155838385624,0.012329594523969522
2024-03-21,4.816990048772639,0.7027150170816983,0.08746142647489918,0.4473997179277082,0.19548833620192713
2024-03-22,4.8173285385208775,0.7031765687236006,0.02094773436657249,0.4431921945729723,0.04726557602567031
2024-03-25,4.817573676668605,0.7023269425804161,-0.037631902622166535,0.4478643605189353,-0.08402522267805118
2024-03-26,4.8175690408039635,0.7030302896648266,0.03141772842704782,0.44694888781055353,0.07029378366048139
2024-03-27,4.811570773843905,0.7071063534463857,0.17833140516008683,0.46036830352978025,0.38736681868140593
2024-03-28,4.8086137626634935,0.709604526546457,0.11203899192739897,0.46611770829029575,0.24036630648158436
2024-03-29,4.808501305528778,0.7100981471934016,0.02277133795064401,0.46447852868728984,0.04902559869667261
2024-04-01,4.807453945358839,0.7121735266700168,0.09570592216838847,0.46883284495099575,0.20413655570226105
2024-04-02,4.807654959331764,0.711897395835166,-0.012794126434741315,0.47426057225689194,-0.02697699784288866
2024-04-03,4.812502722581574,0.7082381426766532,-0.1703965500206408,0.4854648659105947,-0.35099666728924883
2024-04-04,4.812647543390112,0.7086472705228699,0.019760665218008455,0.4775687605369914,0.04137763365381986
2024-04-05,4.809960452146296,0.7108710539374395,0.1053045010884901,0.4918556257588568,0.21409636400116727
2024-04-08,4.811032666190227,0.7061487174363171,-0.22982971397033225,0.4898053418037419,-0.46922663832935857
2024-04-09,4.81071375240851,0.7066039363928128,0.02214726617039986,0.49692720553971964,0.04456843160024898
2024-04-10,4.81119800396728,0.7073786139974454,0.038534444603655515,0.4884022380821538,0.07889899267245713
2024-04-11,4.8101804248756945,0.7086443120073799,0.061666345299087766,0.4994399898405274,0.12347098060525351
2024-04-12,4.809612404534382,0.7078812935614128,-0.03813934691409315,0.48910932915994737,-0.07797714057018307
2024-04-15,4.810273115556062,0.709041765595897,0.057327248728007874,0.4862402001903208,0.11789903160119058
2024-04-16,4.810503564961957,0.7093125060329234,0.013316867591299797,0.4799974645026415,0.027743620698284982
2024-04-17,4.80973356320357,0.7111236428628172,0.08697849744262953,0.4870269868910915,0.17859071423916717
2024-04-18,4.809338446298241,0.7127117836699054,0.07691323418321616,0.48802809676371106,0.15760001256742254
2024-04-19,4.809675850625885,0.7120584931685345,-0.03169029289631453,0.4927914995828451,-0.06430771010283418
2024-04-22,4.803165921063162,0.7087357396513673,-0.16661236966212556,0.4735104679052746,-0.35186628586943136
2024-04-23,4.805269082893047,0.7050029957589746,-0.17766821695063584,0.48519326638207955,-0.36618030228541104
2024-04-24,4.805511016203769,0.708097891406923,0.14956777073692962,0.48218466442274505,0.310187738790878
2024-04-25,4.795354183520327,0.7195424121670805,0.5477206491421427,0.49194921120349744,1.1133682841003176
2024-04-26,4.794608663621673,0.7210003897591571,0.07098090818053748,0.49424279472339533,0.1436154637727439
2024-04-29,4.79456266035023,0.7211407483284985,0.006898048154710068,0.49626931988663153,0.013899807782366776
2024-04-30,4.790678114565981,0.7193772881781597,-0.0893304524170162,0.47539660872961403,-0.18790721426417176
2024-05-01,4.790573269412161,0.7184735728609658,-0.0435259620808921,0.48090953826080035,-0.0905075874317296
2024-05-02,4.790276870887341,0.7216173065274355,0.15096760146165167,0.4819007213700909,0.31327531743973325
2024-05-03,4.79033347234118,0.7219304266233689,0.015105210057335228,0.4799687686297437,0.03147123530653648
2024-05-06,4.7911902518566665,0.7210992369437564,-0.03955495708445511,0.4914532852090555,-0.08048569065446197
2024-05-07,4.791556506791708,0.7194392852409457,-0.08083841327805175,0.49007921221158746,-0.1649496882621303
2024-05-08,4.791561739174065,0.7196353222338632,0.00960024407673643,0.48946584574504554,0.019613715972609528
2024-05-09,4.7928644888463765,0.7187807369001645,-0.0413704771362049,0.5068993673950366,-0.0816147736557818
2024-05-10,4.792819672618815,0.7196282346117647,0.042488832452988845,0.5018078036774521,0.08467152591413159
2024-05-13,4.793649292391003,0.7212828724361277,0.08338343636709311,0.496935085812894,0.16779542992158264
2024-05-14,4.794767851667399,0.7194011747384411,-0.0933906914533651,0.5053418020779621,-0.18480697830526427
2024-05-15,4.794708041477851,0.7194893010639533,0.004415775127753818,0.5109425782104974,0.008642409765926014
2024-05-16,4.794691422655078,0.7162997348197454,-0.16229381363962148,0.5087397850223605,-0.31901144439192664
2024-05-17,4.802786693423144,0.7112861054346431,-0.2533113323021112,0.5290708644599442,-0.4787852617072043
2024-05-20,4.803817087472744,0.7098144046503964,-0.07680197844561576,0.5315791034460833,-0.14447892693247222
2024-05-21,4.803887108012607,0.705120557049156,-0.2485570965476569,0.5297258605712597,-0.4692183543382446
2024-05-22,4.800350985091502,0.7031165854469145,-0.10720595198624494,0.5106397458255966,-0.20994439399329476
2024-05-23,4.797936168956621,0.7008936704510191,-0.11542186318710179,0.5046457954722933,-0.228718567008132
2024-05-24,4.797835734504392,0.7011485037044511,0.01289933299786128,0.5124490933693923,0.02517193056786806
2024-05-27,4.797833713293383,0.7011909737866279,0.002169083932173521,0.5115104395979096,0.004240546749893519
2024-05-28,4.799165090809091,0.6999319663072137,-0.0640622245663991,0.5243539673813379,-0.12217362421482293
2024-05-29,4.796682028315979,0.6966896549998699,-0.16955541269084762,0.5120139521332971,-0.33115389138205703
2024-05-30,4.796741512497467,0.6964810758606229,-0.010715978505174917,0.5182902824784148,-0.02067563075644044
2024-05-31,4.796409606358717,0.6943389476496418,-0.11087902315673404,0.5155322378346983,-0.21507679834425136
2024-06-03,4.796879124348824,0.6988699658934848,0.23396133549713483,0.5151348479544468,0.45417493385697716
2024-06-04,4.794333203429742,0.6973223086977008,-0.08071000875660417,0.4986417414114703,-0.1618597122016781
2024-06-05,4.794005893732197,0.698106634257942,0.039353511374450534,0.5085303403644327,0.07738675207903677
2024-06-06,4.78622010995838,0.7052326994016954,0.3589899176502911,0.5197514686300887,0.6906953405951549
2024-06-07,4.781948943239213,0.7038466634147243,-0.07338124463064588,0.4865324261945946,-0.15082498242634326
2024-06-10,4.781946518705399,0.705291098602589,0.07140489088445179,0.4955679002950192,0.14408699764844204
2024-06-11,4.78184896228926,0.7050242508425262,-0.013246098204710677,0.49136889301238795,-0.02695754328993864
2024-06-12,4.781622512227808,0.7069574132423071,0.09509243010714385,0.4939521901866458,0.19251342942970256
2024-06-13,4.778943130739256,0.704217678899441,-0.13644349800226507,0.48415942725423683,-0.2818152251543731
2024-06-14,4.779330357035112,0.7025860662296293,-0.07926938119322102,0.4898616171312923,-0.1618199475546485
2024-06-17,4.779464175939645,0.703001557255867,0.020372932565543067,0.48581903127268783,0.04193522948694005
2024-06-18,4.779238589471753,0.7033898831931676,0.018805468315235885,0.4931257415606305,0.0381352396160072
2024-06-19,4.7792325291310105,0.7034594654703067,0.0034149108239134307,0.4920674387642072,0.006939924398350232
2024-06-20,4.777655515025681,0.7050410251317302,0.07720304668370659,0.5029671851972642,0.1534951960204471
2024-06-21,4.778675698876033,0.7065407993832293,0.07535988530621296,0.49261058107262545,0.15298064678619372
2024-06-24,4.778832357841375,0.7104761563402449,0.19478051120374573,0.49481175755018175,0.393645680870855
2024-06-25,4.779987884929542,0.7122126161738446,0.08642375295831073,0.48837189527369534,0.1769629943792666
2024-06-26,4.780298354412917,0.7135203231587328,0.06424828891280043,0.48831406799064836,0.13157165259885742
2024-06-27,4.780525789109818,0.7130898828159584,-0.020944601514123917,0.4946295844261733,-0.04234401292114794
2024-06-28,4.780120631544871,0.7109042775729192,-0.10789180524571407,0.4910114130563285,-0.21973380328195505
2024-07-01,4.780256517566594,0.711631856712474,0.03583090199288108,0.4900439247831452,0.07311773533104612
2024-07-02,4.7801970113900305,0.7128465677640183,0.05955710976772366,0.4913010243537491,0.12122325583600053
2024-07-03,4.780730174996248,0.7125128171557115,-0.016203083620496272,0.5093187404797893,-0.031813248429132246
2024-07-04,4.7807447343592875,0.7124579576112672,-0.002758220117129895,0.5062846249308445,-0.005447963420786581
2024-07-05,4.776930953759321,0.7163748923699873,0.19700874169348737,0.5172196638805914,0.38089955864278596
2024-07-08,4.777053825408702,0.7148237732087045,-0.07968679006538792,0.5147648179329064,-0.15480232387554926
2024-07-09,4.777064176955062,0.7151533480023055,0.016966890307479332,0.5145406162702503,0.03297483186160735
2024-07-10,4.775788422144034,0.716451955986959,0.0665344539404984,0.526758359570328,0.12630925116170902
2024-07-11,4.7761217668311025,0.7161935196664379,-0.013472782479212242,0.5398169345831269,-0.024958058215821973
2024-07-12,4.775944142127567,0.7199163642546191,0.1993070962825101,0.5358389652659642,0.3719533464379243
2024-07-15,4.775917085411364,0.7197885474770934,-0.006855333952913156,0.5335426984377386,-0.012848707278698022
2024-07-16,4.773698252965789,0.7216044944591846,0.09681701895449635,0.5509126074049548,0.17573934169077718
2024-07-17,4.778094020251674,0.7260188078750766,0.241911935722392,0.5340699295296323,0.45295928931151286
2024-07-18,4.780147228974947,0.7282731124257231,0.1215521068216745,0.5269829935321779,0.23065660242079986
2024-07-19,4.780931975021531,0.7293070236463349,0.05493848157352943,0.5211992615974408,0.10540782695114853
2024-07-22,4.780919239228354,0.7290091212473989,-0.015591960434974794,0.5232287812130215,-0.02979950835049125
2024-07-23,4.781082321817857,0.7304209243470572,0.0739027580040954,0.5220520619210711,0.14156204600005726
2024-07-24,4.78372276974591,0.7350311920035965,0.2415674195176436,0.516137655678447,0.4680290555435462
2024-07-25,4.7831915150425255,0.7346314856921283,-0.020880813294375855,0.5041164522851959,-0.04142061462132735
2024-07-26,4.783576487473427,0.7328547318917973,-0.09008837373248468,0.5107916501890436,-0.17637009864813383
2024-07-29,4.78344000194568,0.7339923708704961,0.05794996902194072,0.5112638506975977,0.1133465018950009
2024-07-30,4.782877288536666,0.7364450070960256,0.12513358528079266,0.5136630183035411,0.2436102674747103
2024-07-31,4.782117917789837,0.7371343299977942,0.03517518789733742,0.5263629925162987,0.06682686358549082
2024-08-01,4.786278855990814,0.741761460975571,0.24304904203455635,0.5124905926617783,0.4742507384812783
2024-08-02,4.789195247374542,0.7440882259809637,0.12095001224568591,0.5026483086324964,0.24062552319084127
2024-08-05,4.791242705574231,0.7452224218503871,0.058280243618284544,0.48899535739690225,0.1191836338253418
2024-08-06,4.7912422481001675,0.7460263843236665,0.03967585559833253,0.49433630450381383,0.08026085730878467
2024-08-07,4.7903821193237315,0.7453180959476999,-0.03539327473588827,0.48256558605874217,-0.07334396765620142
2024-08-08,4.788828148251915,0.7475408276296253,0.1073148609971355,0.49370803651854805,0.2173650276262088
2024-08-09,4.788457404549442,0.7483673533254551,0.04043873625322192,0.4957975784563548,0.08156299669539784
2024-08-12,4.790322745484112,0.7470379032973504,-0.06510330406840126,0.5103955023017677,-0.12755461945648064
2024-08-13,4.792124426705958,0.7450018087081272,-0.10240892330985218,0.5155390621612319,-0.19864435272961795
2024-08-14,4.79197742369504,0.7426889198022142,-0.11867230206683388,0.5120987723011344,-0.2317371344859422
2024-08-15,4.792731906177582,0.7402172151203981,-0.12645252957619846,0.5162001456674931,-0.24496802381309676
2024-08-16,4.789241550629776,0.7432395770580326,0.15493027338960275,0.5294242086974983,0.2926391933809861
2024-08-19,4.789165868766909,0.7433186341235909,0.004141296037914799,0.5373983552451032,0.007706194106280781
2024-08-20,4.788440506291204,0.7459558403257027,0.14080474472505244,0.5377094039579338,0.26186029793904797
2024-08-21,4.789431485311411,0.7437423951846944,-0.11874038843028245,0.5428960916470236,-0.21871660204819499
2024-08-22,4.7912907105854385,0.7453615806518007,0.0880380846670974,0.5278689566027439,0.16678018960177618
2024-08-23,4.7921559788373616,0.7436653656203787,-0.0899967949425502,0.5383580123931504,-0.16716904526504497
2024-08-26,4.792481203630664,0.745492106852217,0.09804045520031934,0.534252352284289,0.18350963693679642
2024-08-27,4.793491457312526,0.7493071533692607,0.20426405656989743,0.5319475001714157,0.38399288746365956
2024-08-28,4.7940771927155055,0.7498780846592967,0.03055817340440825,0.5212038267014918,0.058629986655700024
2024-08-29,4.793413397340293,0.7537119015422526,0.2008106434805299,0.526763069623074,0.3812162527343085
2024-08-30,4.793968950251086,0.7553379826622773,0.08566309318717913,0.5221484111878054,0.1640588984888589
2024-09-02,4.793988574134292,0.7556030604005282,0.013874469663463174,0.5226711080951851,0.026545315875650916
2024-09-03,4.806175656922404,0.761488444500752,0.31203249717493264,0.5016280001004656,0.6220396331792465
2024-09-04,4.805576235684378,0.7606150273391526,-0.04451875229147362,0.5007932182446125,-0.08889647596970537
2024-09-05,4.806922016133701,0.7579765280616881,-0.1320747604201955,0.5084038637149114,-0.2597831563574755
2024-09-06,4.808144862785692,0.7589169784874825,0.048144895805464216,0.4935869377182399,0.09754086286810802
2024-09-09,4.808244394891809,0.7586118103026771,-0.015136834291197943,0.5013777160210735,-0.03019048076433003
2024-09-10,4.8108326040281355,0.7552792209170324,-0.1657404906581874,0.508739261408962,-0.3257867108568863
2024-09-11,4.813560459692254,0.7504632271526325,-0.24292801390726737,0.5125505076798996,-0.47395917137395926
2024-09-12,4.8305996686981,0.7431270926275355,-0.3717517345245511,0.5409672169927857,-0.6871982679303629
2024-09-13,4.83510015200815,0.7397943806708135,-0.1769090543034153,0.5496729405695567,-0.32184421179639433
2024-09-16,4.835912640972786,0.7355908948340362,-0.22916257555097985,0.547671501149622,-0.4184307108731104
2024-09-17,4.835813582574972,0.7353596320266704,-0.012669774759778818,0.5420198849241031,-0.02337511060420397
2024-09-18,4.8377886004019235,0.7381281678731694,0.15076569074897606,0.5349630748952144,0.2818244806494489
2024-09-19,4.839425325812521,0.7358173877794151,-0.12392923355908891,0.5467731813090472,-0.22665565502387292
2024-09-20,4.838610049762155,0.7368419097466682,0.055703666908883065,0.5549607647121064,0.10037406326874318
2024-09-23,4.839532268696639,0.7402708649344003,0.18946866329500978,0.5487791478738059,0.3452548516631665
2024-09-24,4.8455795175498855,0.7354182848532176,-0.2668787782648394,0.567936313880316,-0.4699096918833052
2024-09-25,4.846796110239012,0.7403674757637546,0.27881739100384095,0.5598070899638987,0.4980597709504207
2024-09-26,4.84751751527776,0.7385395274356423,-0.10254532822009566,0.5667463809554888,-0.18093689111382147
2024-09-27,4.844363892630442,0.7356206725467784,-0.16517885622618422,0.5511971878332845,-0.29967289360725896
2024-09-30,4.844556861652193,0.7358711350617222,0.013909196353552034,0.5451809153300494,0.025512992040690723
2024-10-01,4.845016255417794,0.7350320013325914,-0.04590713052974138,0.5552068057750578,-0.08268474026656775
2024-10-02,4.845234231556187,0.7367858706878097,0.09703314870323254,0.5515654585046972,0.175923178667299
2024-10-03,4.843951416402593,0.7351099233705503,-0.09267268542545537,0.5425965228539612,-0.17079483837827328
2024-10-04,4.843868559565789,0.7331323737026825,-0.10777716524549419,0.5448298277656192,-0.19781803372898105
2024-10-07,4.844800254130975,0.7344977530060053,0.07452976709866732,0.5365853724542754,0.1388963824298403
2024-10-08,4.844750314871361,0.7341114226687555,-0.02081886212324946,0.537469369205711,-0.03873497415120833
2024-10-09,4.844672284032813,0.7337854016785358,-0.017544754838738186,0.5350345180964221,-0.032791818556230666
2024-10-10,4.8486366460116574,0.7305381642968463,-0.17362325183376726,0.552396012308981,-0.3143093866808213
2024-10-11,4.848824999414612,0.7299996162304624,-0.02949800030675931,0.5524844893436869,-0.0533915446962156
2024-10-14,4.848742276913982,0.7309964495700428,0.05497850198440091,0.5527779755302846,0.09945856097406841
2024-10-15,4.848532609622856,0.7314239819465846,0.023619032467557588,0.5594962533674368,0.042214817928452344
2024-10-16,4.8484226739032446,0.7317400411117355,0.017630659782135183,0.5627391399747121,0.031330075570942965
2024-10-17,4.847966406737244,0.7327711100960341,0.05792412631063115,0.5680534035839581,0.10196950840392244
2024-10-18,4.851443926113755,0.7306120130546406,-0.12284649613678056,0.5918345864212513,-0.2075689710525668
2024-10-21,4.851818699819608,0.7293819727027462,-0.07212006890836165,0.5902837586372289,-0.12217864349658403
2024-10-22,4.852609036385781,0.7283842925644188,-0.05900976547683712,0.6025405961159559,-0.09793492066297387
2024-10-23,4.853392853592496,0.7295008923368438,0.066824239460054,0.5889513346551118,0.11346309198736441
2024-10-24,4.84904367259271,0.7142934292497676,-0.8987271515872877,0.5874233548583686,-1.5299479398533216
2024-10-25,4.848447855914254,0.7133587977889283,-0.054914304805322445,0.5791331820781089,-0.0948215479698002
2024-10-28,4.848245562770993,0.7125474355134839,-0.047135448943819824,0.5778685685848095,-0.08156776731991801
2024-10-29,4.849672756913604,0.7103755705482965,-0.12588222423847384,0.5889797371612389,-0.21372929541719085
2024-10-30,4.849611543438897,0.7102259967131185,-0.008766985310266762,0.5805629109728115,-0.015100836006861847
2024-10-31,4.8464958840075845,0.7072231656918911,-0.1746348108047755,0.5677660125294494,-0.307582361308951
2024-11-01,4.846425228125897,0.7071175338269192,-0.0060307686676424055,0.5622125840114433,-0.010726847529118372
2024-11-04,4.8471818056680505,0.7102415833079009,0.1762544898423073,0.5612108707560508,0.31406107583921383
2024-11-05,4.847149324823299,0.7132647060465933,0.16986584704773833,0.5622953859820703,0.30209361713160987
2024-11-06,4.84171688139537,0.7090745836671153,-0.2360702903942382,0.5458701315301939,-0.43246603314323373
2024-11-07,4.841907231714692,0.7088137204713229,-0.01433457891208434,0.5603339969906849,-0.025582204522783293
2024-11-08,4.8418954226561715,0.7087895407561513,-0.001348944683428499,0.5511330246364521,-0.002447584563306315
2024-11-11,4.823764928582073,0.7005801106585864,-0.45740710765108616,0.5274270364385241,-0.8672424355409408
2024-11-12,4.821991754413345,0.6989605257856876,-0.0868250314229968,0.5216798214399472,-0.16643356299145567
2024-11-13,4.822207754047652,0.6991952007122292,0.012369975318762272,0.5147498565639937,0.024031041798307787
2024-11-14,4.822204954487068,0.699307782999473,0.005821815727557578,0.5179687640150565,0.011239704267936024
2024-11-15,4.8220359555531065,0.6985647437721948,-0.03851448044320449,0.5153210229447743,-0.07473881081566508
2024-11-18,4.822117902828231,0.6985156706175655,-0.0025162705835555244,0.5372972974374396,-0.004683199777025693
2024-11-19,4.817486859036138,0.7037566339596167,0.27771407891768973,0.5421724993211566,0.5122245766161323
2024-11-20,4.818636388309072,0.7079557732379671,0.22674323312271838,0.5360757471529792,0.4229686463655909
2024-11-21,4.819262001348485,0.7067300284641711,-0.06575712178626247,0.5439541051011463,-0.12088726083616039
2024-11-22,4.819292153846655,0.710200618486421,0.18817567922339862,0.5421308546143708,0.3471037990583509
2024-11-25,4.8178960183924495,0.7090686458159807,-0.06167087622300471,0.5279567733923467,-0.11681046504383893
2024-11-26,4.819375258977092,0.7135546661488206,0.23878126924976328,0.5282059943871106,0.4520608849333992
2024-11-27,4.820262636894367,0.7108064358633421,-0.1451969209720616,0.5332130667207307,-0.27230563171496364
2024-11-28,4.820276142611961,0.7103825531254726,-0.022551030950360484,0.5325686729142324,-0.04234389309262323
2024-11-29,4.821294910749007,0.707699849103728,-0.14268697665601593,0.5374385838545068,-0.26549447870427473
2024-12-02,4.818067581018811,0.702429533952253,-0.28326714247593543,0.529019587711784,-0.5354568130476534
2024-12-03,4.820499038801354,0.6998840292135687,-0.13480374296511144,0.5435754349296869,-0.24799454556394498
2024-12-04,4.820748385491495,0.697817192531469,-0.11160351541644076,0.5415895768860537,-0.2060665865434875
2024-12-05,4.821619315824261,0.6931654776969333,-0.2517337399991959,0.5439483166562201,-0.46278981346364517
2024-12-06,4.822617608346502,0.6942364928363342,0.05838081524122174,0.5323314371840955,0.1096700498284342
2024-12-09,4.8276505446168825,0.690277748714385,-0.21136756394730583,0.5525555577222346,-0.38252726082172295
2024-12-10,4.827607154502769,0.69049333398987,0.011806388243421395,0.550296056324159,0.021454611763502607
2024-12-11,4.826088155505579,0.6919051483776965,0.07761292350215143,0.5650774114276468,0.13734918779723526
2024-12-12,4.833053930671483,0.6959784662084361,0.22950494336860316,0.5400661505641831,0.4249570966979685
2024-12-13,4.831863271273369,0.6951075292030122,-0.047716434339434954,0.5296922423256367,-0.09008331730503336
2024-12-16,4.831788038637287,0.6949579377393262,-0.007994477779178055,0.5279834831548407,-0.01514153005584368
2024-12-17,4.831268553368533,0.6926738559976168,-0.12099797044001548,0.5269045963021773,-0.22963923884737514
2024-12-18,4.825230036001698,0.6897477374022577,-0.1563809087402035,0.5061461961128703,-0.3089639118918334
2024-12-19,4.825016323962434,0.6893635511186671,-0.01972955408844257,0.5064859746443569,-0.0389538014400028
2024-12-20,4.824628590158421,0.691471597546066,0.1068851595224416,0.5100781502044571,0.20954663413753027
2024-12-23,4.824839199270227,0.6904716856258446,-0.050859854669099036,0.5118198261025517,-0.09937062238559786
2024-12-24,4.825287276353665,0.6930737182218782,0.13315896766427926,0.5094419174148184,0.2613820400566944
2024-12-25,4.8253089551385,0.6935178317485232,0.022656437801067852,0.5097179096389272,0.04444897338827503
2024-12-26,4.825856941949353,0.6910350558804776,-0.12639381277844564,0.5124715016930218,-0.24663578825531932
2024-12-27,4.826774130577948,0.6931391591554036,0.10799546771357171,0.5072173059470776,0.21291755318151512
2024-12-30,4.8271812567486485,0.6936605038594021,0.02666882849694474,0.5008153515697704,0.05325082071336906
2024-12-31,4.827893350981283,0.6907151345455445,-0.14787084918445004,0.5059908756651978,-0.2922401495680184
2025-01-01,4.827904597541747,0.6902100468601792,-0.02550396814299205,0.5054060166619687,-0.05046233582939298
2025-01-02,4.8274907349753295,0.690449132937231,0.011971943003359797,0.5262481201439092,0.022749616663876954
2025-01-03,4.827732108979798,0.6915207750946111,0.05580508952493801,0.5172237213311196,0.10789352309928638
2025-01-06,4.826868970822273,0.6896577850343455,-0.0968247647805569,0.5134447051550306,-0.18857875796249846
2025-01-07,4.826281011425031,0.6912078133301874,0.0796225612012762,0.5194586115202262,0.15327989455840588
2025-01-08,4.823313618283755,0.6945894694542534,0.17450364555137554,0.5287087772318108,0.3300562673936184
2025-01-09,4.82324906768585,0.6951140001713081,0.027566525118935203,0.5272227280680543,0.052286298847452
2025-01-10,4.823292532553901,0.6969023361547547,0.09425868068386478,0.526892148563088,0.17889558791286225
2025-01-13,4.8251514816073975,0.698988290090666,0.1104556114698525,0.5172687292553569,0.21353622444732115
2025-01-14,4.827126713849462,0.6971736400143387,-0.0939151939483267,0.5336501448748852,-0.17598644889405066
2025-01-15,4.825687007532469,0.7013133183280713,0.2189970700431232,0.5338212357578823,0.41024420793640093
2025-01-16,4.826190379785699,0.7038155523020557,0.13345581139792984,0.530615100841007,0.25151152160277174
2025-01-17,4.826193665492956,0.7037899818242096,-0.0013579416291236157,0.5331277146156077,-0.0025471225597467014
2025-01-20,4.826193670572476,0.7037860211098566,-0.00021097410039772058,0.5328496501115068,-0.00039593551455569334
2025-01-21,4.824049007984739,0.7065168848463389,0.14519220498850416,0.5430188276402432,0.26737968850814103
2025-01-22,4.824230457418489,0.7050654527423941,-0.07840287848132732,0.5418997019198641,-0.14468153092455752
2025-01-23,4.824237161377648,0.7051886673738769,0.00667515109984862,0.5411454298044672,0.012335225860191706
2025-01-24,4.824068139985144,0.7055657244858811,0.020391626403181817,0.5473274256569276,0.03725672321043815
2025-01-27,4.831423229292066,0.7123719410669379,0.37287711380210453,0.5330120732724247,0.6995659807719317
2025-01-28,4.83199210539291,0.7108413230395587,-0.08199607836785106,0.541447320061387,-0.1514387001833432
2025-01-29,4.832828924576177,0.708625915225315,-0.1195189480734058,0.5448993190821502,-0.21934134231389427
2025-01-30,4.827224806756109,0.7127444415742775,0.2236776809367882,0.5625295193556289,0.3976283434743272
2025-01-31,4.82841686929482,0.7154823005449782,0.1527924894902455,0.5518803915918087,0.2768579783194336
2025-02-03,4.827678839583988,0.7170419165746762,0.08630088205259057,0.5602658184840101,0.15403560096903104
2025-02-04,4.832515407102141,0.7113097186012666,-0.3202683108995643,0.5706038891898502,-0.5612795793493186
2025-02-05,4.831036445665084,0.7128957547659996,0.09016861480795058,0.5815003232470295,0.15506202009391779
2025-02-06,4.831116455543683,0.7169334011260702,0.2335274685838442,0.5780425495989227,0.40399702192490544
2025-02-07,4.831295109676618,0.7175580590787356,0.03611526865569914,0.574429784868368,0.06287151120475941
2025-02-10,4.827812371409119,0.7224743438252478,0.28327840151938233,0.586294344881526,0.48316754884720087
2025-02-11,4.828235155084742,0.7234488723616312,0.0568560532369915,0.5775142939677846,0.0984496034658548
2025-02-12,4.827679336466364,0.7245388222635705,0.06318637825604867,0.5870545809232862,0.10763288510017707
2025-02-13,4.826986114292888,0.727249176521135,0.1587194064443338,0.5891712181498734,0.2693943654320852
2025-02-14,4.825471120058409,0.7260553446543134,-0.07016675290620356,0.5707693223237493,-0.12293364440214934
2025-02-17,4.825440561100087,0.7258898305520028,-0.009510879846942544,0.5725937293556667,-0.01661017115511382
2025-02-18,4.825031942242307,0.7271502758990316,0.07224970331363068,0.5779256235326126,0.12501557358194137
2025-02-19,4.825322076441411,0.729780685480347,0.15170964239536033,0.5753411529686595,0.26368640868563836
2025-02-20,4.830669798329473,0.7240020324060241,-0.33342771607946986,0.5900851353829993,-0.5650501869752337
2025-02-21,4.831331667573974,0.7244866923660978,0.028415498548184814,0.5678695455155299,0.05003877875223671
2025-02-24,4.831483998091413,0.7225537997112795,-0.11060321125155781,0.5738280346301636,-0.1927462664364985
2025-02-25,4.831264432091865,0.7221800235982854,-0.02142874860717825,0.5654492244554121,-0.03789685736648842
2025-02-26,4.831215553607697,0.7223152663021197,0.007674477398744273,0.5728072862414529,0.013398009388290643
2025-02-27,4.836520568214199,0.7255564669732395,0.1856154674692334,0.5506421546190419,0.3370890984502453
2025-02-28,4.836579423372885,0.7271151341876994,0.08658180746728306,0.5555834495178312,0.15583942887863914
2025-03-03,4.836608988916409,0.7276711744741652,0.030884456321807363,0.5549081712832878,0.05565687787653869
2025-03-04,4.836596090535525,0.7276944983509263,0.0012942250548633183,0.5628252345830886,0.0022995149743454775
2025-03-05,4.842113727127767,0.7241792119875742,-0.19761466979203846,0.584372665614652,-0.3381654916801839
2025-03-06,4.842025502912062,0.7223082184379964,-0.1082661826750595,0.5777852203484736,-0.18738136397771138
2025-03-07,4.8433992817664,0.7189340633369639,-0.19526912620359838,0.5845250116082438,-0.33406462054778635
2025-03-10,4.853619131738953,0.7256552667828824,0.3919194796451748,0.5627265686423233,0.696465213275338
2025-03-11,4.856170371567256,0.7235163618312689,-0.12158564554958673,0.585746419101383,-0.20757386060697755
2025-03-12,4.861257422330136,0.7152787123579633,-0.47942969357160337,0.5904140756877825,-0.8120228045259732
2025-03-13,4.862047754962007,0.7146079111285158,-0.03966212544396086,0.6076485430461227,-0.06527148941250792
2025-03-14,4.861666108957606,0.7154669594913288,0.05194510735319113,0.6106428496913939,0.08506626644272196
2025-03-17,4.86341327905005,0.7135145287492896,-0.11958701545452755,0.6248510095222151,-0.19138484795914523
2025-03-18,4.863250204120393,0.7188890114491949,0.33419905311411213,0.622201625475569,0.5371234008890171
2025-03-19,4.86288734438136,0.7238676966732525,0.3099746940228485,0.6237476192673298,0.4969553140530666
2025-03-20,4.863013092426957,0.725133724431299,0.07890155607870497,0.6220367340719134,0.1268438851869851
2025-03-21,4.862641862470796,0.7244289223857092,-0.043753621099014595,0.6139295243812428,-0.07126814945593678
2025-03-24,4.862497809140637,0.7238791630172203,-0.033807719150495075,0.6117140500848957,-0.05526719411758342
2025-03-25,4.862039831779231,0.724739844303449,0.05287791933313457,0.6218612104492087,0.08503170553914689
2025-03-26,4.862090659117935,0.7249461221625815,0.01277250988237455,0.6159268052046205,0.020737057998525203
2025-03-27,4.864324102705883,0.7225394122935365,-0.14937322209441817,0.6335848114831937,-0.23575884299489777
2025-03-28,4.865236809916942,0.7261275945412584,0.22576745095264528,0.6257540499991976,0.3607926324295221
2025-03-31,4.864815306984485,0.7289031020412128,0.17415438646734316,0.629738608449611,0.2765502767824632
2025-04-01,4.864963264832719,0.7298136256490274,0.0572368861445085,0.6265694500550592,0.09134962794543984
2025-04-02,4.865170493767768,0.7313315413587832,0.09513040876421996,0.6250862392824892,0.1521876547361149
2025-04-03,4.865338387365477,0.7326979752233831,0.0854232013732954,0.6237012471717654,0.13696172929051414
2025-04-04,4.849277398642587,0.7281165677607588,-0.2841101434154183,0.5749105375809299,-0.4941814853679286
2025-04-07,4.855738612648526,0.7341627245362627,0.3529003706772613,0.5702294818114778,0.6188742987405426
2025-04-08,4.856043129629823,0.7359910878000229,0.10474094917552179,0.5710491447850438,0.1834184502893332
2025-04-09,4.873855369866499,0.7302350724299457,-0.3338890287096987,0.6249649788388424,-0.534252382157557
2025-04-10,4.863318662880305,0.7365684265972748,0.3920158320905216,0.6414891769328803,0.6111027998396591
2025-04-11,4.853082221514946,0.7427792244349698,0.4010818197385859,0.6682954932916984,0.6001564035140385
2025-04-14,4.8562884257329,0.7375734725387082,-0.346919012305996,0.6745226141710413,-0.5143178375603377
2025-04-15,4.856832638811764,0.7362459233360988,-0.08970455940046662,0.6812346345807991,-0.13167938746342034
2025-04-16,4.859698461703949,0.7333391448659619,-0.2001551183255117,0.7019532524572994,-0.2851402392179775
2025-04-17,4.858224320223163,0.7294594884599827,-0.26964471644198795,0.690005127526344,-0.3907865401068242
2025-04-18,4.858206426585628,0.7290976771331363,-0.02500908715400385,0.6907883200563513,-0.036203691388360076
2025-04-21,4.858045152856772,0.7294834968147424,0.026805917400608337,0.7005116444487738,0.03826619816106221
2025-04-22,4.863779766128119,0.7345701226016075,0.35109555934766945,0.6756711195466661,0.5196249317023244
2025-04-23,4.860962784940322,0.7317249070031425,-0.19149119855418206,0.6604416092155834,-0.28994417656637217
2025-04-24,4.860887900102625,0.7318596176256298,0.008993767866151359,0.6754691536288895,0.013314846159640679
2025-04-25,4.860308417360357,0.730821465112518,-0.06951899526846717,0.6623359219771435,-0.10496032747392824
2025-04-28,4.859657587000425,0.7342751684068027,0.22992292523170477,0.6685160090712848,0.3439303204587697
2025-04-29,4.857881356554307,0.7303635202997825,-0.260116051560388,0.6590980512256778,-0.3946545602382963
2025-04-30,4.858047352958627,0.7298248820866429,-0.03570304006401415,0.6672190703442514,-0.05351022123152622
2025-05-01,4.860234018777538,0.731407719264087,0.10426641754221322,0.6407866145690606,0.16271628522130424
2025-05-02,4.859986036142458,0.7299550373281748,-0.09362438938869388,0.6426591404340857,-0.14568280990363736
2025-05-05,4.861145953573008,0.728944071953806,-0.06573233052311878,0.666051496522485,-0.09868956209289104
2025-05-06,4.87373641368608,0.7216154153478593,-0.4951970129259635,0.6991794683588672,-0.7082545116610807
2025-05-07,4.876083349665412,0.7251188365151966,0.24075603754440777,0.6782678378737019,0.3549571778298563
2025-05-08,4.874214710047793,0.7216223405717943,-0.2367595794707853,0.6703805044167246,-0.35317193431330735
2025-05-09,4.877915960543804,0.7180385680838894,-0.24395665426476398,0.6949515836330058,-0.3510412236050016
2025-05-12,4.874555040400303,0.7167284192691041,-0.08853050714589727,0.6429169216411258,-0.1377013174889099
2025-05-13,4.873952483460002,0.7133121786726726,-0.22199236419293555,0.6481358696425326,-0.3425089932383643
2025-05-14,4.873838172749288,0.7131704746083166,-0.009134486065576652,0.634142180890367,-0.014404476379021787
2025-05-15,4.873790840609975,0.7132497048568692,0.005070772565964887,0.6484425092048857,0.007819926198519315
2025-05-16,4.8744268248659814,0.7161993186207215,0.19027767554535302,0.6422547231457677,0.29626512454960513
2025-05-19,4.874977214826905,0.7154576194697562,-0.04802491170035239,0.6577682986976868,-0.07301189764760137
2025-05-20,4.874431929116908,0.7159835303467639,0.03482794005363132,0.6763237319417903,0.05149596030533627
2025-05-21,4.874492707901594,0.7158644894673155,-0.008052565760344521,0.6832454818337677,-0.011785757790497465
2025-05-22,4.87447895447201,0.7157619580629687,-0.006978328337424955,0.6788862188907248,-0.010279083804097965
2025-05-23,4.873948241463812,0.7164212635024086,0.04525509820825846,0.697406932246269,0.06489051960309154
2025-05-26,4.8739446947218035,0.7164803872822472,0.004108710604640464,0.6957324185330628,0.005905590274639774
2025-05-27,4.873378497222872,0.7151971510797432,-0.08881513008931563,0.6864699675431758,-0.1293794838646449
2025-05-28,4.873811216647546,0.7140013814493129,-0.08266082189204838,0.696332383097115,-0.11870885786525308
2025-05-29,4.873806193059337,0.7135960336945923,-0.028169120115542512,0.6948615350826137,-0.04053918470561681
2025-05-30,4.874478629745631,0.7114265649148165,-0.15140642740288257,0.7021672754811676,-0.21562729094592126
2025-06-02,4.869411970071587,0.7144674256464114,0.2188669241453951,0.742483352433793,0.29477687739121583
2025-06-03,4.869089824336769,0.7125491395252969,-0.140758241604793,0.7314473906359057,-0.19243795713375997
2025-06-04,4.869737467271385,0.7089874377815492,-0.2616378604467968,0.7371507057309835,-0.35493130293804426
2025-06-05,4.878275098540723,0.6940167727832474,-1.1134285753786486,0.7513974995678935,-1.481810328113879
2025-06-06,4.874478886742566,0.6880952689314876,-0.4392261516698568,0.7335209219419748,-0.5987915798052749
2025-06-09,4.87433784673483,0.6889080734390781,0.05999365134464796,0.7406375567516069,0.08100271286238388
2025-06-10,4.874639458648776,0.6895965636996226,0.05060736138703703,0.729479503783554,0.06937461727787336
2025-06-11,4.874274071417896,0.6923320903901119,0.2004513854452199,0.7347455917942596,0.27281740466889315
2025-06-12,4.870173168844803,0.698868598511831,0.4850743150503334,0.750529855776527,0.6463091525499101
2025-06-13,4.86824822592759,0.7060222324959656,0.5377772718568252,0.755327690176559,0.7119787594853287
2025-06-16,4.870297706871429,0.7093592314239859,0.24928474852613647,0.7392087172432401,0.3372318841907111
2025-06-17,4.870272301923774,0.7080665133473536,-0.09583682853040187,0.7413476679542401,-0.1292737978051041
2025-06-18,4.870781725568,0.7094496731587989,0.10197169816022722,0.7326032041640298,0.13919089840261709
2025-06-19,4.870786728884429,0.7095640398743355,0.008389818881042288,0.7332252096074742,0.011442349187003138
2025-06-20,4.874935458034758,0.7155310254952402,0.433286974748782,0.7172960859814705,0.6040559585041076
2025-06-23,4.873993756595509,0.7187922693275536,0.2357801584931991,0.7270534137772178,0.3242955112035914
2025-06-24,4.871677196000532,0.7144219678649406,-0.3149280724322452,0.7138218908490059,-0.4411857866360414
2025-06-25,4.871712168086324,0.7149708225284976,0.03925629503864059,0.7146449206653617,0.05493118876727127
2025-06-26,4.871603343606862,0.7152551615290601,0.020442638655474354,0.7241750857090513,0.02822886213416006
2025-06-27,4.86757296094244,0.7110305095251724,-0.3015675592847131,0.7015872624738527,-0.4298361378759384
2025-06-30,4.869316192042702,0.7087972423305479,-0.15922832448048752,0.7237180736927364,-0.2200142987559129
2025-07-01,4.869334068406115,0.7084318477214611,-0.02635255587558305,0.7218672387260063,-0.03650609760610772
2025-07-02,4.86878989167837,0.7104921480113819,0.14933241135709352,0.7284280107724715,0.20500640989729638
2025-07-03,4.868640492819732,0.7121629780930111,0.12173450810875863,0.7298639143675221,0.16679069304892277
2025-07-04,4.868641361112933,0.7123012776815724,0.010091145834095983,0.7297091854954675,0.013828996584775296
2025-07-07,4.8690447152063125,0.7104180723548437,-0.13791245609755975,0.7352909640777745,-0.18756174471766285
2025-07-08,4.860673877818827,0.7028467498171059,-0.5477773518602049,0.7093938607017587,-0.7721766175398294
2025-07-09,4.860381386714277,0.7040565119642326,0.08658709534576303,0.7192659516280845,0.12038258609318293
2025-07-10,4.860018610298697,0.7068083361255146,0.19805374073277449,0.7215609439057653,0.2744795743249651
2025-07-11,4.862790272635317,0.7015969785215861,-0.37893312262637835,0.7342910868523801,-0.5160530059689503
2025-07-14,4.862970595418374,0.704017007887479,0.17705167827615753,0.7306960249358354,0.24230551725213637
2025-07-15,4.8620879603514044,0.7018759868215713,-0.15561486359335674,0.7216279385055687,-0.21564417796187624
2025-07-16,4.862504832313503,0.7057730239800155,0.2814136712994326,0.7209410110150613,0.39034215976035463
2025-07-17,4.862281171534632,0.7051004058824496,-0.048300955906114496,0.7139363727370237,-0.06765442657157629
2025-07-18,4.863413668409584,0.7090228383269155,0.2794670264204484,0.708919196158526,0.39421562843102215
2025-07-21,4.860282473921324,0.712322145585255,0.23759853889541915,0.7330189917783663,0.3241369481014195
2025-07-22,4.85740530050705,0.7162824867092649,0.29227854932972974,0.7476235791460503,0.3909434606965925
2025-07-23,4.858786277788615,0.7194563936163814,0.23489367565321118,0.734473905931932,0.31981214547733733
2025-07-24,4.859429484643154,0.7210645778499417,0.117703150868806,0.726926311887148,0.1619189578696649
2025-07-25,4.8620408376933275,0.7335973177780964,0.9101726992074788,0.7237336272774231,1.2576073086881585
2025-07-28,4.861356356228421,0.7326999606811025,-0.06435886485425613,0.7075197275687872,-0.09096405703825264
2025-07-29,4.8608620786153995,0.7376036888918841,0.3487608343117117,0.7128244384284836,0.4892661018758018
2025-07-30,4.859354312491301,0.7357423263647219,-0.1313009270311909,0.6950355952886086,-0.18891252177763518
2025-07-31,4.860398957265394,0.7389494482531952,0.22297256921189046,0.6912692544199525,0.32255531080864847
2025-08-01,4.8592920919003,0.7423975582621071,0.2396984095855501,0.6996272299324562,0.3426087483883256
2025-08-04,4.849427995302883,0.7513619642072217,0.6359317895964693,0.7242448686035255,0.8780618505763945
2025-08-05,4.848214439270845,0.752746055750935,0.10103526350646774,0.741591163061963,0.1362411912910373
2025-08-06,4.850904840117242,0.7488643165849209,-0.290008220161468,0.7562637724364351,-0.3834749603662174
2025-08-07,4.8527409951160685,0.7448705209535847,-0.30352529620459734,0.7660565751457619,-0.3962178591663989
2025-08-08,4.852818443468754,0.7474646641309487,0.19823564976860553,0.7638515914680719,0.2595211582757978
2025-08-11,4.852624865080956,0.7461014747737073,-0.10391796567993339,0.7606228585566351,-0.13662219654708915
2025-08-12,4.853790363919046,0.7428367119495108,-0.2501518678713168,0.771050145679736,-0.3244300896289826
2025-08-13,4.853955600026079,0.7397554948318834,-0.23743922693020636,0.7713875116017831,-0.3078079737603798
2025-08-14,4.8536907781584615,0.7372914475800272,-0.18971397548026658,0.7686715579454424,-0.24680759099158944
2025-08-15,4.854849458220491,0.7342149030158093,-0.2383274964341524,0.779736087421083,-0.3056514893678991
2025-08-18,4.854806956323026,0.7333556533708898,-0.06682855524482534,0.777201497944751,-0.08598613798551374
2025-08-19,4.858313244384409,0.7370632362079034,0.2836922584902126,0.7532613001570625,0.3766186560109486
2025-08-20,4.856164167956,0.7402688648535916,0.24551947397257834,0.7750107058138906,0.31679494506432904
2025-08-21,4.856860796128461,0.7390252000263233,-0.09710094609078368,0.7881394210265666,-0.12320275258444482
2025-08-22,4.858254574030884,0.7364219592662986,-0.20689492968882917,0.8018083245221472,-0.25803539744007037
2025-08-25,4.858469997087672,0.7396708672469067,0.25956472151534626,0.7981392719431148,0.3252123164963696
2025-08-26,4.857044580144627,0.7425819173695014,0.23489068934092927,0.8134174579173868,0.28877015984181825
2025-08-27,4.857070908426327,0.7413079229733198,-0.103456485553032,0.8124019038353224,-0.12734643415360963
2025-08-28,4.857306038372769,0.7429619790663491,0.13400862784387613,0.808491536969981,0.16575142931749923
2025-08-29,4.860298738833873,0.7395999626216962,-0.27755480366091945,0.8373824978396036,-0.3314552243174345
2025-09-01,4.860308157869372,0.7393905959147908,-0.017478797480997343,0.8354403866602536,-0.020921657320003853
2025-09-02,4.865117922660497,0.733692299826168,-0.4860206662944222,0.8640663942826659,-0.5624806953612735
2025-09-03,4.865865684801711,0.7309922278248784,-0.2340635169137073,0.8704704037463616,-0.2688931362931311
2025-09-04,4.866456805944393,0.7328599038499971,0.16117719653261275,0.8590651907455639,0.18761928462347613
2025-09-05,4.865094423891469,0.735209746453875,0.2052294557325638,0.881049565196285,0.23293746894573594
2025-09-08,4.866001863866012,0.7331046088419422,-0.18716412830910656,0.8946954609352371,-0.20919311260779327
2025-09-09,4.86636054179132,0.7349211718286639,0.16143072038815376,0.886238512962953,0.18215268014977587
2025-09-10,4.867347121179311,0.733353102710501,-0.1415649799187122,0.9110785455973579,-0.15538175122529493
2025-09-11,4.868071954181399,0.7319112218721974,-0.13294503102648036,0.9285467831277275,-0.14317537192759078
2025-09-12,4.868078681920809,0.7315765135183876,-0.03104102218492244,0.9277367950918372,-0.033458867158383726
2025-09-15,4.869254127308852,0.7281535870747707,-0.32090390715062256,0.9420304802982564,-0.3406512993603149
2025-09-16,4.872159923641618,0.7326314729331456,0.4135912365444483,0.9156129596351383,0.4517096795017622
2025-09-17,4.874375778052476,0.7387078665574718,0.5523842117696631,0.904667483716962,0.6105936398864583
2025-09-18,4.87446090342529,0.7407819351505386,0.18774674548912174,0.9048590344600246,0.20748728623918727
2025-09-19,4.870337010130874,0.7446469036185317,0.3611010877612557,0.9483178364433915,0.38078065589859983
2025-09-22,4.873166995704577,0.7409702438024679,-0.3556769382638407,0.9773297079258018,-0.3639272759023135
2025-09-23,4.873167916106161,0.7410462978268378,0.007408905582536818,0.9740642989942434,0.007606177118067853
2025-09-24,4.8716364293813,0.7381201389843121,-0.2805649365805607,0.9524089642008051,-0.29458451896868815
2025-09-25,4.871844547230135,0.7372622596908649,-0.08251979709292812,0.9651705372330417,-0.0854976337440806
2025-09-26,4.872171241484545,0.7365995791129641,-0.06494141576988,0.9863864988708321,-0.06583769733691794
2025-09-29,4.87409027678593,0.7322767919032173,-0.43206852457896616,1.0052535259361333,-0.4298105039488484
2025-09-30,4.873934305034243,0.7331754222615054,0.09074331830967708,1.012077167801386,0.0896604737233682
2025-10-01,4.873753084774789,0.7342083351740037,0.1051433882058177,1.0202590758498904,0.10305557744559317
2025-10-02,4.873840774092269,0.7357925960213815,0.16126895465525592,1.017359190177607,0.1585172240171165
2025-10-03,4.873847629873747,0.7349588957253258,-0.08488779597765017,1.0184389684017867,-0.08335089152260412
2025-10-06,4.8761679533583395,0.730595401171671,-0.4530925518229054,1.045272479244914,-0.4334683642969452
2025-10-07,4.874962675220347,0.7270928735448104,-0.36102665406451706,1.026555058114425,-0.351687570199742
2025-10-08,4.880652206415265,0.7196613987680559,-0.7861090803596795,1.0677750036529658,-0.7362122897336247
2025-10-09,4.8798806799152805,0.7188463699769848,-0.08392615587860064,1.0181870438747054,-0.08242705147692717
2025-10-10,4.879954463270121,0.7203966083965629,0.15816955966515422,1.0199003577448083,0.15508334560730708
2025-10-13,4.881070371219836,0.7192720614756081,-0.1190351210663323,1.0714391818255928,-0.11109834611752013
2025-10-14,4.881435364669311,0.7206974087488096,0.15072119723555488,1.054290610399495,0.1429598212758844
2025-10-15,4.884721950073385,0.7168539670256137,-0.419498473676839,1.1025775352629883,-0.3804707245162397
2025-10-16,4.881331526118099,0.722872537648858,0.6770690590943218,1.1321774019914304,0.598023823742992
2025-10-17,4.887462187924341,0.7268505806370846,0.4241313509487128,1.047716403389058,0.4048150335117129
2025-10-20,4.8897923459588615,0.7220950298116163,-0.5103446209243572,1.0796315635180507,-0.47270257573923236
2025-10-21,4.895327513581987,0.7245325848582193,0.24353018085787426,0.9720975433840627,0.2505203130234213
2025-10-22,4.89567858493796,0.7270765146787593,0.2481320679981991,0.9739885663470659,0.25475870720825383
2025-10-23,4.895488009797822,0.727942895258533,0.08504259008230974,0.9845156863678024,0.08638012706131624
2025-10-24,4.89514477384239,0.7266602486132182,-0.1251321816068156,0.9723298053556608,-0.12869314600619952
2025-10-27,4.89210697080973,0.723158986364094,-0.3321386433592153,0.9380268113119594,-0.3540822494131844
2025-10-28,4.892421636495636,0.7222328982879429,-0.08808531578803525,0.9557044677184163,-0.0921679439234224
2025-10-29,4.892501626891639,0.7241897892292337,0.18656608841389755,0.9529586648545423,0.19577563570648115
2025-10-30,4.891083414178789,0.7271100069205304,0.28270269043626683,0.9744261251377037,0.2901222403045854
2025-10-31,4.891296979159885,0.7278848436627032,0.07473060389163777,0.961093528307814,0.07775580803588913
2025-11-03,4.89289161961717,0.7318842495982725,0.38032844580114045,0.9461235899151559,0.40198600886301394
2025-11-04,4.896160209347524,0.7346547143924367,0.25415220778810976,0.9029633456011402,0.28146458992630546
2025-11-05,4.8924272284350785,0.7414604433494668,0.6271569413176081,0.9288180682854564,0.6752204363070833
2025-11-06,4.892564175295996,0.7401160363824952,-0.1249629900488145,0.930868392897009,-0.13424345589811038
2025-11-07,4.893688112680797,0.7383441338737439,-0.16810922781715476,0.9570135040510961,-0.17566024628235466
2025-11-10,4.893176812105067,0.7388340800663815,0.04839542932539587,1.0013419356703521,0.048330572805779244
2025-11-11,4.892647828387503,0.7434252925214081,0.4596475809853473,1.0026318671778955,0.4584410250983901
2025-11-12,4.892171983443956,0.7441181879993426,0.0711570299276616,1.0358528809367786,0.06869414685926287
2025-11-13,4.891566764918232,0.7430503673154826,-0.1082276888039786,1.0065822042100114,-0.10751997040213734
2025-11-14,4.891418529649594,0.7425198448870455,-0.053037182944549954,0.9963989298751728,-0.05322886381581558
2025-11-17,4.8907944289743694,0.7406201376786479,-0.1875297307132655,0.983196856845745,-0.19073467272351877
2025-11-18,4.890722131416323,0.7410640824116771,0.04394861316592369,0.9921732631903972,0.04429530082740194
2025-11-19,4.8905225427233985,0.7421115418556802,0.10454590300817301,1.0006112580432647,0.1044820375223608
2025-11-20,4.8882732771965705,0.7398356315775686,-0.22072430307396473,0.9577668244670204,-0.23045724432645048
2025-11-21,4.8880794626752895,0.7426034722018519,0.26672411553832376,0.9647617160502697,0.27646631401408744
2025-11-24,4.887698710692914,0.742908245619168,0.030660864610126737,1.022378431750023,0.029989741232748814
2025-11-25,4.888085651154213,0.739231547395929,-0.3754016363842396,1.022370995791635,-0.367187291041606
2025-11-26,4.8884206765834115,0.7388931273468531,-0.03588381757263903,1.073193115204159,-0.03343649625054916
2025-11-27,4.888421051183926,0.7388802755421322,-0.0013757941090517534,1.0709173878042593,-0.0012846874322141634
2025-11-28,4.895879650710311,0.7281145685404024,-1.1850187582553104,1.1096845702017841,-1.0678879296662003
2025-12-01,4.896257279143477,0.7304974101508959,0.26217764684943745,1.0983738922463462,0.23869617504586094
2025-12-02,4.895408987854167,0.7260551330267896,-0.48477651183145554,1.0890393856386222,-0.4451413954575925
2025-12-03,4.895219708730077,0.7243889414478162,-0.18084456250970504,1.0840983900789554,-0.16681563607573852
2025-12-04,4.89517893206053,0.7258434523471589,0.15796733604931035,1.0865342179837019,0.1453864346237091
2025-12-05,4.89509909915464,0.7245646638831338,-0.1386435829323176,1.083521264982426,-0.1279564946374784
2025-12-08,4.893880388641267,0.7216540075984813,-0.3106611916791593,1.0622697002032755,-0.2924503933602844
2025-12-09,4.896421523124511,0.7183427120444552,-0.3630363503744434,1.106311891761429,-0.328150093186136
2025-12-10,4.896550764778647,0.7179822068535382,-0.040357381110922574,1.1240513744122782,-0.03590350230390835
2025-12-11,4.895854562819286,0.7190582057631015,0.12417876482079748,1.162387380847958,0.10683079227013757
2025-12-12,4.895726548551352,0.7174065458109371,-0.19097865391057667,1.1553992633436636,-0.16529234522609498
2025-12-15,4.896729735331206,0.7208705002604079,0.39566579954762915,1.1387861244586863,0.34744522351438556
2025-12-16,4.8970835236735075,0.7168126135981031,-0.4643972797209557,1.1456627303088258,-0.4053525242946258
2025-12-17,4.897077469595401,0.7168406011337914,0.0032360033425220536,1.1590564180704388,0.002791929100318733
2025-12-18,4.897157603437414,0.7180139545064848,0.1355503191688996,1.154498007345867,0.11741061336305203
2025-12-19,4.898464448081628,0.7154909739979338,-0.2981113343855384,1.1882507042991952,-0.25088252277650286
2025-12-22,4.901965174496503,0.7107890319877658,-0.577381022657903,1.2375030188824576,-0.46656938516345126
2025-12-23,4.901957119507354,0.7113826569946478,0.07334763003800049,1.2358345228367202,0.05935068869061789
2025-12-24,4.90216588943198,0.7127257601067806,0.16484425769455413,1.2255405508206894,0.1345073874415378
2025-12-25,4.902166392371275,0.7127652959725634,0.0048465088799503064,1.2258244763263362,0.0039536727921070484
2025-12-26,4.902992402372797,0.7104853608229725,-0.2844243795141068,1.2521745541788096,-0.22714435344889722
2025-12-29,4.903769787595269,0.7111551566758365,0.07956251970048811,1.1740243982448617,0.06776905132417364
2025-12-30,4.9036971580925535,0.7116086384795776,0.053822244694202936,1.1890632684894364,0.04526440780781808
2025-12-31,4.903512819616641,0.7107549632332179,-0.10053053256959288,1.1750654422952682,-0.08555313512856398
2026-01-01,4.903512398505987,0.7107276134676359,-0.00321502560495901,1.1754668555745267,-0.002735105281541621
2026-01-02,4.90383381542007,0.7139060143589063,0.37212728285977903,1.1696700125967128,0.3181472371285659
2026-01-05,4.904989122487956,0.7120482178505564,-0.22356597765003983,1.2113870388570633,-0.1845537144437116
2026-01-06,4.902614069776329,0.7156610267833398,0.45057543123350285,1.255556559860396,0.358865100655921
2026-01-07,4.9028739770310334,0.7168069147540964,0.1420829325085009,1.2372306419989365,0.11483948722684725
2026-01-08,4.902937962998689,0.716146465852264,-0.08217601472749436,1.2455836211116804,-0.0659739043888137
2026-01-09,4.902603678205786,0.7187235855506328,0.32300027041702606,1.2550670044147645,0.2573569931173838
2026-01-12,4.902414280458203,0.7190535927796772,0.042606494082093604,1.298420619666129,0.03281409231859648
2026-01-13,4.90248456065513,0.7256270714653186,0.8517830419079502,1.2957461196669344,0.6573687769382609
2026-01-14,4.9024686215712725,0.7258968786344937,0.03507841502607789,1.3009828320248153,0.026963011473012884
2026-01-15,4.902506011560282,0.7252051263927666,-0.09025723722632506,1.3055500490263745,-0.06913349457084023
2026-01-16,4.902959279557798,0.7210964214265202,-0.5395339964733523,1.3146349374639208,-0.4104059470031842
2026-01-19,4.902958777561769,0.7209915370987022,-0.01378538935063034,1.3143989867112236,-0.010487979289395953
2026-01-20,4.904151301884886,0.7197050567222725,-0.17780904368839856,1.3940514188070599,-0.1275484112634498
2026-01-21,4.903604274079496,0.7154521576691866,-0.587213682574486,1.3792382662670064,-0.4257521683790112
2026-01-22,4.911141866446348,0.7058059479663189,-1.3922005682848493,1.4532758828130203,-0.9579740397191817
2026-01-23,4.911667677462499,0.704085003382072,-0.25418099535563954,1.4808720564166613,-0.17164277916803544
2026-01-26,4.912159301308855,0.7107074835073772,0.9759152686051209,1.472840684666561,0.6626074895711209
2026-01-27,4.912941713731645,0.7080773398091516,-0.39465430309479643,1.5043259081061329,-0.2623462781357302
2026-01-28,4.911587763094571,0.7129009556556315,0.7380697908134835,1.5337112561192277,0.48123125384176446
2026-01-29,4.914427310880773,0.7172358972177176,0.6388115066804403,1.4658826112262635,0.4357862640488323
2026-01-30,4.919553306002346,0.7194190802533257,0.2837697782111377,1.2729910440914243,0.22291576953997627
2026-02-02,4.919556076850312,0.7194576989316874,0.0049283402755833094,1.2755174741541022,0.003863796753432709
2026-02-03,4.920260971187341,0.7184885761869256,-0.12833207853825002,1.3335300467168594,-0.09623486088986341
2026-02-04,4.920194997359553,0.7194224386914018,0.12474568578282685,1.3367619511709643,0.09331929718193527
2026-02-05,4.923565309187569,0.722179972208278,0.3473918651113621,1.2453462750355055,0.2789520248907941
2026-02-06,4.926243627244899,0.719300650106074,-0.3770213835006473,1.3214457894611427,-0.2853097618589322
2026-02-09,4.929865403100424,0.7156431413556024,-0.5084988468552467,1.4029793418645957,-0.36244214842068784
2026-02-10,4.930043665502087,0.719344500678755,0.5165059617390426,1.3949339701107664,0.3702726959169464
2026-02-11,4.931862190860871,0.7157961698815326,-0.5099042884596798,1.4435704969039158,-0.3532243763316667
2026-02-12,4.943742034256819,0.7241592660176763,1.1177957303274155,1.3199464972070498,0.846849272067181
2026-02-13,4.942149256972797,0.7260662704335472,0.26438873024987686,1.397194361354685,0.18922831179588506
2026-02-16,4.942148746889103,0.7261091438844546,0.005980532457726895,1.3951568891154926,0.004286637943291423
2026-02-17,4.943768622983744,0.728578321043579,0.3327730171149881,1.3399121639064486,0.2483543519336406
2026-02-18,4.943938857921649,0.7281088772951433,-0.06427190296962237,1.3737864058038642,-0.04678449480799309
2026-02-19,4.947431561291406,0.7200584059035862,-1.1319931066425397,1.411645819453713,-0.8018959791774152
2026-02-20,4.950268173535803,0.7135377676668866,-0.9429196920302587,1.4515888503315388,-0.6495776623076834
2026-02-23,4.94806693843389,0.7182761377433277,0.7065549268281757,1.4970421598679726,0.47196728707392466
2026-02-24,4.948034480847881,0.71899541221807,0.10787435531676692,1.5004259840126204,0.07189581923146672
2026-02-25,4.9480759035634625,0.7183882324588186,-0.09150690357988367,1.50804230986081,-0.060679268069295494
2026-02-26,4.951801197859279,0.7108521254530725,-1.1726239082639722,1.5623052757061704,-0.750572840339376
2026-02-27,4.952027479718062,0.7099712401552745,-0.13980006996287386,1.5903261663150936,-0.08790653950365492
2026-03-02,4.952235628473297,0.7120045681077283,0.32112836356446905,1.578190206638769,0.2034788723270616
2026-03-03,4.94982376084739,0.7102091405029398,-0.26152374202335693,1.4409918297983981,-0.1814887056368289
2026-03-04,4.950001662041348,0.7083694807171722,-0.26753083898864816,1.4556136553717902,-0.1837924768027241
2026-03-05,4.950130452512032,0.7085744528998803,0.028801568039654057,1.3976973701337596,0.02060644074682472
2026-03-06,4.9500971336249275,0.7081676681209998,-0.05671515303218655,1.3933753891363059,-0.0407034267106884
2026-03-09,4.9498568586121845,0.710363977376302,0.30805923715522,1.4040991487965884,0.21939991732011832
2026-03-10,4.950214536943271,0.7084055160526517,-0.27782686298060355,1.4209747695251915,-0.19551850528172107
2026-03-11,4.951721335837265,0.7121476458316383,0.5200149881449363,1.384849729331965,0.3755028268632333
2026-03-12,4.953889024607441,0.7168526558210975,0.6367756088978354,1.3479498055815058,0.47240305704345587
2026-03-13,4.949703647148787,0.7126994725193286,-0.533436743051638,1.2724908977561757,-0.41920672595164665
2026-03-16,4.950139272978785,0.710716904185302,-0.2558054055797072,1.2931802140723485,-0.19781110381680791
2026-03-17,4.950197393045673,0.7113220124358621,0.07785554282931173,1.2855662802340158,0.060561282624136216
2026-03-18,4.954233952169301,0.7144795556927463,0.38325867644036293,1.1986730950587268,0.3197357795217602
2026-03-19,4.955225184220191,0.7152581815552445,0.08892951770360469,1.127064911534079,0.07890363438123567
2026-03-20,4.956922261151753,0.7173293334034301,0.2271802818930837,1.08710557890279,0.20897720175659074
2026-03-23,4.960916498477938,0.7128618759687978,-0.5046706864670512,1.141239663354061,-0.4422127119064919
2026-03-24,4.960962837351764,0.7152716476661155,0.27397748626320606,1.136766320270196,0.24101478147072902
2026-03-25,4.959367085471159,0.7180700301471546,0.32591123852748183,1.171954765293087,0.27809199482710123
2026-03-26,4.975145135447911,0.7304053372694872,1.3726560258161555,1.0975038130493895,1.2507072954965521
2026-03-27,4.9748328120450935,0.7308156948542511,0.046632247407416116,1.1462578324970565,0.04068216249901687
2026-03-30,4.97483675709521,0.7306378231091571,-0.02035635040097361,1.1447860431305807,-0.017781794705765512
2026-03-31,4.9856150077196935,0.7231801039311867,-0.9106050689709235,1.239830203000211,-0.7344594983792054
2026-04-01,4.982995674564754,0.7266678039532389,0.4460791111296487,1.2885324273596026,0.34619160655796
2026-04-02,4.9856227831951045,0.7331333094537785,0.8154599241882892,1.2563724722826979,0.6490590507022838
2026-04-03,4.985626280384149,0.7333147626118399,0.022812682662078032,1.257127639488023,0.018146671782165818
2026-04-06,4.985558757432202,0.7328500838264365,-0.05804300452679456,1.2474345888926697,-0.04652989827572324
2026-04-07,4.985718930634247,0.732135458490256,-0.09016402361353926,1.264613014940364,-0.07129771918233117
2026-04-08,4.985586008584145,0.7323665103160989,0.030044281656458338,1.3076599681288137,0.022975607106371834
2026-04-09,4.985773967109307,0.7302063284512688,-0.2832952200873251,1.3126082531482675,-0.21582617617087702
2026-04-10,4.985484420126246,0.7326631631435436,0.32444473897309933,1.3221546981066419,0.24539090579771958
2026-04-13,4.985609425086414,0.7269540679880554,-0.7556690804142079,1.324008609011642,-0.5707433284578917
2026-04-14,4.9880931241519395,0.7213968203388201,-0.7533041377433847,1.3612362974417591,-0.5533970399989389
2026-04-15,4.986380827759326,0.7172474656618543,-0.5524206189675027,1.3264274679302208,-0.41647254171350123
2026-04-16,4.986366897399759,0.7160445256659866,-0.15971139298640935,1.327675032650424,-0.12029403962472589
2026-04-17,4.986257365915233,0.7162931290061053,0.03378568014588268,1.3646410573343046,0.024757924411185284
2026-04-20,4.98613192615764,0.7156133869695832,-0.09178241577795632,1.3480976723856737,-0.06808291243136168
2026-04-21,4.989509033928102,0.7184076434924959,0.3555358993107234,1.2581419198500792,0.28258807190296087
2026-04-22,4.992102264746304,0.7119221143817349,-0.8349011049527633,1.2925103820849333,-0.6459531130465614
2026-04-23,4.9934911644451585,0.7146465078804211,0.34340222208828663,1.2543790487132105,0.2737627214362051
2026-04-24,4.9919128141753015,0.7218044942016596,0.9089998232433629,1.272798367688006,0.7141742528272798
2026-04-27,4.991691593695993,0.7211125682012581,-0.08672885495204241,1.2496430466816046,-0.06940290283881359
2026-04-28,4.9879424661355785,0.7159358859253255,-0.6271631850285075,1.2028889142121726,-0.521380800519943
2026-04-29,4.987754680869109,0.7155881452541364,-0.04098061232618022,1.1720630207390181,-0.03496451265934558
2026-04-30,4.98757685191873,0.716012328913976,0.05072403635406886,1.2012095515955064,0.04222746671194436
2026-05-01,4.986977769640362,0.7118939162646059,-0.49107678507512276,1.190697696444508,-0.4124277610862156
2026-05-04,4.987482349823057,0.7132152049311109,0.1549433729076526,1.1681221539175242,0.13264312502594008
2026-05-05,4.987491607140172,0.7141992557443589,0.1150800068941038,1.1694813966703692,0.09840259727238768
2026-05-06,4.989942195066409,0.7124724661674948,-0.2154478083539857,1.2660966147696224,-0.1701669571189781
2026-05-07,4.989886328578841,0.7085752626629053,-0.4908189780119443,1.2592789935832283,-0.3897619038457383
2026-05-08,4.988349596502708,0.7119375713805169,0.4330015506918983,1.293644495128622,0.33471448479270705
2026-05-11,4.98685421633064,0.715079196254868,0.41573338384145586,1.3293507805196012,0.3127341480771229
2026-05-12,4.987127076752871,0.7097147121392702,-0.7141865527042768,1.33204809196715,-0.5361567326368645
2026-05-13,4.986876929685394,0.7076925922317002,-0.26774043575871076,1.3226610944087742,-0.20242557741398598
2026-05-14,4.986969676214078,0.7079040498751384,0.027393248622871624,1.290248158200169,0.02123099223104788
2026-05-15,4.986790975299879,0.7077742561933451,-0.015767430379383995,1.198607108945796,-0.013154794645971885
2026-05-18,4.987473658704021,0.7113471929382882,0.42651418772075544,1.1915895274307133,0.3579371737517689
2026-05-19,4.989986528497098,0.7142227855667966,0.3309275686403197,1.1403810240044576,0.2901903501325064
2026-05-20,4.988365812652283,0.7176398646521781,0.3985749204752551,1.1725517580206497,0.33992096105683023
2026-05-21,4.989122403913957,0.7217295875268465,0.47526349551526437,1.1599056917394892,0.4097432221429317
2026-05-22,4.98860237782971,0.717155603977122,-0.5285843028836723,1.154362502026259,-0.4579014841142582
2026-05-25,4.988600492762307,0.7170038921989851,-0.017516220416354145,1.1545475477168283,-0.015171501988803569
2026-05-26,4.989497513902604,0.7158801841475773,-0.13427718244257392,1.205168148873069,-0.11141779889232394
2026-05-27,4.988786536424415,0.7147781764293378,-0.1289668523932903,1.162526317470423,-0.11093671640390325
2026-05-28,4.988461998941036,0.715736170717493,0.11323446057257058,1.1863881489072474,0.0954446996768031
2026-05-29,4.993380672108361,0.7085442597417242,-0.8786325953372796,1.230410050332066,-0.7140973816819458
2026-06-01,4.994704663506661,0.7105504668677215,0.23945913806170438,1.1856721280817053,0.2019606705684517
2026-06-02,4.993982648927508,0.7159520887723158,0.6456528556620782,1.1971143736227365,0.5393409935495035
2026-06-03,4.998533835815564,0.7213255783559704,0.6212517144192589,1.146015448240604,0.5420971552984059
2026-06-04,4.997728283457613,0.7272537502888452,0.6851343713747582,1.157591873989165,0.5918617664563625
2026-06-05,5.011611333298111,0.7336772761599528,0.6878159761608487,1.0454261684018167,0.6579287920564869
2026-06-08,5.012568607235799,0.7252488853559109,-0.89056164276667,1.0583299936847024,-0.8414782233148975
2026-06-09,5.014177877157096,0.7289528833754407,0.3861530183422701,1.0372913373210413,0.3722705516268627
2026-06-10,5.012808726138806,0.7277616326178368,-0.11938658025380278,0.988379355916075,-0.12079024064919877
2026-06-11,5.023853255259737,0.7195290731893689,-0.8549546630179634,1.0560493362419034,-0.8095783347210245
2026-06-12,5.023927730148646,0.719417976308788,-0.011957183766384105,1.0847829128533968,-0.011022651283225052
2026-06-15,5.026825289167052,0.7172964309495659,-0.24241230056895802,1.1602768004720034,-0.2089262669652139
2026-06-16,5.026338479131283,0.7183649731227453,0.1257672655221711,1.182736509334468,0.10633582757409002
2026-06-17,5.029497943600635,0.7224209811411558,0.46437107439129477,1.1355476198958117,0.4089402031716658
2026-06-18,5.029598011728603,0.7226226234562303,0.022525712813560972,1.1112117903786882,0.020271304722103846
2026-06-19,5.029598204672503,0.7226298664690033,0.0008055554171590984,1.1120094070373172,0.000724414210942071
2026-06-22,5.029066318515018,0.7201371497038399,-0.2750791777190784,1.1010228778952735,-0.24983965659725668
2026-06-23,5.031332519970387,0.7221563280388177,0.21394732752355594,1.046137982241598,0.20451157605913822
2026-06-24,5.033102886641285,0.7238682814231384,0.1738824976429072,1.0033164475395762,0.1733077316427112
2026-06-25,5.033886070582764,0.7216119132856159,-0.22981057355656276,1.0230794422284368,-0.224626323304862
2026-06-26,5.035870599458139,0.7177229975372628,-0.4043455146526185,1.0462743239541452,-0.38646223595021495
2026-06-29,5.034920685592827,0.7143118726000632,-0.35302789647832356,1.031568905481687,-0.34222425143134627
2026-06-30,5.035297756317462,0.7165890517383203,0.23393477969315768,1.0253910504831039,0.22814201429097844
2026-07-01,5.0351646005517825,0.7143742261410033,-0.22685677129179282,1.02365388792739,-0.22161472150622483
2026-07-02,5.0362926770703185,0.7132286960089484,-0.12141852366320904,1.0726316263978608,-0.1131968521858337
2026-07-03,5.036293938827405,0.7131851456486328,-0.004660090096919589,1.0704551564825122,-0.0043533725525060985
2026-07-06,5.03699659301605,0.7094433301618146,-0.4033671711693074,1.0804635063270172,-0.37332789937582844
2026-07-07,5.042310614729013,0.7145995361526226,0.5377766738011758,1.0305716939712322,0.52182364113737
2026-07-08,5.043667278897947,0.7163046440577248,0.17197359876949747,0.9990406992716165,0.17213873158008525
2026-07-09,5.044881968331555,0.7145702614389337,-0.17782826131582397,1.0343919038396312,-0.17191575132764564
2026-07-10,5.0448717135656,0.712907040802775,-0.1715886774905897,1.0316559521155746,-0.16632354724336135
2026-07-13,5.047332583070644,0.7160244296185402,0.3137982526218792,0.9970633431579283,0.31472248455951474
2026-07-14,5.0509527287927565,0.7101170888487841,-0.6026604378483,1.0281416451004322,-0.5861647961837303
2026-07-15,5.052431885011697,0.7139384575479847,0.3872401757517707,1.0086471700594686,0.3839203511857764
2026-07-16,5.054375151169778,0.7159869957848253,0.2011704596627908,0.9705741318112682,0.20726954600301375
2026-07-17,5.054801796318455,0.7185827603519037,0.2516257173124643,0.9675312243553171,0.2600698674920046
2026-07-20,5.054518542291083,0.7167146453963565,-0.18010237793308193,0.9623356303208124,-0.1871513142177241
2026-07-21,5.060088289385708,0.7122168242323922,-0.45033839772966644,1.0173207785522467,-0.44267099151414646
2026-07-22,5.060092882324118,0.71221095490177,-0.0006100902086814131,1.0494095639187908,-0.0005813652073106371
2026-07-23,5.06278194473326,0.7165792460147801,0.44811564907720935,1.0183461777567744,0.4400425502301428
2026-07-24,5.062775094396259,0.7174191802303023,0.08576896512853693,1.0214151624770915,0.0839707185475236
2026-07-27,5.063642456772096,0.7139508612456791,-0.3572705802625933,1.033354947878498,-0.34573849091841885
2026-07-28,5.063883774676824,0.7144445805050462,0.05019314786578377,1.0107170457732104,0.049660929412133764
2026-07-29,5.066764220213242,0.7209332638673382,0.6481672654350916,0.993601739943947,0.6523411135246777
2026-07-30,5.064122175345679,0.7239803896393225,0.31200344562833493,1.0351319431781483,0.3014141797908351
2026-07-31,5.063928355895869,0.7237358650248038,-0.02461262703700129,0.9969056802055104,-0.02468902276886158
2026-08-03,5.066760288623249,0.7195793186815808,-0.42494178093549806,1.0311715967489996,-0.4120960878627986
2026-08-04,5.069963592360915,0.7149633377545102,-0.4862849621155618,1.0623310014604304,-0.4577527733324602
2026-08-05,5.065678859617547,0.7179653894495965,0.33584809536664295,1.1371797712057927,0.29533421528465204
2026-08-06,5.0656060522239095,0.7206925577217241,0.3089046080136626,1.1330494667281346,0.27263117549993215
2026-08-07,5.064978640073605,0.7211641741947838,0.05653271875409871,1.2158830884230447,0.04649519291153194
2026-08-10,5.0653796314047845,0.7192417728530424,-0.23486050683314375,1.224331423699208,-0.191827557707809
2026-08-11,5.06532041557438,0.7172175266318378,-0.24745004771772017,1.2221794175527771,-0.2024662207233044
2026-08-12,5.0651232337325025,0.7187983512310873,0.1943579438019185,1.2311366092471523,0.15786870631746514
2026-08-13,5.064671199126908,0.7179939183267414,-0.09666707611710024,1.1949752133191518,-0.08089462864137464
2026-08-14,5.064365422907715,0.7189613243314792,0.11743083574359048,1.2179598754728298,0.0964160134569311
2026-08-17,5.063594120102276,0.7212032969890962,0.2770717184035192,1.2402201698904234,0.2234052671696181
2026-08-18,5.0677148171090804,0.7265826587214071,0.6451196102211014,1.1901098861978154,0.5420672642945108
2026-08-19,5.063878748773407,0.7290239499097555,0.31324933539723077,1.3035816948794061,0.24029896755048355
2026-08-20,5.06207501447438,0.7338689809975559,0.6399672789627715,1.3255348872582995,0.4827992722895906
2026-08-21,5.060591706775803,0.7372978328989609,0.4642413136228498,1.3594070880191418,0.3415027902343208
2026-08-24,5.060599659503394,0.7372331807848912,-0.008836659924298829,1.3684157577715923,-0.006457584161913598
2026-08-25,5.060075856581163,0.739174248342451,0.26941221461054,1.3914089885959806,0.19362546657283988
2026-08-26,5.057814579460299,0.7329699261298391,-0.8467687735700622,1.3605003127244597,-0.6223951333567662
2026-08-27,5.058072416125864,0.7317735306606006,-0.16482356003233178,1.3804648274878455,-0.11939714562107016
2026-08-28,5.0599868582374095,0.7343277356576519,0.33949612747208846,1.320296889977134,0.25713620175078056
2026-08-31,5.059462007144594,0.7305804669609995,-0.49253216878938133,1.3128228145359637,-0.37517033017397244
2026-09-01,5.061184438784724,0.7327536924398567,0.27515755363155847,1.2567385643243667,0.21894573894888433
2026-09-02,5.068477519878848,0.7231054758650239,-1.260299738477201,1.3159165121278642,-0.9577353326460433
2026-09-03,5.065477079309982,0.7285343146645691,0.7329713986263897,1.3571208992778394,0.5400929268839818
2026-09-04,5.066071689489653,0.7299782543142541,0.19174332507525094,1.3230282550177175,0.14492761159714096
2026-09-07,5.066072343561992,0.7300147933760541,0.004837183659347488,1.3237608604275268,0.003654121982262909
2026-09-08,5.066441210782179,0.7318286900652601,0.23784390301692326,1.3088745301444626,0.1817163506044174
2026-09-09,5.066735475256195,0.7304287579106366,-0.18529818101391982,1.326348572612905,-0.1397054928395502
2026-09-10,5.066859847336399,0.7306951544710251,0.03454145401063613,1.291080116721582,0.02675391988713037
