Date,alpha,beta,spread,spread_std,zscore
2018-01-02,-0.08841567284407009,1.0940781569363733,-0.011526398057242204,215.79514633573973,-5.341361125569123e-05
2018-01-03,-0.08837038578165696,1.0939097030551386,-0.03655693694852857,2.1729902114678716,-0.016823332546829137
2018-01-04,-0.0883585709295764,1.0938495605781648,-0.013113336932889297,2.1824910680586993,-0.00600842639166146
2018-01-05,-0.08833094888693103,1.0937533551430811,-0.021101990466348752,2.196460029499454,-0.009607272694672087
2018-01-08,-0.08834515946003021,1.0939116657007306,0.03482741072050999,2.200979163687274,0.015823598557909126
2018-01-09,-0.08836274199478651,1.09410486042427,0.042590829312729284,2.205603990811874,0.019310279401993542
2018-01-10,-0.08835250681655457,1.0942298003580253,0.027518448445306376,2.201844097783347,0.012497909580887177
2018-01-11,-0.08824952176080407,1.0939158530742714,-0.06952856568202037,2.2181024622906733,-0.03134596659264199
2018-01-12,-0.08822425559826315,1.0938293861539392,-0.01927929979763121,2.232756334552039,-0.008634753152094065
2018-01-15,-0.08822425594281243,1.0938293041415097,-1.831042635558333e-05,2.2327324280584917,-8.200904920571005e-06
2018-01-16,-0.08821790383571096,1.093867013452371,0.008394735756269256,2.2246134576031804,0.0037735705174209563
2018-01-17,-0.08835502313782796,1.0941893648056626,0.07226116816113404,2.246123268382644,0.03217150598024249
2018-01-18,-0.08836410676169731,1.0940493575640045,-0.03141122317813938,2.243025365296104,-0.014003953617346968
2018-01-19,-0.08838886536104944,1.0941838036506777,0.030257899084546125,2.2525511238870988,0.013432724684326719
2018-01-22,-0.08834857060196714,1.09406849575954,-0.0261399054815854,2.2706303092621885,-0.011512180285340779
2018-01-23,-0.08835332683115762,1.0941181247739904,0.011288876000094206,2.2757533758278803,0.004960500606085009
2018-01-24,-0.0883540836220483,1.0940893484007055,-0.006545878383235504,2.2746121130206487,-0.002877799843658918
2018-01-25,-0.08835277264570851,1.0940067627093255,-0.018791261761805345,2.2756610061264135,-0.008257496046738292
2018-01-26,-0.08832920013249008,1.0939597092395619,-0.01080793278779879,2.3021517148982698,-0.004694709179180394
2018-01-29,-0.08822924253215148,1.0942851607596604,0.07450092201941061,2.2862140322989064,0.03258702858388813
2018-01-30,-0.08830252293937872,1.0941319140491628,-0.03473375391362765,2.261877276093118,-0.015356162016721953
2018-01-31,-0.08833550798916594,1.0950435363150577,0.2063430392764758,2.263970432923321,0.09114210869354782
2018-02-01,-0.08834952930693514,1.09475662424409,-0.06490105624212106,2.2616980868689565,-0.028695720538000104
2018-02-02,-0.08904488310556989,1.0940458078424402,-0.15801602633473522,2.2134217338026683,-0.0713899316707544
2018-02-05,-0.08965183509578248,1.0937364962030829,-0.06625891548068807,2.1229372181204287,-0.031210963242403987
2018-02-06,-0.09063795522334422,1.09490085895143,0.25070956498240093,2.1619201705387634,0.11596615286674651
2018-02-07,-0.09083492214321405,1.094138867016862,-0.1640171935082151,2.150017575752058,-0.07628644312400248
2018-02-08,-0.09043159561606183,1.09436057787108,0.04630139466146943,2.0705361293400437,0.022362031748862744
2018-02-09,-0.09057171544401164,1.094553789684037,0.040472815955496344,2.1022184450931864,0.01925243118761727
2018-02-12,-0.09028272410365011,1.0941017657488592,-0.09602735749544422,2.130991758001293,-0.045062284795277914
2018-02-13,-0.0902080407462252,1.0936152577426412,-0.10393773248407001,2.1380804956757435,-0.04861263768800264
2018-02-14,-0.09064897915435087,1.0943512837322842,0.15897125772477239,2.1660560693822495,0.07339203263104374
2018-02-15,-0.09029696959826777,1.0937507277610556,-0.1314013001054093,2.194060562297831,-0.05988955016255031
2018-02-16,-0.09029311442081225,1.0941590650787052,0.0895767245113177,2.1937320651611203,0.04083302876130348
2018-02-19,-0.09029311258563505,1.094159466824578,8.812880327013772e-05,2.193732319998489,4.017299761996415e-05
2018-02-20,-0.09030800567239868,1.0941069097934062,-0.01147412321796537,2.1804664942237197,-0.005262233218607809
2018-02-21,-0.0902816748423313,1.0942131352469149,0.02306571042726091,2.169037296499845,0.01063407736901612
2018-02-22,-0.09029007068005189,1.0943779694982934,0.03578580592872527,2.1716620821296884,0.016478533296317963
2018-02-23,-0.0899238521385355,1.093882380741493,-0.1090159249839644,2.2073522749225734,-0.04938764248121126
2018-02-26,-0.09002288306919386,1.0940755820194614,0.04303327370973875,2.232699670494197,0.019274098652154837
2018-02-27,-0.08980353639450986,1.0944497515069727,0.08268909572089456,2.2042117207363363,0.03751413484602629
2018-02-28,-0.08994481848446695,1.0941765901177423,-0.059680798774621735,2.1797774525021465,-0.02737930824365336
2018-03-01,-0.09002534276825566,1.094047143655294,-0.027923745519643717,2.151081292750334,-0.01298125998945438
2018-03-02,-0.0900872046142117,1.0943034365722109,0.05535801498405135,2.1625167304093806,0.02559888402508297
2018-03-05,-0.08984839890526759,1.0938449435818074,-0.10003996102059887,2.1873312283024138,-0.04573608227512932
2018-03-06,-0.08987450676557802,1.094079977476512,0.05150834616338784,2.1927797347799394,0.02348997728609393
2018-03-07,-0.08987248102365589,1.0941625346198955,0.018095912937951653,2.191811692792185,0.008256143991502743
2018-03-08,-0.08986990724132142,1.0941501517599594,-0.0027239911444780773,2.202036184513873,-0.0012370328715008978
2018-03-09,-0.08959573439398916,1.0937932864603122,-0.0796607968244416,2.2401657142862756,-0.03556022499425754
2018-03-12,-0.0895876058819316,1.0939644625529117,0.038313006786296455,2.2378789486117334,0.017120231999172206
2018-03-13,-0.08954820276904507,1.0940945278900902,0.02895297685685705,2.2231304241308956,0.013023516993239767
2018-03-14,-0.0895103713917024,1.094249458217426,0.03429777375114895,2.2114387894401797,0.015509257554368642
2018-03-15,-0.08951541989074943,1.0941439983330297,-0.023303425700504476,2.209347881178736,-0.01054764887821631
2018-03-16,-0.08950957234526219,1.0940051738188903,-0.030694984278994752,2.211620999576782,-0.013878953168227546
2018-03-19,-0.0895436044647361,1.0939503630876297,-0.01199374952560106,2.1821411200540397,-0.005496321670206206
2018-03-20,-0.08954284479116024,1.0939403324752557,-0.002191766318816235,2.1859721311585063,-0.001002650622839669
2018-03-21,-0.08948233277820543,1.0944836957861754,0.11855585808217484,2.1809027395372613,0.054360910247345434
2018-03-22,-0.08992009495971802,1.0941141437695943,-0.07903034190889002,2.1269076975745267,-0.037157391455686715
2018-03-23,-0.0898560334634828,1.094175848834924,0.01290802867336538,2.081688110470665,0.006200750539160693
2018-03-26,-0.0899348942722676,1.0942375343943747,0.013113570459978519,2.139041251333253,0.006130583246959309
2018-03-27,-0.09011294309193554,1.0940241589770334,-0.04502311205391152,2.1018506679946816,-0.021420699738324816
2018-03-28,-0.09009272060047017,1.0941687295370925,0.030319586352590022,2.0959411811153217,0.014465857451427113
2018-03-29,-0.09002947960768926,1.0940748646456877,-0.01989202749197716,2.126175016841101,-0.009355780843258674
2018-03-30,-0.09002947999925769,1.0940747666500261,-2.0833915158391392e-05,2.126093703970594,-9.799151899788302e-06
2018-04-02,-0.09011912563293399,1.0939953879012645,-0.016575824896563063,2.077093982154492,-0.007980296047735683
2018-04-03,-0.09031966611069278,1.0943307586489572,0.07033369971637171,2.1033745890201927,0.033438504051308805
2018-04-04,-0.09037017810700754,1.0944245448863756,0.019901200853894352,2.127553266391896,0.009354031773617905
2018-04-05,-0.09027492199467382,1.0941393217531943,-0.06101947788670259,2.142861353564846,-0.028475700392464075
2018-04-06,-0.09036703459517577,1.0940527979536874,-0.018224500620249273,2.0958375319228715,-0.008695569357195742
2018-04-09,-0.09041887281193443,1.0943285611861004,0.05797262596306041,2.1042848167314188,0.02754980005658605
2018-04-10,-0.09022178431730656,1.0940715946410215,-0.05476165019365453,2.1389898398660185,-0.025601641098531202
2018-04-11,-0.09025885303151945,1.093925833342322,-0.031047148573037475,2.127578446753544,-0.014592716249975216
2018-04-12,-0.09032853575158904,1.0941059871320067,0.038577639722632284,2.1454102391610252,0.017981474600269592
2018-04-13,-0.09036949409643111,1.0938028304100271,-0.06489485690497077,2.1394108349108407,-0.030333050504381145
2018-04-16,-0.09044394191615406,1.0940022801294436,0.04293955084173717,2.156801904214204,0.01990889879957775
2018-04-17,-0.09041466521395664,1.0939425618010088,-0.012987943489520148,2.179956761998425,-0.005957890411373917
2018-04-18,-0.0904117136987324,1.0938077314818255,-0.029403560122688077,2.181134960184496,-0.01348085316105378
2018-04-19,-0.09038981857721518,1.0938923918344465,0.01838544797897157,2.1692093229056355,0.008475644920400966
2018-04-20,-0.09052554035905368,1.093538835786562,-0.07620537367051838,2.1516830632896897,-0.035416634991776455
2018-04-23,-0.09051276821418375,1.0940293155813978,0.10549488566275045,2.1507200232209076,0.04905096178198119
2018-04-24,-0.09020972552425245,1.0944933147820357,0.09873239462845618,2.1214626567599772,0.046539774958493076
2018-04-25,-0.09013810985297013,1.093875344411874,-0.1313553108645067,2.1268896474924244,-0.06175934469349311
2018-04-26,-0.09013769356407379,1.0938744690736442,-0.0001876562169798035,2.1487527547954137,-8.733262426819811e-05
2018-04-27,-0.0901293308283292,1.0936907345671303,-0.039510224143697315,2.1509866736133447,-0.018368418841631356
2018-04-30,-0.08994974849799045,1.094150844882002,0.09833628466955702,2.133453547009448,0.04609253611703857
2018-05-01,-0.08993014799888233,1.0939457666549854,-0.043823698698730595,2.138018863521744,-0.020497339591543273
2018-05-02,-0.08998399290464877,1.0937816728089556,-0.03489652569834334,2.1234608665793284,-0.016433797414198627
2018-05-03,-0.08995747491545728,1.0940081604564498,0.04800432719551395,2.118465509416306,0.02265995220698232
2018-05-04,-0.08973372410318618,1.0936444684883286,-0.07783826220111223,2.1465849208742696,-0.036261440879501734
2018-05-07,-0.08981227124321632,1.0942007347121563,0.11968795272741772,2.1531843264061044,0.05558648707386318
2018-05-08,-0.08981484706609333,1.0937989122179532,-0.08651321274206225,2.1530873191914233,-0.04018100518772814
2018-05-09,-0.09008437981479146,1.0944061512798666,0.13173271446112267,2.173989510044852,0.060594917248889976
2018-05-10,-0.08994027684698656,1.0940670275707993,-0.07426451190934813,2.1943209737937424,-0.033843960293991476
2018-05-11,-0.08989793744762489,1.0936732454717542,-0.0865697359422768,2.199632900361308,-0.03935644712718063
2018-05-14,-0.089905904424937,1.0938439745623236,0.037585681968067775,2.202083479590279,0.017068236656977685
2018-05-15,-0.09006505095467189,1.0933478006959496,-0.10866625961890009,2.187001960443139,-0.049687316968331244
2018-05-16,-0.09016227364891467,1.0938592678528913,0.11222923820113806,2.1963095945347173,0.051099006479054035
2018-05-17,-0.09016049425097428,1.093900737225211,0.009101501368235176,2.1944540195873485,0.004147501513814652
2018-05-18,-0.09015586680009594,1.0939396812719087,0.00852905165214679,2.1890174222611023,0.0038962922658408424
2018-05-21,-0.09014730156337296,1.0939137388787907,-0.005711536693809194,2.205088885097343,-0.0025901616630556188
2018-05-22,-0.09012061015591417,1.094110473806994,0.043281196361391494,2.1987455918254155,0.01968449488758684
2018-05-23,-0.09007944949935665,1.0938112009372363,-0.06596204549330764,2.205595627916342,-0.02990668128754995
2018-05-24,-0.09006991262694534,1.093914969916737,0.022851661946759805,2.2013765844080253,0.010380623700921607
2018-05-25,-0.0901077576787976,1.0935996609676788,-0.06927106896714008,2.195854050188348,-0.031546299245707336
2018-05-28,-0.09010775912610147,1.0935993511918443,-6.801971520076222e-05,2.1958580005065764,-3.0976372418011695e-05
2018-05-29,-0.08985045845184988,1.0940735805640138,0.10318415249844293,2.17053445891411,0.04753859220003566
2018-05-30,-0.08995810991771033,1.0942536877257578,0.03949723296426555,2.1991692768802147,0.017960069458726302
2018-05-31,-0.09001041974607522,1.0940809456539957,-0.03779253701441121,2.184898165947392,-0.017297161764069684
2018-06-01,-0.08987251920252551,1.093790542285962,-0.06397523747463651,2.207912816900994,-0.02897543643250895
2018-06-04,-0.08992135618579229,1.0940391135983774,0.05507082681549491,2.2176080502544475,0.02483343565116302
2018-06-05,-0.08989043942322855,1.0935114988430463,-0.1171274173767074,2.220665564040202,-0.05274428498977119
2018-06-06,-0.0901208547251971,1.0941608911805372,0.14511848680507455,2.2383984246699313,0.0648313924838798
2018-06-07,-0.09012562790967156,1.0939726448957416,-0.042118877999854476,2.2373142664310004,-0.018825642258583183
2018-06-08,-0.0900737794281599,1.093592875689295,-0.08517563875545875,2.244336303614251,-0.03795137057592169
2018-06-11,-0.0900963767770495,1.0940144010081752,0.09469770787768539,2.247222857454986,0.04213988281737752
2018-06-12,-0.09007116510997978,1.0936586419216776,-0.0800509248875585,2.2509925249613336,-0.035562501429867506
2018-06-13,-0.08996515455132431,1.094236169088539,0.12958273703958412,2.2420436718063135,0.05779670515302012
2018-06-14,-0.08995465801513551,1.0941524257535649,-0.018818343212899435,2.2485424834721033,-0.008369129492203746
2018-06-15,-0.0899812077220385,1.0935340316488564,-0.13894703024334376,2.2466042022724273,-0.06184757871582348
2018-06-18,-0.08995565527943766,1.093762391453366,0.05120386298878543,2.241255659272347,0.022846060768189843
2018-06-19,-0.08993252388238379,1.093893454670814,0.029284633483626976,2.2327526690812967,0.013115932583646458
2018-06-20,-0.08995535860947892,1.0941901580584161,0.06633945555941523,2.236793821906615,0.029658279144775316
2018-06-21,-0.09016641718623308,1.0934579013694135,-0.16297138152373236,2.222848765273552,-0.0733164505249985
2018-06-22,-0.09018924110225957,1.0937590207020005,0.06702630440381085,2.226802083965378,0.03009980316007867
2018-06-25,-0.09004080154984946,1.093990005857,0.0508706415204756,2.1960482192880955,0.023164628660552182
2018-06-26,-0.0900602537858076,1.0941933704788842,0.04473539763685608,2.200859126687488,0.020326333973127712
2018-06-27,-0.09018451268576068,1.0938740231384896,-0.06982165017302577,2.1826210543192883,-0.031989817946112324
2018-06-28,-0.09023695844962988,1.0940648462637212,0.04184769772703589,2.195915179843805,0.01905706473144036
2018-06-29,-0.09003114218312244,1.0922235299933853,-0.405124402658231,2.2014477442727904,-0.1840263543444029
2018-07-02,-0.09011920265525795,1.0940274206778868,0.3974643761228549,2.2039972411439916,0.18033796445069494
2018-07-03,-0.09010547909456296,1.094099380817547,0.0158087580577444,2.195095730631909,0.007201853585307409
2018-07-04,-0.0901054787588975,1.094099451586551,1.5533906434939126e-05,2.1951006577550283,7.076626021708704e-06
2018-07-05,-0.09011190562438583,1.0941161250733993,0.003684615697807203,2.213891856298029,0.0016643160266953836
2018-07-06,-0.0898884780510226,1.0935158849820386,-0.13375756736297717,2.232294493159111,-0.0599193196833476
2018-07-09,-0.09011054829592376,1.0940817661105466,0.12720576894622582,2.2520230443305866,0.05648510980669725
2018-07-10,-0.09013666555008894,1.0942538796609367,0.038866168177094096,2.2598342166972465,0.017198681164274563
2018-07-11,-0.0903450161220451,1.0935868980556605,-0.14989780137051412,2.244409306749616,-0.06678719470629808
2018-07-12,-0.09036009512423174,1.0936268685808257,0.009032135993720658,2.2636448392124975,0.003990085298391094
2018-07-13,-0.09036655927705776,1.093815933533304,0.04282454598040886,2.265550139918676,0.018902493141001984
2018-07-16,-0.09035712012733924,1.0941089847269336,0.06635634724753459,2.2641378433213357,0.02930755627059983
2018-07-17,-0.090309455646233,1.0938527044878599,-0.05822247926289492,2.273838984615408,-0.025605365928204695
2018-07-18,-0.0903404622562443,1.0942570208597304,0.09206531726650269,2.277969341191805,0.040415520789377817
2018-07-19,-0.0904043046722873,1.0938892341650281,-0.08352202063346681,2.26932983907428,-0.036804707361331686
2018-07-20,-0.0904109183766233,1.0937460929538771,-0.032457951103396,2.2672188493199954,-0.014316196741717756
2018-07-23,-0.09040553788242807,1.0936791912169639,-0.015190677200195069,2.2715407373747847,-0.006687389290561835
2018-07-24,-0.09047115649322794,1.0940011881879697,0.0734158239064584,2.282206439457365,0.03216879184860871
2018-07-25,-0.09051872635417721,1.0941208515243688,0.027509964705416223,2.3030999937128027,0.011944754800275825
2018-07-26,-0.09059334373966534,1.0935640816147556,-0.1279171386265716,2.296277643731756,-0.055706303188446014
2018-07-27,-0.09056830439654566,1.0936495946953633,0.019532846084928224,2.2813951195295026,0.008561798838666985
2018-07-30,-0.09052413820012986,1.0938181633541548,0.03827797090937679,2.268272856783225,0.016875381987183455
2018-07-31,-0.09059586700735509,1.09414480252784,0.07438853960678671,2.279741993212594,0.032630244926075594
2018-08-01,-0.09060706756665461,1.093955783049437,-0.04304662771278345,2.276905155466182,-0.01890576232806233
2018-08-02,-0.09053401303849451,1.0936234962075795,-0.0759643318032488,2.288460205639583,-0.03319451726363673
2018-08-03,-0.09047565315295354,1.0933471005084852,-0.06349852971055725,2.299643153737134,-0.027612340465678877
2018-08-06,-0.09049149728105753,1.093445743334438,0.022752099521881064,2.308268948793159,0.00985678013551091
2018-08-07,-0.09050043149869638,1.0935215900488715,0.01754615635562118,2.314694431600169,0.007580333765045333
2018-08-08,-0.0904948354345632,1.093724595644083,0.04696723479423781,2.3134535113022956,0.02030178456786836
2018-08-09,-0.09047174258302557,1.0941125403453293,0.08965427228233125,2.310545681731341,0.03880220719771764
2018-08-10,-0.09057424455763569,1.0937761573783507,-0.07729361213321795,2.294869037252679,-0.033681055815607944
2018-08-13,-0.09049883630579009,1.0942154161567301,0.10049469673541012,2.2862377628301043,0.04395636288108942
2018-08-14,-0.09048652941780792,1.0941712794489102,-0.010142711339710786,2.300971848476321,-0.004408011921756967
2018-08-15,-0.09070821617146835,1.0935017346440288,-0.15313952634159023,2.2840374381802624,-0.06704773038378893
2018-08-16,-0.0909074248109889,1.0940681749176042,0.1302176514384712,2.3025650990035325,0.056553298534241105
2018-08-17,-0.09089993488991342,1.0940154588986433,-0.012170210670660708,2.3102047004356123,-0.005268022642480942
2018-08-20,-0.09092243040203209,1.094258123743187,0.056158424362934056,2.31530901633843,0.024255260946440056
2018-08-21,-0.09087602411450887,1.0937458550893262,-0.1188093926703857,2.320328763434264,-0.05120368912487156
2018-08-22,-0.09087086863147628,1.0940399947038648,0.06823028189012348,2.319617880008613,0.029414449025487822
2018-08-23,-0.09088964077523003,1.0937622655602575,-0.06434459524800218,2.3162694988158146,-0.027779407914708606
2018-08-24,-0.09087032139456286,1.0936903490705534,-0.01674198772761315,2.3308243575997865,-0.00718286115083058
2018-08-27,-0.09100078575553261,1.0940971949067082,0.09540453864940446,2.3483558520315113,0.040626099561049095
2018-08-28,-0.09099436533742278,1.093781296608034,-0.07421420167162296,2.349650212041444,-0.031585212680292324
2018-08-29,-0.0910367590659716,1.0939649715531319,0.043348343413754264,2.3625243625173558,0.018348315937603717
2018-08-30,-0.09107340316846246,1.0937609351939892,-0.04804171108605715,2.3529030144342102,-0.02041805836931595
2018-08-31,-0.09107196216640356,1.0942796058135098,0.12203723518052811,2.3529962696977105,0.05186461056149751
2018-09-03,-0.09107196028022227,1.0942800493571003,0.00010436136324187828,2.352996193695553,4.4352542312434046e-05
2018-09-04,-0.0910921592409735,1.093965240699095,-0.07398761560415323,2.349735063955952,-0.031487641623558035
2018-09-05,-0.09107677976869757,1.0940870106781249,0.028546020895419133,2.343128175020481,0.012182867842972192
2018-09-06,-0.09107413718041721,1.0941070322147004,0.004679925481525515,2.3362588854419593,0.002003170757610707
2018-09-07,-0.09107749377594104,1.0940764247274701,-0.007136399442885022,2.3306229703422066,-0.0030620136906301843
2018-09-10,-0.09110732624809506,1.0944596722938509,0.08945430045534408,2.3350345949490663,0.03830962532582749
2018-09-11,-0.09103135465092875,1.0939826855281944,-0.11171527388751201,2.3438476908519603,-0.04766319685512708
2018-09-12,-0.09103131791320332,1.09393418143945,-0.011369139515181814,2.3441012602432107,-0.004850105969399213
2018-09-13,-0.09105315806756162,1.094025112842852,0.021413036292187826,2.3574174281968756,0.009083260366224607
2018-09-14,-0.09104186571827429,1.093415087691954,-0.1438626940522454,2.3586331385407697,-0.060994095139886746
2018-09-17,-0.09086939103271643,1.0941078051928557,0.16262837971532917,2.3453290922808727,0.06934139019150198
2018-09-18,-0.09090360093582725,1.0942564445966314,0.035014407852600016,2.3581212475321087,0.014848434061329262
2018-09-19,-0.09088398046307455,1.0938127798489081,-0.10471215987359983,2.3607484700469725,-0.044355491998483154
2018-09-20,-0.09103765907147073,1.094267180022601,0.10797259248579394,2.3797112221244903,0.045372140737900656
2018-09-21,-0.09106174518179598,1.0935593733739544,-0.1683311076565701,2.3780055843493493,-0.07078667466738835
2018-09-24,-0.09100907756344209,1.0939166495068713,0.08472505284095178,2.370076521116682,0.03574781323981592
2018-09-25,-0.09099807400964814,1.0941094671762233,0.045651632314218205,2.367172508460303,0.019285300142283135
2018-09-26,-0.09100017378461218,1.0940933784859936,-0.0037992074507542384,2.360243988266577,-0.0016096672503525674
2018-09-27,-0.09099523100146358,1.094050346222525,-0.010179303307154441,2.366801290516634,-0.004300869425727103
2018-09-28,-0.09099713685161603,1.0938375895007135,-0.05034842067567524,2.36652811189538,-0.021275226109758995
2018-10-01,-0.09102837316642595,1.0940400455517756,0.048055035134950685,2.375297669744586,0.020231163338832396
2018-10-02,-0.09103124869315289,1.0937160065932174,-0.07695830368191992,2.3750215217507464,-0.032403202656113246
2018-10-03,-0.09102494166449039,1.0935217438816003,-0.04616830573263542,2.3770579641634675,-0.01942245684735876
2018-10-04,-0.09075454486570853,1.0942763017186528,0.1781542248275514,2.357592021564716,0.07556618074628187
2018-10-05,-0.09090877427122587,1.0936577171176884,-0.1451620396292128,2.3443191996290307,-0.06192076559036138
2018-10-08,-0.0909035657091998,1.0939840973478319,0.07649457133038595,2.3437039564374613,0.03263832495579401
2018-10-09,-0.09089838703398788,1.0940702114648357,0.02016069656514219,2.3406947631062573,0.00861312499302028
2018-10-10,-0.09080969833010943,1.094130820570965,0.01381735934123185,2.2654068182755958,0.006099283903343012
2018-10-11,-0.09088321451746983,1.094055424301845,-0.016792825144619883,2.217706362232502,-0.007572158979475995
2018-10-12,-0.09086647419303605,1.0940277086869907,-0.006212085279400981,2.2476168167416417,-0.0027638542446957698
2018-10-15,-0.09084206381270388,1.0941239975626775,0.02154612996636729,2.2352470519786887,0.009639261104178258
2018-10-16,-0.09157262172498067,1.0949013331489152,0.17670477401273388,2.2828995121116518,0.07740365840688464
2018-10-17,-0.09156523009521443,1.094287374601378,-0.14018476816909242,2.2835510713727336,-0.061388934947192476
2018-10-18,-0.09176282419100563,1.0939790260251285,-0.06961916234263299,2.2515431822982324,-0.030920642735161832
2018-10-19,-0.09176615513556362,1.0938970549907536,-0.018443735380799353,2.2497573319163044,-0.008198099910219782
2018-10-22,-0.0916891759700926,1.0942970399286016,0.08968712111823152,2.240465648739126,0.04003057184505597
2018-10-23,-0.09166984891307049,1.0943661508063343,0.015409589284985259,2.2270210538501307,0.0069193729706078745
2018-10-24,-0.09283345155358771,1.0935462980022106,-0.1782983878527773,2.160830768355462,-0.08251381388301611
2018-10-25,-0.0931284270639487,1.0939060430593115,0.07882006595306734,2.1994513743706796,0.035836239378385815
2018-10-26,-0.09349022876946819,1.0934753338218248,-0.09341158184508913,2.1605430119808946,-0.043235233608908664
2018-10-29,-0.09360224408202564,1.0930280646848018,-0.09624065663885517,2.1493580788977367,-0.044776464928640757
2018-10-30,-0.09413145539552163,1.0937775554967868,0.16301266964981664,2.182267018023112,0.0746987734789154
2018-10-31,-0.09426852315730411,1.094063940248008,0.06300682012013681,2.2050477958425794,0.02857390222512661
2018-11-01,-0.0939527098440056,1.09338999603932,-0.14981758174084803,2.227868006160454,-0.06724706370690525
2018-11-02,-0.093745093713394,1.0941066913623096,0.1588761851822369,2.214017651178295,0.07175922246947009
2018-11-05,-0.09386914208893561,1.094593652031288,0.10829513893563103,2.226602263263365,0.048636948197883764
2018-11-06,-0.0936965600724205,1.093983599707092,-0.13651028242799157,2.240670120651213,-0.060923864325158734
2018-11-07,-0.0941064180917314,1.0944235202336472,0.10023252539218674,2.2880284857570565,0.04380737653229963
2018-11-08,-0.09414553640883688,1.0939316153187244,-0.11238316820976024,2.2839895481641976,-0.04920476466282014
2018-11-09,-0.09406376542930235,1.094125987041137,0.044064357045243696,2.2629392430513287,0.019472178575076403
2018-11-12,-0.09421451448361655,1.0939573889885257,-0.03756610906776814,2.2193746478486935,-0.01692643876246045
2018-11-13,-0.09419462391922667,1.094198582246686,0.0534558276636119,2.215611883430285,0.024126891565886436
2018-11-14,-0.09422571330877981,1.0941019119687194,-0.021302022639019924,2.2004850009802497,-0.009680603425849536
2018-11-15,-0.09409753297368689,1.0938281800393355,-0.06072470055312351,2.223267934380118,-0.02731326243413595
2018-11-16,-0.09413233223199345,1.0941375517890783,0.0689163701349571,2.2288900078221037,0.030919592215452915
2018-11-19,-0.09424524780513391,1.0939923369167808,-0.0319421664661661,2.192025915443346,-0.01457198395380543
2018-11-20,-0.09438858947734165,1.0938294063894192,-0.03519994942510607,2.1517913560716724,-0.016358439830043457
2018-11-21,-0.0943710353508191,1.093713741927554,-0.024951891810189863,2.1589255043150075,-0.011557551087482612
2018-11-22,-0.09437103587656896,1.0937136245190024,-2.534650167262953e-05,2.158915593745915,-1.1740385657528667e-05
2018-11-23,-0.09427970537576832,1.0940070792930001,0.0630344904390654,2.145024661458595,0.02938637096890186
2018-11-26,-0.09428957381904507,1.0940206912782944,0.0029553845587031446,2.1786441987025547,0.0013565246498088864
2018-11-27,-0.0942927564212386,1.0940430879398775,0.00489100275990495,2.1853725782413442,0.0022380635725927035
2018-11-28,-0.09426265613574304,1.0940145534624492,-0.006350690001511339,2.2364874530108394,-0.002839582217625148
2018-11-29,-0.0942586979183183,1.0940551040575641,0.009053148750354012,2.2317098953084646,0.0040565974858048
2018-11-30,-0.09437328367964973,1.0944423462242605,0.08687350877102062,2.2465101387982824,0.0386704280878481
2018-12-03,-0.09423700174047633,1.0941935945532866,-0.05643064630731942,2.274232975548035,-0.024813045503273914
2018-12-04,-0.09486375899466255,1.0937607129684332,-0.09601838516255157,2.203918518839148,-0.04356712117157877
2018-12-05,-0.0948637615176483,1.0937602882481061,-9.359511687989652e-05,2.2037616530923807,-4.247061688752103e-05
2018-12-06,-0.09487318489813573,1.0936831146713342,-0.016972615999179652,2.1981846190770624,-0.007721196778415197
2018-12-07,-0.09443963898723814,1.0940726924023847,0.08408059606890106,2.1473178874330805,0.03915610099509375
2018-12-10,-0.09445682825592017,1.0944100634083296,0.07250657664837945,2.149808225761063,0.033726997496584185
2018-12-11,-0.09445582877819822,1.0943000241530858,-0.023660670610723855,2.1504251234992062,-0.01100278747312198
2018-12-12,-0.09442442331071789,1.0941770974234173,-0.026547114623355128,2.1622964794094943,-0.012277277827601574
2018-12-13,-0.09443757607642925,1.0935139355185794,-0.14335153031882442,2.161569020965792,-0.06631827571935443
2018-12-14,-0.0940929166446904,1.0938989436541957,0.08202978164436558,2.1218081290997652,0.03866032018605233
2018-12-17,-0.09399748413387647,1.0939932279870217,0.019691712863135535,2.078597389716691,0.009473557967769544
2018-12-18,-0.09399018493957755,1.0942868858979256,0.06101804584443471,2.077739806314954,0.029367510628125922
2018-12-19,-0.09329310305147862,1.0951540666165,0.17799604185722728,2.0446891546889487,0.08705286153107472
2018-12-20,-0.09392756531387589,1.094401135621668,-0.1520506928257248,2.0111700217276374,-0.07560310226537191
2018-12-21,-0.09464951771774423,1.0937075541296546,-0.13743426048790752,1.9712734780544283,-0.06971851547637616
2018-12-24,-0.091812688837197,1.095621057318384,0.36964953567178327,1.9172077776182794,0.1928061945017737
2018-12-25,-0.09181267117251642,1.0956235411068194,0.00047614766847914325,1.9170726382310368,0.0002483722624712356
2018-12-26,-0.08765961261275744,1.0939773656407736,-0.3273292074574954,2.01457724304454,-0.16248034598207683
2018-12-27,-0.08783569046907715,1.0943576159288486,0.07710402130743432,2.0325235442441545,0.03793511840282638
2018-12-28,-0.08786265025758853,1.0939627013546647,-0.08018577994451448,2.029899032968695,-0.039502348955378366
2018-12-31,-0.08792954628016929,1.0941140275927355,0.030924687301251197,2.0481709764475005,0.015098684463779126
2019-01-01,-0.08792954553325755,1.094114198013634,3.490300042585659e-05,2.048129967973801,1.7041399213735374e-05
2019-01-02,-0.08791665309788087,1.0937359060835015,-0.07752195495555725,2.049732812912237,-0.03782051712652974
2019-01-03,-0.08943103146604986,1.0925035800115845,-0.24807865995165912,2.001004177975105,-0.12397708244802352
2019-01-04,-0.09309784439048518,1.0947826160716774,0.4673316964851608,2.067147814543631,0.22607560678399513
2019-01-07,-0.09279222580363242,1.093942313144951,-0.17465748983147478,2.082306500387234,-0.08387693636791452
2019-01-08,-0.0928591666483598,1.094086043918458,0.030149972118351798,2.102506218536128,0.014340015669177782
2019-01-09,-0.09286479886784621,1.0941118107658865,0.005436384233604485,2.1121698413696506,0.0025738385839650215
2019-01-10,-0.09281181804240562,1.0938417412199621,-0.0572240866216589,2.12097189183322,-0.026980124933291025
2019-01-11,-0.0928140048787381,1.0937600256416617,-0.01732466561955448,2.1199786082534904,-0.008172094544778035
2019-01-14,-0.09261464134536668,1.0944942480150717,0.15498840466392494,2.1083251299546593,0.07351257282943739
2019-01-15,-0.09207134747070965,1.0935126869503868,-0.20880671413974028,2.1330220094948844,-0.09789243299425085
2019-01-16,-0.09211762469699297,1.0939684983140545,0.09738546388626901,2.137682715693509,0.04555655671972588
2019-01-17,-0.09207421890340452,1.0938439015973478,-0.02678799308787916,2.1536237414949557,-0.012438566947299742
2019-01-18,-0.09202615883618645,1.0937667159156619,-0.01679662420593786,2.1825687420118687,-0.007695805352025206
2019-01-21,-0.09202615913922475,1.0937666394193104,-1.669459950903729e-05,2.1824971058078457,-7.649311178746249e-06
2019-01-22,-0.09202742368540606,1.0937646550886324,-0.00042856653138301226,2.1535183637913753,-0.00019900760475917176
2019-01-23,-0.09202360631325146,1.093706097212803,-0.012624629592892234,2.1567108412437506,-0.0058536496184216115
2019-01-24,-0.09202312496604695,1.0936947207483565,-0.0024553673177081237,2.15884391317392,-0.001137352868692696
2019-01-25,-0.09219142750094377,1.0941225513094532,0.09297149302966545,2.177196665176455,0.042702386291837535
2019-01-28,-0.09231280119024522,1.0937948742763253,-0.07090700683781392,2.1603503493413037,-0.03282199429339489
2019-01-29,-0.09232369818651177,1.093623478332993,-0.036990511064914244,2.157682917798272,-0.017143626971223302
2019-01-30,-0.09249241088031902,1.093854673945165,0.050500266814992756,2.1918389249891677,0.02304013595125031
2019-01-31,-0.09260798307322216,1.0941583358151212,0.06698884978138153,2.2100111739554733,0.03031154347581195
2019-02-01,-0.09259675912311535,1.0938370443782857,-0.07104916306866471,2.2118467690674426,-0.032122099985533996
2019-02-04,-0.09261168862464998,1.093883411524132,0.010313118166976665,2.227613357096377,0.004629671542470675
2019-02-05,-0.09257580381996235,1.093702478046975,-0.04044475806523451,2.2374719695565317,-0.018076095975964643
2019-02-06,-0.09259285197214266,1.093421772586528,-0.06274257611116241,2.234698743056789,-0.02807652544044411
2019-02-07,-0.09238587285393801,1.0938733582851135,0.10012909109713064,2.212824562431071,0.04524944850897986
2019-02-08,-0.09237488588543726,1.0936715710423823,-0.04469568878906216,2.21567234782421,-0.02017251730967953
2019-02-11,-0.09237547906262131,1.093701789714271,0.00669795394875905,2.2168262514282118,0.003021415839172704
2019-02-12,-0.09240902984053305,1.0937593389781564,0.012888113626502218,2.245527998579294,0.005739457995917352
2019-02-13,-0.09241320881947113,1.0937907935686075,0.007079663023404237,2.2522298074443468,0.0031434017079445733
2019-02-14,-0.0924202270264988,1.0937240336614968,-0.015008686627567158,2.247237567388519,-0.006678727182817848
2019-02-15,-0.09258576042508233,1.094061651440407,0.07653534422718167,2.272016407165336,0.03368608782304984
2019-02-18,-0.09258575920425288,1.0940619604311808,7.01986847104763e-05,2.2719660307983665,3.089777037106869e-05
2019-02-19,-0.0925595338216873,1.09370311017123,-0.08163885678951033,2.2758833338389644,-0.03587128372340675
2019-02-20,-0.09251851985966479,1.093289554340365,-0.09429066181806434,2.2811330270476247,-0.041335012338189155
2019-02-21,-0.09242808577519322,1.0938282932583987,0.12253075146693959,2.272850416606537,0.0539106095903501
2019-02-22,-0.09236118051902592,1.0935742926668557,-0.058005860136375986,2.2864831520002915,-0.025369030200651392
2019-02-25,-0.09236694119729799,1.093667222398132,0.021272411415992565,2.2898460343147162,0.009289887222639742
2019-02-26,-0.09236722406576268,1.0936596520720072,-0.0017323861241322902,2.288151252014094,-0.0007571117174213881
2019-02-27,-0.09236698185524707,1.093668606148817,0.0020479145960337064,2.2869954411132913,0.0008954607251148685
2019-02-28,-0.09233848325364129,1.0939294330154954,0.059536799834688736,2.2816564109553523,0.02609367455539026
2019-03-01,-0.0924116137958794,1.0941722162006653,0.05569839656419617,2.2973383307834827,0.024244751335864765
2019-03-04,-0.09245639223500224,1.0939176543147635,-0.05829804498901581,2.2885035555916495,-0.025474308242419988
2019-03-05,-0.09246335165855625,1.0937951917798274,-0.027998276301673286,2.2858380971336474,-0.012248582406943887
2019-03-06,-0.09245686119914504,1.0938173538540894,0.005039765671625673,2.2712498680998188,0.0022189393348614962
2019-03-07,-0.09246455687746473,1.0937965895716704,-0.004685661432830557,2.253019977038736,-0.0020797247608026854
2019-03-08,-0.09246510470605812,1.0937909213182504,-0.0012749709360946326,2.248482874299976,-0.0005670360893860806
2019-03-11,-0.09241566654817514,1.0937146270882996,-0.017353833337836022,2.281293291559258,-0.007607015460065954
2019-03-12,-0.09241185799636675,1.0936900642001366,-0.00561905685634656,2.289319082007561,-0.0024544664396101
2019-03-13,-0.09245079882895166,1.093820763337857,0.030083734135615714,2.3048980327992545,0.013052088946025778
2019-03-14,-0.09245392523753809,1.0936607218489385,-0.03687566964595135,2.30407261244619,-0.016004560553671592
2019-03-15,-0.0923651449840835,1.0932398676858281,-0.09734486460422431,2.315294849342448,-0.04204426258360597
2019-03-18,-0.09243106992537319,1.0936693074552815,0.09971063669021873,2.323561465232638,0.04291284658580598
2019-03-19,-0.0924325875951171,1.0938317980503531,0.03776332073519484,2.3242630627051417,0.01624743831330487
2019-03-20,-0.09243609176121947,1.0938101779455631,-0.005010407634642888,2.3159868583812684,-0.0021634007190113563
2019-03-21,-0.09232085459994846,1.093577115837201,-0.05447440607497356,2.342473414660001,-0.023255079752049292
2019-03-22,-0.0921889696365465,1.0937314487572616,0.035595103239842274,2.298009729083626,0.015489535483401318
2019-03-25,-0.0921885787615231,1.0937401101406858,0.0019888499967919415,2.29590997525761,0.000866257831633309
2019-03-26,-0.09221415757015912,1.0938212948179882,0.018746897292885478,2.312484115007887,0.00810682208419042
2019-03-27,-0.0922663338835376,1.0935742894585385,-0.0569026874874794,2.3017204163618348,-0.024721806820231198
2019-03-28,-0.09227500626558548,1.0936259130803787,0.011919122308881924,2.310680442822072,0.0051582737655947375
2019-03-29,-0.09232835922515371,1.0938170225961557,0.044386797138798784,2.3255386706590984,0.019086673422729534
2019-04-01,-0.09234828071205406,1.0938571159910657,0.009410514687829163,2.3523126290676784,0.004000537416473826
2019-04-02,-0.09234707108736714,1.0937482248054864,-0.025620084612341998,2.3530661280777734,-0.010887957761421317
2019-04-03,-0.09234201932444061,1.0936825000519987,-0.01548829630075943,2.3574521861526017,-0.006569930194867099
2019-04-04,-0.09234169898723447,1.09367928641629,-0.0007590435197357692,2.3630894268308498,-0.00032120812319562787
2019-04-05,-0.09228585655070533,1.093405037705076,-0.06505906815766593,2.37445759974293,-0.027399549339061493
2019-04-08,-0.09229436676054055,1.0936598043751566,0.06053322271844763,2.3765020984274785,0.025471562915304058
2019-04-09,-0.09225340814714632,1.0938340735604604,0.04123386826455544,2.3638846898532893,0.01744326550340937
2019-04-10,-0.09222728566785769,1.0936534455605025,-0.04281680840233548,2.3720379788610146,-0.01805064201497098
2019-04-11,-0.09222567647249076,1.093784552373038,0.03109281808377773,2.3715803675563043,0.013110590098119265
2019-04-12,-0.09222225122728085,1.0937725759559638,-0.0028558837329910602,2.3876154362940447,-0.0011961238353458805
2019-04-15,-0.09222752109722572,1.0936129242536168,-0.03809563792259496,2.385980422810569,-0.0159664503356319
2019-04-16,-0.09222867439158434,1.09365654860134,0.010414336318660844,2.3876825887638216,0.004361692114215514
2019-04-17,-0.09225207979642358,1.0934423902518338,-0.051030105253062175,2.3818639373291433,-0.02142444177994642
2019-04-18,-0.09227545302281841,1.0937476733770946,0.07282323726968798,2.386343840196346,0.030516657341255634
2019-04-19,-0.09227545197563401,1.0937479271116506,6.054716357084544e-05,2.386339352858886,2.5372402922622313e-05
2019-04-22,-0.09227757217025026,1.0938040940338936,0.013413485212652176,2.388667077560204,0.0056154687016295194
2019-04-23,-0.0923009241335763,1.0938684452372713,0.015479456139132708,2.4092708642684513,0.006424954690112386
2019-04-24,-0.09231352767526596,1.093725285944397,-0.034433209639303186,2.4044943746661995,-0.014320353585390827
2019-04-25,-0.0923187903837524,1.0934640506015563,-0.0627921934292317,2.4036024870568657,-0.02612420055619044
2019-04-26,-0.09237608285275264,1.093764573337335,0.0725027773244733,2.4146184188796074,0.030026598305381468
2019-04-29,-0.09236643069934602,1.0935699233665035,-0.04704705560345701,2.4176487874532815,-0.01945983876881296
2019-04-30,-0.09236337320391338,1.0934350289234591,-0.032628256142515966,2.419168954759087,-0.013487382135228026
2019-05-01,-0.09234006845109702,1.093508640956659,0.01770055430569073,2.401542997163103,0.007370492357038812
2019-05-02,-0.0923263702827897,1.0936621924135443,0.0368148346540238,2.3968017014021346,0.015359983528252269
2019-05-03,-0.09227411696329708,1.093530982773017,-0.031692343556244396,2.4195626475261296,-0.013098376927188921
2019-05-06,-0.09223364388675587,1.0937651307022958,0.05646576857537866,2.4099494296947994,0.023430271141635362
2019-05-07,-0.09278736404352748,1.0929839911737378,-0.18574791762068799,2.370979612379268,-0.07834226690557274
2019-05-08,-0.09272621741793523,1.0936619856052927,0.16048577713172563,2.366300071279268,0.0678213972435727
2019-05-09,-0.09268011401899293,1.093996112508335,0.07886398234722947,2.3590543866591798,0.03343033666083223
2019-05-10,-0.09262854496452971,1.0937357208566576,-0.061659123760932744,2.3700736498967774,-0.02601569945457946
2019-05-13,-0.09297712668861671,1.0934188062899899,-0.07361553393141662,2.3120952715496825,-0.03183931684704142
2019-05-14,-0.09306952049988045,1.0936640782029863,0.05710268339615254,2.3320805044153095,0.024485725637704396
2019-05-15,-0.09309018623288712,1.0937451129580824,0.018987489227754395,2.3458398465855557,0.008094111477981452
2019-05-16,-0.09293841618735604,1.0933592972599422,-0.09117637659664979,2.367323958920851,-0.038514532940482175
2019-05-17,-0.09284265551194391,1.0937155695479288,0.08392093135529421,2.352972541488669,0.035665920394548876
2019-05-20,-0.0927926349896569,1.0938796993317197,0.03840437337851199,2.3369628983279,0.016433454466046667
2019-05-21,-0.09289800526038931,1.094168726017145,0.06800638887517607,2.356765636609398,0.02885581316138615
2019-05-22,-0.0929167714614632,1.0940171036585602,-0.035652372141498745,2.3502889947508057,-0.015169356713632088
2019-05-23,-0.09336311277516379,1.0931648784993555,-0.19839270340580129,2.322840067117532,-0.08540954076618436
2019-05-24,-0.09342012305247285,1.0939573468949857,0.1843281727362296,2.3268623995934776,0.07921747876816149
2019-05-27,-0.09342012011862423,1.0939580396633988,0.00016119077218945677,2.3268582128334216,6.927399843292313e-05
2019-05-28,-0.09361452363436717,1.0934783476940544,-0.11080585269982635,2.3060180108767967,-0.04805073168430962
2019-05-29,-0.09349148612476496,1.0938700808601378,0.08983203997760825,2.290183843265346,0.03922481605211469
2019-05-30,-0.0934221863841162,1.0932913721731543,-0.1328253745013228,2.296545373498194,-0.057837034719239025
2019-05-31,-0.09296357928105921,1.094038702369545,0.16978345421992458,2.2658727230591267,0.07493071102012387
2019-06-03,-0.09301730551022191,1.093655429909977,-0.08663564872088614,2.2591472324874653,-0.03834882803344108
2019-06-04,-0.09291742174082923,1.09355271822628,-0.02361259687643269,2.3089444978286764,-0.010226576212047495
2019-06-05,-0.09295928653239079,1.09366589471524,0.026307296714236372,2.328322349585336,0.011298820680444695
2019-06-06,-0.09300951906360304,1.09384443586729,0.04178668690502718,2.343428270932974,0.017831434152832386
2019-06-07,-0.09308614178462456,1.0940229570795699,0.04217235078903059,2.366792947332277,0.017818352398153384
2019-06-10,-0.09306346938180256,1.0939091331042166,-0.02704125891239073,2.377856203931461,-0.011372116979858453
2019-06-11,-0.09306324696429825,1.0939273640765323,0.004334189226653962,2.377394360638733,0.0018230838343073624
2019-06-12,-0.09309935045671147,1.0935076142457225,-0.09963364693146559,2.372919457226535,-0.041987791295671394
2019-06-13,-0.09312487555339277,1.093643350209699,0.03232490432787927,2.3834900725943875,0.013562005019259077
2019-06-14,-0.0931070839190453,1.0939007722730643,0.06127806819591797,2.3798971043109094,0.02574820066166718
2019-06-17,-0.09310791880524755,1.0939247677417254,0.005714658874865108,2.38204784627841,0.002399052934135391
2019-06-18,-0.09282516524712496,1.0932545085528758,-0.16095518468904402,2.405791371224418,-0.06690321804883959
2019-06-19,-0.09283183546347203,1.0933156745245778,0.014746307460143271,2.4121073202757293,0.006113454130414734
2019-06-20,-0.09289683334101992,1.0934824104500789,0.0405253101266112,2.434588917338082,0.016645647993387136
2019-06-21,-0.09291690602646939,1.0931086927852594,-0.09089130786884425,2.4316875146316006,-0.03737787331717013
2019-06-24,-0.09289922740796361,1.0934089129268434,0.07292365045685756,2.4285564977656486,0.030027570091101317
2019-06-25,-0.0928026240143242,1.0936342896801172,0.05428730264588921,2.4045885310606625,0.022576545610463808
2019-06-26,-0.09281065413943315,1.0934600376235608,-0.041865472445408614,2.4022593026632273,-0.01742754098152315
2019-06-27,-0.09290556729989653,1.094111288746672,0.1568914069936227,2.4106863886890877,0.06508163306921852
2019-06-28,-0.09277549410969907,1.093547872149573,-0.13643310326978053,2.424001213702296,-0.05628425534548292
2019-07-01,-0.09285506846293776,1.0937724472417518,0.05481621822201532,2.4446066378997813,0.022423328715620774
2019-07-02,-0.09287438452547765,1.0939354295681396,0.039936358195404864,2.451685541328585,0.016289347684353958
2019-07-03,-0.09282795189863613,1.0937885005076042,-0.036249816049974015,2.4704980433286003,-0.014673080251111309
2019-07-04,-0.092827952331491,1.0937883866753144,-2.8120733247760654e-05,2.470470989455968,-1.138274173944185e-05
2019-07-05,-0.09282720712451542,1.093801370207785,0.003204016846950708,2.4673214803907397,0.0012985810209228596
2019-07-08,-0.09286570393974748,1.0936217679812366,-0.044128405704839224,2.4550013812854505,-0.01797490056063976
2019-07-09,-0.09288462964651571,1.0940154262724766,0.09673908297236267,2.4580651144848966,0.03935578532981009
2019-07-10,-0.09286960146432356,1.0939364032902317,-0.019498401406906396,2.4694947187295164,-0.007895704841570894
2019-07-11,-0.09284850100789198,1.0936716819754844,-0.06547844054887264,2.474432119411426,-0.026462007195593426
2019-07-12,-0.09290694534076846,1.093964323298851,0.07270446933603125,2.4865800477084465,0.029238740736713217
2019-07-15,-0.09290438511396659,1.0935792473969241,-0.09576776319295277,2.487195596420841,-0.03850431519369278
2019-07-16,-0.0929216142078972,1.0934559532858745,-0.03058133927027029,2.479098531822855,-0.012335669146552297
2019-07-17,-0.09284051814272391,1.093737863268109,0.0694940060206477,2.4623745361508695,0.02822235407342996
2019-07-18,-0.09288065616859546,1.094008406430668,0.06681714366374081,2.4713790188298823,0.027036380561074987
2019-07-19,-0.09299679372822234,1.0935014247228276,-0.12473276922219156,2.4581476374386373,-0.05074258654055528
2019-07-22,-0.0929814530599183,1.0933433187563342,-0.038941065740118574,2.4640930037273283,-0.015803407453052334
2019-07-23,-0.09306409483077374,1.0936367896922645,0.07272292534196367,2.481013610786872,0.029311780082858573
2019-07-24,-0.09310372818109668,1.093848714356972,0.05277759081371869,2.492423475807629,0.021175210122195216
2019-07-25,-0.09308936721034891,1.0939180515602527,0.017210881557673474,2.480267237216002,0.006939123857069523
2019-07-26,-0.09298588755469024,1.0935626627415254,-0.08866689592775856,2.4980095149597052,-0.03549501929306655
2019-07-29,-0.0929865595357014,1.0935540980403298,-0.0021361481892085976,2.4934872522915614,-0.0008566910407283764
2019-07-30,-0.09298876594275543,1.093533007331946,-0.005248141583649613,2.4874608470410626,-0.0021098388703856357
2019-07-31,-0.09267516881575262,1.0941849682571991,0.16064258180676916,2.4593257775778,0.06531976498249316
2019-08-01,-0.09293982383960564,1.0934502212013246,-0.1794393612964882,2.438728668700511,-0.07357905928587921
2019-08-02,-0.09285911936302794,1.093704933024346,0.0617410248246415,2.4209238989675628,0.025503083699149665
2019-08-05,-0.09366192710229528,1.0930915143481148,-0.14492549877888905,2.3497602973975904,-0.0616767161056373
2019-08-06,-0.09393441799969846,1.0935847559313918,0.11710383006180791,2.379898695832063,0.04920538435812115
2019-08-07,-0.09394248971541877,1.0938974170714102,0.07444640555013393,2.3814571341246813,0.031260863142723395
2019-08-08,-0.0938374207499742,1.0937698289044033,-0.030869534465580273,2.4279701288868027,-0.012714132722766903
2019-08-09,-0.09367989725689098,1.0942901528418478,0.1255976445281135,2.4109437921961807,0.05209480409068513
2019-08-12,-0.09388817400918069,1.0938851357559487,-0.0967067918866178,2.382721481136731,-0.040586695781364104
2019-08-13,-0.0938323582361781,1.0937999870792725,-0.020545318772917653,2.4196598218328167,-0.008490994720636066
2019-08-14,-0.09289331194957592,1.0945022243776361,0.16573394730858126,2.3469796395122016,0.07061584366493591
2019-08-15,-0.09281280031833807,1.0938953996852772,-0.14277042431956488,2.354221168838224,-0.06064443995719405
2019-08-16,-0.0929139541626675,1.0940564210958048,0.03835885397694483,2.388724144774682,0.016058302111130983
2019-08-19,-0.09275308724669466,1.0937474536549858,-0.0745417320486581,2.418017061490893,-0.03082762865316484
2019-08-20,-0.09275428507348918,1.0937439097081476,-0.0008514333343896396,2.3992561252638147,-0.0003548738817103233
2019-08-21,-0.09278412818781763,1.093831269023,0.021098305990165045,2.4187085988269503,0.008722963154965221
2019-08-22,-0.09278417177615947,1.093829064409239,-0.0005330395449050229,2.4177794549470697,-0.00022046657060235971
2019-08-23,-0.09299947925683813,1.0936395332726356,-0.04486318169938386,2.3559245210723248,-0.01904270756474146
2019-08-26,-0.09302213116713076,1.0936872113197118,0.01133311709628515,2.3819533863785103,0.00475790884955808
2019-08-27,-0.09300255758689545,1.0937988596063741,0.026507193148006536,2.3725499192172097,0.011172449074012412
2019-08-28,-0.09294099962274371,1.0935908796727294,-0.049622045214505306,2.389032371585181,-0.02077077138204698
2019-08-29,-0.09294179851630326,1.0935923305497817,0.00035029626667437697,2.4200902360449765,0.00014474512621762706
2019-08-30,-0.09293310727095166,1.0940023463046267,0.0991873045563807,2.419038339003665,0.041002783195752575
2019-09-02,-0.09293310589369157,1.0940026780734189,8.025284677160016e-05,2.419039104977315,3.317550617783533e-05
2019-09-03,-0.09313873993057556,1.0931562555943206,-0.2038127811421191,2.4056374515940457,-0.08472298309417604
2019-09-04,-0.09350183724474782,1.09396238602388,0.19562425359328017,2.431402574495408,0.08045736878183504
2019-09-05,-0.09341705800006063,1.0938083537868926,-0.03785811650851656,2.4635189632385006,-0.015367495470280008
2019-09-06,-0.09341515337302161,1.0937379534401706,-0.017352562290682272,2.4652563124683686,-0.0070388471182162
2019-09-09,-0.09341670122535595,1.0939688385885178,0.05692875006519671,2.4658851754823887,0.023086537293473132
2019-09-10,-0.09341508945733726,1.0936561471291975,-0.07711689090024265,2.4664251700782502,-0.03126666555133965
2019-09-11,-0.09342738067409415,1.0936977684039897,0.01032639894043541,2.4841629029440484,0.004156892822204742
2019-09-12,-0.09345832424590077,1.093959684666206,0.0652196154212561,2.4914285523925606,0.02617759813285619
2019-09-13,-0.09346525766925114,1.0934790669992605,-0.11971188244547193,2.4907921944467204,-0.04806177035256991
2019-09-16,-0.09341062830053935,1.0938655889576665,0.09600739643008183,2.4826053464777207,0.038672033219575366
2019-09-17,-0.09337448760628135,1.0935339941298199,-0.08250471893063605,2.4893604381222105,-0.03314293810858162
2019-09-18,-0.09337711714906755,1.0936555661683358,0.03027777211519833,2.4908834119996044,0.012155435284260161
2019-09-19,-0.09337590104250067,1.0937488985855053,0.023242831850382117,2.490341686267997,0.009333189890586303
2019-09-20,-0.09341591060197309,1.0935734372866284,-0.04349988145202133,2.4770302862028832,-0.017561303829959886
2019-09-23,-0.09341161581451614,1.0933991737995838,-0.043188621604087984,2.478743944215945,-0.017423591373714496
2019-09-24,-0.09328442786131168,1.0937588568621168,0.08854092428197191,2.458240293465412,0.036018010329313524
2019-09-25,-0.09315489964472749,1.0932442296161335,-0.12714358767073008,2.473278111582394,-0.05140691096375898
2019-09-26,-0.09315802778020775,1.093208136569635,-0.008911776782781544,2.468385207919262,-0.0036103671153878665
2019-09-27,-0.09308261102234758,1.0935209071394438,0.0768426047130788,2.4545620198864677,0.031306035085083346
2019-09-30,-0.09312157683549667,1.0937127542649951,0.04728064791271436,2.466686967063744,0.019167672487034524
2019-10-01,-0.09315342674457874,1.093651113775803,-0.015053025109580176,2.4370465738184923,-0.00617674904997581
2019-10-02,-0.0933763860978994,1.093361749754183,-0.06949651074847907,2.3941604489995525,-0.029027507649923616
2019-10-03,-0.0935151128919826,1.093775065326439,0.09959242165206206,2.4131273308293357,0.04127110094013749
2019-10-04,-0.0933570247622743,1.0935037143996305,-0.06622458665918884,2.4465926339958557,-0.027068088793772205
2019-10-07,-0.09339811643191137,1.0932832031175308,-0.0537555335300226,2.4360409323348495,-0.022066761201134676
2019-10-08,-0.09335453090669142,1.0933475463511302,0.015474038267029755,2.3983039419400165,0.006452075567416456
2019-10-09,-0.09342085041916039,1.0935159421371272,0.04069307361976371,2.4206338881487635,0.016810916272383798
2019-10-10,-0.09350208945976551,1.093800661694059,0.06930190716923335,2.4370621178122835,0.028436660133819115
2019-10-11,-0.09328093704518238,1.093291968069812,-0.12503341006123492,2.4624690004037553,-0.050775628054905056
2019-10-14,-0.09326943796186861,1.0935627313684817,0.06661990713854493,2.4601649537066828,0.02707944726965158
2019-10-15,-0.09334113576894032,1.0937423434705955,0.044540002811231716,2.4839658472871515,0.017931004510338102
2019-10-16,-0.09336103659533862,1.0934550050236342,-0.07127693462427942,2.480040222848397,-0.02874023331057745
2019-10-17,-0.09337267650654704,1.0935622745101048,0.02666181528394418,2.4867356363809505,0.010721612259012069
2019-10-18,-0.09341914389547697,1.093298744656526,-0.0653063872587154,2.4765151232622844,-0.02637027597581882
2019-10-21,-0.09347953930363699,1.0935100225520877,0.05262446815169142,2.4937991396006525,0.02110212780012367
2019-10-22,-0.09347266261041691,1.0935556099209611,0.011334742010944865,2.4850084329205675,0.0045612489119899804
2019-10-23,-0.09346528907075172,1.0934934367650313,-0.015487320968077256,2.492337048223078,-0.006213975344594346
2019-10-24,-0.09347617825756893,1.0936635986288745,0.042465772905529775,2.4963994301167913,0.017010808604271736
2019-10-25,-0.09343993976688895,1.093448563106814,-0.05386540591575795,2.5067971680044594,-0.021487740054628196
2019-10-28,-0.09338658970525615,1.0932217221476292,-0.05713743934654758,2.5213500280348247,-0.022661446729425862
2019-10-29,-0.09337600452559346,1.0935695602663127,0.08765044888014017,2.519703433040388,0.034786017961795285
2019-10-30,-0.09331908397344596,1.0931642903438916,-0.10241203130192389,2.528568877401839,-0.04050197414719212
2019-10-31,-0.09327734433911315,1.0934698289605402,0.0770461289368427,2.520424335608751,0.030568713310821918
2019-11-01,-0.09338325594142102,1.0937459118518074,0.07013566901599688,2.544406681039981,0.027564645832218213
2019-11-04,-0.09334583735794452,1.0935093710008925,-0.06038320025646726,2.5545009408642523,-0.023637963600059625
2019-11-05,-0.09334100038963396,1.093596128850613,0.022137538567278625,2.5512339806264293,0.008677188660619431
2019-11-06,-0.09333946784283513,1.093509542210705,-0.022099228194349507,2.5525930927803766,-0.008657560132421353
2019-11-07,-0.09334184696106944,1.0935265648066657,0.004357921243013152,2.5616356715358455,0.001701226014080422
2019-11-08,-0.09331994960632986,1.09329548258016,-0.059313352957929055,2.5678658368925253,-0.023098306814076573
2019-11-11,-0.09329322275108205,1.0936198138969093,0.08314456633320333,2.5628890743574138,0.032441734277574984
2019-11-12,-0.09327093380188603,1.0933266167503226,-0.07526496754223899,2.567956064954647,-0.02930928942647944
2019-11-13,-0.093272734000018,1.0934624957001333,0.0349039644256095,2.5690356984699547,0.013586406933308603
2019-11-14,-0.09327693557731782,1.0935462255944404,0.021533804787168265,2.5724710628897283,0.008370863757347281
2019-11-15,-0.09326452638165912,1.0935041431332795,-0.01089314240658723,2.5916477381048786,-0.00420317246299559
2019-11-18,-0.09326024465176205,1.0933053629241354,-0.0515414188519685,2.5932505837276802,-0.019875217294998176
2019-11-19,-0.09325345707908177,1.0935949708790087,0.0750684074714627,2.591983482052694,0.028961761520182632
2019-11-20,-0.09328079273955026,1.09340758855443,-0.04842278279591028,2.58285498076705,-0.018747774519469847
2019-11-21,-0.09327341017003372,1.0935192098250786,0.028791558358761904,2.578881268155332,0.011164359799843147
2019-11-22,-0.09326743727823178,1.09344893255388,-0.018156674858119004,2.5845812509221573,-0.0070249967385010055
2019-11-25,-0.09325030240624452,1.0933916684564886,-0.014894612682610386,2.6042077766171166,-0.00571944098176321
2019-11-26,-0.093248912212074,1.093373535031242,-0.00473011423355274,2.609426975502048,-0.0018127022821332935
2019-11-27,-0.09326824033834348,1.0934790396628384,0.027639335655237574,2.62172360901385,0.010542429247770322
2019-11-28,-0.09326824007049057,1.0934791122864187,1.903897884858452e-05,2.6217106702882633,7.262044231025363e-06
2019-11-29,-0.0932542877300283,1.0935682497209103,0.0232924803318042,2.611676862444044,0.008918591984617412
2019-12-02,-0.093341950343897,1.0933037002994999,-0.06861395925750458,2.5904473031497903,-0.026487301700395576
2019-12-03,-0.09330054698821845,1.0934472529757304,0.036965203075340014,2.572286043458371,0.014370564723681067
2019-12-04,-0.09324466941024773,1.0932263968665186,-0.05711452599041422,2.588752039842993,-0.022062571119742393
2019-12-05,-0.09326425610870478,1.0935037072413458,0.07189728141753449,2.5935245507492692,0.02772184338751039
2019-12-06,-0.09327294273940709,1.0935285535406831,0.006492119179029032,2.6165923938012727,0.0024811350802703973
2019-12-09,-0.09326263853092959,1.093610940238082,0.02150055033581566,2.6086057726404936,0.008242161602691036
2019-12-10,-0.09326753987202537,1.0934923548863817,-0.030908493070114673,2.6061687162771516,-0.011859743721529549
2019-12-11,-0.09326015916819881,1.0934184232022717,-0.019309453398193455,2.6129516683587397,-0.007389900713441901
2019-12-12,-0.09328158991180607,1.0934808591380758,0.01643507747064632,2.635927332008469,0.0062350267668886995
2019-12-13,-0.09328118222702683,1.0934449450074888,-0.0094692119750448,2.636890838931187,-0.003591051944676998
2019-12-16,-0.09331615958886938,1.0935730066300238,0.03396985033276678,2.655524734297319,0.012792142319004073
2019-12-17,-0.09331562455509176,1.0934523972423797,-0.032032026392698754,2.656044942755274,-0.012060046830182783
2019-12-18,-0.09331563133899672,1.0934461895628016,-0.0016488120835447262,2.656225242847169,-0.0006207350404431021
2019-12-19,-0.09333860629036686,1.0935911962122464,0.038651675858375256,2.667258950098572,0.014491159869178368
2019-12-20,-0.09334345801611067,1.093616209513911,0.006700334242225381,2.6808161555172654,0.0024993635719613703
2019-12-23,-0.0933334375476889,1.0933252384386196,-0.07806544108387925,2.6834272396784806,-0.02909169286558811
2019-12-24,-0.09333293693716198,1.093460387169902,0.03626458823265466,2.6834253246674202,0.013514290075185616
2019-12-25,-0.0933329366057702,1.0934604760332691,2.38447944411746e-05,2.6834253246665924,8.88595416536782e-06
2019-12-26,-0.0933451543181449,1.0935235113014603,0.016988273151525846,2.697149562372475,0.006298602564917672
2019-12-27,-0.09334587717167778,1.0933216872720801,-0.054432302585553316,2.6971355136967716,-0.020181523067391908
2019-12-30,-0.09332234516927577,1.093429926882794,0.029055399834476248,2.6823327232656684,0.010832138601769759
2019-12-31,-0.09328961019331353,1.0930887619041434,-0.09170935475276565,2.68924239885259,-0.03410230137376049
2020-01-01,-0.09328961100957148,1.093088538632585,-6.0040403127459285e-05,2.6892365816424664,-2.2326188605834475e-05
2020-01-02,-0.09353309046339672,1.0938125443232776,0.19616982112518144,2.713056464956054,0.07230583795769212
2020-01-03,-0.09365403474086345,1.0933906066128365,-0.11375216904099261,2.6932294814879905,-0.04223634481312203
2020-01-06,-0.09368537318903175,1.093613530700289,0.060228507549936694,2.7033193216538494,0.022279464755606385
2020-01-07,-0.0936828586011095,1.0936363197228083,0.0061457800658786255,2.6958618672571686,0.002279708816138819
2020-01-08,-0.09366772833857803,1.093558603226929,-0.02104293778961619,2.7097702025775727,-0.007765580184474625
2020-01-09,-0.09362180589743523,1.093382270750476,-0.04806292587142025,2.7284809518516413,-0.017615268979174325
2020-01-10,-0.09361031065376992,1.0934836103537062,0.02758091015169839,2.720647921157121,0.010137625650572211
2020-01-13,-0.09371309682139295,1.0938978952164486,0.11334798244257627,2.7386490621897166,0.041388283006931766
2020-01-14,-0.09372607629687929,1.0936583365326198,-0.06552848831057645,2.734994495523143,-0.02395927612206851
2020-01-15,-0.09372791943824292,1.093681063761001,0.006227521064829489,2.7410862299804495,0.002271917240952287
2020-01-16,-0.09371159931796876,1.0936286959092636,-0.014457126818001598,2.7639896665652897,-0.005230528533765088
2020-01-17,-0.09370083950025808,1.093541935832503,-0.02404916505372512,2.773321692540047,-0.008671610335870853
2020-01-20,-0.09370083968868245,1.0935418824487166,-1.4804350712438463e-05,2.773313740348021,-5.338144940853564e-06
2020-01-21,-0.09370912280507974,1.09344030221703,-0.028119970994225696,2.767590117525077,-0.010160453607693916
2020-01-22,-0.0937087640786028,1.0933828577161009,-0.015901212611254323,2.76831950640635,-0.005743994713925282
2020-01-23,-0.0937177563944327,1.0936511264131348,0.07432522643091488,2.77104548229736,0.026822088235554653
2020-01-24,-0.0937056003889396,1.0936857682548973,0.009523588291528995,2.7458020596047894,0.0034684176371037284
2020-01-27,-0.09393469514619074,1.0933159478901173,-0.100157193381051,2.7022421799766327,-0.037064477093580524
2020-01-28,-0.0938521618420697,1.0931144020566557,-0.054965662403333226,2.731497924427106,-0.020122901032356273
2020-01-29,-0.09383861015163616,1.0934399721919141,0.08884792036025146,2.728731527256177,0.03256015458933432
2020-01-30,-0.09382411485802297,1.0933147543844475,-0.03425900788374747,2.7372741351192738,-0.012515738721308114
2020-01-31,-0.09369681607427864,1.0934959992960946,0.048847576564014616,2.688270485502961,0.01817063306219928
2020-02-03,-0.09366819812978716,1.093392336300955,-0.028039208546942973,2.7077818754229632,-0.010355046985667252
2020-02-04,-0.09372823149461519,1.0934956858974803,0.028353609555438197,2.7495059587242774,0.010312256085669214
2020-02-05,-0.09364592741344027,1.0933002085476278,-0.05426678143311392,2.7805295711774747,-0.019516707175364977
2020-02-06,-0.09370366122795427,1.0937658904411678,0.12985687151046932,2.789937610666468,0.046544722367267824
2020-02-07,-0.09377621797277111,1.0933938520555053,-0.10333591531127695,2.775762174439972,-0.03722794274769799
2020-02-10,-0.09384097466550884,1.0936389879416748,0.068462744592523,2.795671488685307,0.02448883742943571
2020-02-11,-0.09384257343105523,1.093663762662717,0.006936750471254527,2.8007381382764134,0.0024767579576444924
2020-02-12,-0.09383830513814578,1.0936455712193054,-0.005123086278729261,2.8187315076522768,-0.0018175148164417698
2020-02-13,-0.09384995800100936,1.0933493324526917,-0.08342747318175725,2.8159875574686595,-0.029626364278665943
2020-02-14,-0.09383513128380562,1.09309646771825,-0.07130696319092067,2.820713555699741,-0.025279760522592797
2020-02-17,-0.09383513181192739,1.0930963172778776,-4.243300918460591e-05,2.820710217298271,-1.504337770125463e-05
2020-02-18,-0.09379461173369569,1.0934806444657188,0.10814539749082996,2.812989113159745,0.03844501103289146
2020-02-19,-0.09378940024825654,1.0934507716425852,-0.008437928979560638,2.826534202685152,-0.002985256280127363
2020-02-20,-0.09381629966259078,1.0932705952803738,-0.05075170385009642,2.8154402396379075,-0.01802620532859315
2020-02-21,-0.0937785288752065,1.0933666240145203,0.026792747353567847,2.786300357948029,0.009615886269095326
2020-02-24,-0.09365907914076783,1.0934578715537369,0.024693206178255878,2.693391498826904,0.009168071626056184
2020-02-25,-0.0935662344289984,1.0935344082099365,0.020086400475065602,2.6125539302457814,0.007688415631357295
2020-02-26,-0.09345227999115133,1.0941586515046677,0.16246394076546267,2.600892545792415,0.06246468775816524
2020-02-27,-0.09567609555122995,1.0929776957796546,-0.29576779396177244,2.486109137523321,-0.118968145644812
2020-02-28,-0.09663256213702824,1.0893157838088667,-0.9056896584247625,2.470796010650826,-0.36655784391775714
2020-03-02,-0.10473352021663267,1.093837403185435,1.1588208323983622,2.581409860611433,0.4489100510849849
2020-03-03,-0.1061267834703802,1.092633293754315,-0.3035885769986635,2.509943555372129,-0.12095434431140141
2020-03-04,-0.11043402812518253,1.095255922918089,0.6811262124659265,2.614117071009147,0.2605568893679985
2020-03-05,-0.11264136714032574,1.0936753695017656,-0.4014760796716814,2.5264387245554247,-0.1589098820286365
2020-03-06,-0.1125469607648059,1.093807795005344,0.03298657218340395,2.4839907490602906,0.013279667887605049
2020-03-09,-0.12429283484399237,1.090521919470978,-0.765032159466756,2.2938091026483347,-0.3335204130908201
2020-03-10,-0.12963224267572285,1.0929545102629106,0.5808889401349688,2.4107254141765573,0.2409602257971739
2020-03-11,-0.12708833433146194,1.0940685155047494,0.25772298109137637,2.291221229863808,0.11248280075804623
2020-03-12,-0.12395357377384286,1.0946966424352709,0.1331289597555383,2.071779331560989,0.06425827197302515
2020-03-13,-0.11221495931189578,1.0919028255479715,-0.6203356024942082,2.2647887486264424,-0.2739043996356974
2020-03-16,-0.09945564333022044,1.0939342382551547,0.41852432781399784,2.0008276197341845,0.20917560497770415
2020-03-17,-0.09326102495668971,1.0919518257302625,-0.4156272960387639,2.129174526039569,-0.19520583726495316
2020-03-18,-0.09649018687739637,1.0908194253518275,-0.23104797738761818,2.0125575945275127,-0.11480316290866757
2020-03-19,-0.09660110144927676,1.0938946657952389,0.6190955555334483,2.0136503253030393,0.3074493857021969
2020-03-20,-0.10045264954265258,1.092271390291843,-0.31649997844539257,1.926532504049759,-0.16428478511526734
2020-03-23,-0.09554931796140258,1.0951158813776294,0.5359839455421422,1.8673323823047134,0.2870318913875504
2020-03-24,-0.09122439613512888,1.094194030829482,-0.18415232894008682,2.047264624071705,-0.0899504278903795
2020-03-25,-0.09118294324948674,1.0941290034686961,-0.0134242287846007,2.0709777455879803,-0.006482072930624066
2020-03-26,-0.09142771001802615,1.0942169810519915,0.019065766339934953,2.1960819521419523,0.008681718968337736
2020-03-27,-0.09185732416965774,1.0939306579935604,-0.06135026031475377,2.127964288097981,-0.028830493377118613
2020-03-30,-0.09119931296096792,1.0934921500435577,-0.09565234408430001,2.196782998279024,-0.04354200854578479
2020-03-31,-0.0913867216999813,1.0932292121519254,-0.057081628180498,2.16393358483155,-0.02637864146137437
2020-04-01,-0.09092016237573135,1.0934341630878743,0.04282003523246658,2.067026853787024,0.020715761459032568
2020-04-02,-0.09099213251903396,1.0934980783091244,0.013444266944958372,2.115040653250426,0.006356505216245855
2020-04-03,-0.09046419437513466,1.094214642520569,0.1498278033180327,2.0836925834106954,0.07190494630104544
2020-04-06,-0.08833661881185825,1.0935276428775564,-0.15072543027713436,2.2263211095540667,-0.06770156812973163
2020-04-07,-0.08833355806537552,1.093395690545771,-0.029371549217387383,2.2262884155201244,-0.01319305666445978
2020-04-08,-0.08870310921723389,1.093641503958295,0.05620574770145481,2.3020339596985444,0.024415690074709
2020-04-09,-0.08879515880897579,1.0937832464476194,0.03301431953858014,2.3358931181387126,0.014133488935010274
2020-04-10,-0.08879515835317602,1.093783369097404,2.8647470259102192e-05,2.335814094632282,1.226444789631773e-05
2020-04-13,-0.08874608817511917,1.0938956950200327,0.026030761742504183,2.3131974892609795,0.011253151476841907
2020-04-14,-0.08847966788326565,1.0936917916214792,-0.04833484027682289,2.3839576016737913,-0.020275041906318594
2020-04-15,-0.08869655477503217,1.0934677852915893,-0.052449854877636426,2.3319535126097577,-0.022491809804106366
2020-04-16,-0.08875709205265046,1.0937471507320546,0.06540922606075128,2.3436731491937666,0.027908851574824898
2020-04-17,-0.08785653793080032,1.0929774841111197,-0.184441158948232,2.4084467578845903,-0.07658095755881773
2020-04-20,-0.087663061222246,1.0932222862111889,0.0580836501791282,2.3649419881492393,0.02456028539819846
2020-04-21,-0.08747620759771432,1.0933571607822148,0.031108787220858858,2.292915807311949,0.013567348230430048
2020-04-22,-0.08812865036895039,1.0940389813662112,0.1590955847298403,2.3432607503389673,0.06789495565392206
2020-04-23,-0.08812983084730588,1.0939406320764729,-0.023039656462970015,2.342653772740667,-0.009834853417547895
2020-04-24,-0.08778605960778935,1.093388497244433,-0.13086754988012217,2.3766561255007206,-0.05506372944573571
2020-04-27,-0.08821673961247342,1.0940921182337617,0.16919317236528286,2.4109472410712858,0.07017705302008317
2020-04-28,-0.08838387723013119,1.0932655756560608,-0.19850493535017222,2.3997424200782405,-0.08271926757193392
2020-04-29,-0.08878159929168405,1.0936375471495827,0.09115719198450734,2.461683341259859,0.0370304297293795
2020-04-30,-0.08934327501754714,1.0921273747494302,-0.3690316715997142,2.440058803700411,-0.15123884352297914
2020-05-01,-0.08793498597301616,1.0933078703775367,0.28160278933592053,2.373770370661761,0.11863101537383126
2020-05-04,-0.08803841834619502,1.0940960116733298,0.18755304091860125,2.3811499937788954,0.07876573983521036
2020-05-05,-0.08787264271383283,1.0936709103691535,-0.10198122612285943,2.4030667399376178,-0.042437949986152614
2020-05-06,-0.08782457150326749,1.093834072676332,0.038990823350843584,2.386883636603191,0.01633545211543366
2020-05-07,-0.08783462567234726,1.0938542204678021,0.004855482911239051,2.415122009166961,0.002010450359364591
2020-05-08,-0.08784126957406889,1.0938637687522292,0.0023376832292569816,2.455473822624939,0.0009520293833790346
2020-05-11,-0.08784072853368291,1.0936644687976864,-0.04893963570810911,2.455747507112984,-0.019928610562102666
2020-05-12,-0.08807908671752973,1.0933901609005066,-0.06624427241916919,2.406452695960532,-0.0275277683747396
2020-05-13,-0.08757312034985947,1.0940385790509761,0.15377124509984696,2.363845972035549,0.06505129645457901
2020-05-14,-0.08751799533438519,1.0939312147738458,-0.025627735702300924,2.392323573631062,-0.010712487217355477
2020-05-15,-0.08748273005489425,1.0937449742152137,-0.0447162511606507,2.4030436199156733,-0.01860817289792678
2020-05-18,-0.08795010354477571,1.094115475466565,0.09127638752380562,2.476614382766964,0.03685530866611067
2020-05-19,-0.08832775290909366,1.0931725067439522,-0.23167576952403124,2.4530120482228224,-0.09444542667121326
2020-05-20,-0.08886614385411892,1.093978264952982,0.20032192097727375,2.4930473363513057,0.0803522332112853
2020-05-21,-0.08890970171938734,1.0938344991186455,-0.035624777604539304,2.4750813449831655,-0.014393376474978688
2020-05-22,-0.08888791936550938,1.0935904212593561,-0.0605217917273535,2.4806527642413942,-0.024397526570334647
2020-05-25,-0.08888792010941768,1.0935902335339944,-4.656608047071131e-05,2.4806474217163568,-1.877174485299983e-05
2020-05-26,-0.0887913720462232,1.0934053728790822,-0.04634654925206405,2.5125378155022626,-0.018446110130604845
2020-05-27,-0.08879594082176831,1.0934131852026,0.0019867178750700987,2.5491262465060185,0.0007793720996726665
2020-05-28,-0.08879583931237503,1.0934144021539125,0.0003096809198268602,2.5440365405158043,0.00012172817288389745
2020-05-29,-0.08871049740373077,1.0929323002993572,-0.12310577766868391,2.555453438548892,-0.04817375101093183
2020-06-01,-0.08881347365380547,1.093533275694252,0.15413253949117234,2.566580776709917,0.060053648375234005
2020-06-02,-0.08884534530679855,1.0936317791689176,0.025455796198343705,2.587668849695688,0.009837346923791013
2020-06-03,-0.08898248635325141,1.0938981714443903,0.0697002864998808,2.6218131788075314,0.026584764720567276
2020-06-04,-0.08907418981500811,1.0930150402152,-0.23102582312014874,2.6150926724058325,-0.08834326429724941
2020-06-05,-0.089580049803257,1.0935333015634157,0.1384766858143962,2.6820385178037864,0.051631132399913925
2020-06-08,-0.08963089225337219,1.093644548642027,0.030143670062386718,2.714391194863161,0.011105131095117014
2020-06-09,-0.08971113881074821,1.0933532826094863,-0.07857479052404415,2.695092039878249,-0.029154770731909314
2020-06-10,-0.08962057378152838,1.0937238534309983,0.09933531446330335,2.6783062885777564,0.03708885532881033
2020-06-11,-0.09017237871795669,1.0934921589078013,-0.05903212196312779,2.5247301799480923,-0.023381556742963112
2020-06-12,-0.09040370104531924,1.093974071460135,0.12286737472646792,2.5545807490532035,0.04809688430166315
2020-06-15,-0.09042578351655803,1.094035267110916,0.01575193994625579,2.577822232921062,0.0061105609786003216
2020-06-16,-0.09014592490224013,1.0936679921212775,-0.09623940220069471,2.628250007526281,-0.03661729360795308
2020-06-17,-0.09012951358009391,1.093757018066155,0.02330515968128566,2.6160952287280277,0.008908375897545926
2020-06-18,-0.09012474437542274,1.0936071556925941,-0.03923400953453893,2.6184729902969845,-0.014983545631337235
2020-06-19,-0.09017696945953547,1.0933874851775645,-0.05723043466548461,2.603051730343231,-0.02198589985683395
2020-06-22,-0.0903258246472624,1.093966770247719,0.15163213640909134,2.620315922634898,0.05786788344842609
2020-06-23,-0.09023836784407825,1.0934640125389148,-0.13223845439978277,2.6321656696171156,-0.05023941157131597
2020-06-24,-0.08985694316200628,1.093831789514773,0.09470839004285381,2.565012603906342,0.036923167511387384
2020-06-25,-0.08981241403284151,1.0937247247848314,-0.027705217022685247,2.5920597701441874,-0.010688494664281642
2020-06-26,-0.09025726651514826,1.0932627384446283,-0.11738380672937865,2.531429031440849,-0.046370569852620225
2020-06-29,-0.0905147402521067,1.0937062046941444,0.11362884340672963,2.568316293835721,0.044242542742672704
2020-06-30,-0.0904268708004422,1.0935386692057314,-0.04350978463082811,2.6025065065344344,-0.016718415312923413
2020-07-01,-0.09042634609231309,1.093536696418764,-0.0005163619498489425,2.6202571385218065,-0.0001970653728054504
2020-07-02,-0.09047117337725893,1.0937676760777637,0.060778737499219915,2.633452747221114,0.02307948664100967
2020-07-03,-0.09047117279975872,1.093767833652312,4.149449421220197e-05,2.6334386638888896,1.5756772611109773e-05
2020-07-06,-0.09035892676885589,1.0935788808579523,-0.05041534424998417,2.6743159671627166,-0.018851678286717827
2020-07-07,-0.09032926730322582,1.0936514648630131,0.01923830690509476,2.6465532484461924,0.007269193210599366
2020-07-08,-0.09033982224288477,1.0936887264646113,0.00992345697966357,2.6661963822919845,0.0037219527584584416
2020-07-09,-0.09033438734883577,1.093715605965355,0.007135094464103986,2.6525985079792873,0.002689850892489343
2020-07-10,-0.09034723167962433,1.0937491761820386,0.008980745594385553,2.6792308327629,0.0033519865046955843
2020-07-13,-0.09027828375669572,1.0939428353306764,0.051482314064003276,2.6549870533644393,0.019390796651442846
2020-07-14,-0.09004955875971958,1.0934934715299505,-0.12066430336079748,2.6905298269920794,-0.04484778505343539
2020-07-15,-0.09021733532483002,1.0939958042661906,0.13617317925564976,2.714343187369271,0.05016800376949687
2020-07-16,-0.09028707917832773,1.0933872948390218,-0.16474899315869607,2.70642238230449,-0.060873348608066875
2020-07-17,-0.09031903349433146,1.0937167761194577,0.08937026924940028,2.7135841723069736,0.0329344009894565
2020-07-20,-0.09029904304648304,1.093652388417,-0.01759635049188546,2.736163762954535,-0.006431029724947734
2020-07-21,-0.09027702788867603,1.09335867674847,-0.08050389158302096,2.741825467665803,-0.029361420897281366
2020-07-22,-0.09032038278289577,1.0935654509323012,0.05696950135723,2.7574253723767885,0.020660396443703065
2020-07-23,-0.0903910457400981,1.0934111312902384,-0.04211255395534863,2.724496454745379,-0.015457004497840064
2020-07-24,-0.09036697725458209,1.0935068874629372,0.025942704360829794,2.706881609267304,0.009583981904495609
2020-07-27,-0.0903854564442904,1.0935747140350502,0.018474048157827383,2.7266220898920706,0.0067754340531139216
2020-07-28,-0.09037635243934594,1.0936126188491517,0.010279697576720537,2.7097239234144226,0.003793632808086025
2020-07-29,-0.09034248893671597,1.0935376351156896,-0.020528968477094622,2.7425125472398015,-0.007485460184222668
2020-07-30,-0.09030848505778631,1.0937777891799048,0.06565162761114607,2.7324639422877732,0.024026530266371537
2020-07-31,-0.09014067721298143,1.0932365183560964,-0.1489600352934417,2.7553282946282973,-0.05406253606288934
2020-08-03,-0.09031300352725966,1.093981354457181,0.20633149494403824,2.7726496391956306,0.07441672111298446
2020-08-04,-0.09021297289104642,1.093326370790739,-0.18225518952357334,2.7842871829449773,-0.06545847376663194
2020-08-05,-0.0902757515887888,1.093603536843714,0.07758386728738742,2.8016257045427295,0.027692445554589298
2020-08-06,-0.0902909373487793,1.0936660676033096,0.017620029774320756,2.8204263258047297,0.006247293046838716
2020-08-07,-0.0902942697106287,1.093878501001164,0.05993929637082829,2.8218738295146113,0.021240955475723168
2020-08-10,-0.090271696493543,1.09367875241556,-0.05652026640547092,2.8308674771085434,-0.019965705516953727
2020-08-11,-0.09036819418707914,1.0933586776490705,-0.08996934379109689,2.808025284098783,-0.03204007609923354
2020-08-12,-0.09049727382560534,1.0936201717561185,0.07429963435345144,2.8465063583425576,0.02610204404978532
2020-08-13,-0.09049740567717914,1.0936181595138157,-0.0005718963523690945,2.841586680749936,-0.00020125951330056304
2020-08-14,-0.09049775072441069,1.0935211753545406,-0.027557708386893864,2.8415889959656324,-0.009697992364842041
2020-08-17,-0.09049666427541009,1.0935116274217898,-0.002720645417525702,2.8507661071003128,-0.0009543558872646469
2020-08-18,-0.09049888910455184,1.093542344494122,0.00877228780814221,2.856723954384838,0.0030707509539651054
2020-08-19,-0.09046688118199864,1.093744931117589,0.057656896002413305,2.844611851680278,0.020268809598172795
2020-08-20,-0.09045569894784625,1.0936443125183795,-0.028699728875494657,2.853607697670828,-0.010057349122978591
2020-08-21,-0.09044623711840788,1.093569039024115,-0.021546001443596197,2.863788950417255,-0.007523599614579467
2020-08-24,-0.09048635971289902,1.093680468881414,0.03219304125616418,2.8928856783936094,0.011128348934286492
2020-08-25,-0.0904624085513097,1.093482999163958,-0.05729705725167378,2.9029455848384647,-0.019737558137818863
2020-08-26,-0.09043994096526363,1.0934200831448717,-0.01842697069082533,2.932591937023508,-0.006283509975659329
2020-08-27,-0.09045268407683674,1.0936090414410895,0.05550816337330389,2.938430717068719,0.018890410806989177
2020-08-28,-0.09042928107703656,1.0935046504591743,-0.03084851119490395,2.957519223946649,-0.010430536155142311
2020-08-31,-0.09042731439885147,1.0935201763803808,0.004577417593850441,2.947135674678665,0.0015531750482948262
2020-09-01,-0.09043847280916682,1.0935548500019128,0.01030244677860992,2.9746791292699837,0.003463380865935024
2020-09-02,-0.09047004690936432,1.0936184619234006,0.01916500793782916,3.01799443945729,0.006350246271916758
2020-09-03,-0.0903953731430728,1.0936786857522085,0.01762040094411077,2.9137334052845754,0.00604736209296054
2020-09-04,-0.09045403468926169,1.093477437787098,-0.05822178600425332,2.8902810454108945,-0.020143987760877512
2020-09-07,-0.09045403510316112,1.0934773236113666,-3.299857871752465e-05,2.890282546436906,-1.14170771152477e-05
2020-09-08,-0.09010881440177906,1.0938155797065519,0.09542253548715962,2.8110546122423,0.03394545771952959
2020-09-09,-0.08998787114021657,1.0936446714728352,-0.04886448489463646,2.8664511632317917,-0.017047032065791067
2020-09-10,-0.08997084544534699,1.0936709280159227,0.007411198648298978,2.816307713281763,0.00263153014613695
2020-09-11,-0.08996381560767505,1.0933735154046416,-0.0838106838323256,2.818390163957221,-0.029737076471573195
2020-09-14,-0.09011385833245825,1.0936942419147782,0.09141142302797789,2.855029813924357,0.03201767721729291
2020-09-15,-0.0901026971940382,1.0936331220915234,-0.017527097606603093,2.8696631002558557,-0.00610771961525393
2020-09-16,-0.09009425655000876,1.0936894792131073,0.016114936989367834,2.858090362384398,0.005638358115424925
2020-09-17,-0.09003837367508999,1.093862032404159,0.048940110478667975,2.833151582647476,0.017274088255078552
2020-09-18,-0.09007407865755124,1.0937800242723696,-0.022998619425095512,2.8002385690730156,-0.008213092869693928
2020-09-21,-0.09019840876517489,1.0934774779701948,-0.08392138447720754,2.7698843064554914,-0.030297794128664648
2020-09-22,-0.09020645840415362,1.093499201471152,0.006069507716745193,2.797883971111038,0.002169320736461775
2020-09-23,-0.09030409926489319,1.0933889665512007,-0.03022441708196766,2.733172876737726,-0.011058362732635876
2020-09-24,-0.09028996182639246,1.0932476378645029,-0.03871660589476278,2.7406350030786872,-0.014126874192028691
2020-09-25,-0.09044807058883653,1.0935147318523952,0.07420884692925256,2.7845352476542082,0.02665035287011315
2020-09-28,-0.09035425132048443,1.0933607999524158,-0.04348245516530369,2.831122682619796,-0.015358732220345516
2020-09-29,-0.0903101243230761,1.093567384948629,0.058192863510043935,2.814914551379612,0.020673047955051833
2020-09-30,-0.09029386371656593,1.0935088344386676,-0.016590993937029452,2.836582788641487,-0.005848936968617549
2020-10-01,-0.09032987704461277,1.0936674938725832,0.045251050239130564,2.8545362689786846,0.01585232975698739
2020-10-02,-0.09037755274644482,1.0935294290380055,-0.03909017385632296,2.827995418856106,-0.013822573260084885
2020-10-05,-0.09036392956733368,1.093507647827403,-0.006253247226425174,2.8774400195955705,-0.002173198114935539
2020-10-06,-0.09049124578782601,1.0932605970950655,-0.07021679449690055,2.837217016796451,-0.02474847503071284
2020-10-07,-0.0906326624284796,1.0934915730983177,0.06651047816467326,2.885909670227618,0.023046625073135926
2020-10-08,-0.09068544519974629,1.0936606219415053,0.04916028689797258,2.9113675714396536,0.016885633878810816
2020-10-09,-0.09064563654472017,1.093532645146738,-0.03754763784337456,2.9372457721620524,-0.012783280922296277
2020-10-12,-0.09075516972359982,1.093729224500338,0.058557327873472786,2.984625830449753,0.01961965458988499
2020-10-13,-0.09078170924445464,1.0936124224256627,-0.034662166682664974,2.965487272834547,-0.011688523164536568
2020-10-14,-0.09078439356351102,1.0936004355008744,-0.003535011818030398,2.9469771100550375,-0.0011995382678640413
2020-10-15,-0.09078647798495407,1.0935546142976058,-0.013488713170715982,2.9434784227350956,-0.004582575862126483
2020-10-16,-0.09078802798632081,1.0935080787782152,-0.013686852092746449,2.940992000098099,-0.0046538215990692645
2020-10-19,-0.09072457830353665,1.0936241780270317,0.03369095465774308,2.8966201832417284,0.01163112611472524
2020-10-20,-0.09072236424649252,1.0936080433589537,-0.004689521826435339,2.908032781674235,-0.0016126096844532307
2020-10-21,-0.0907325125293374,1.0934589923738172,-0.04327386473630668,2.9027715527167905,-0.014907774845666162
2020-10-22,-0.09077476386753801,1.0936789607981376,0.06415647253129464,2.918721175239343,0.021981021371811453
2020-10-23,-0.09074506384481199,1.0934266483874207,-0.07385968345295169,2.9286596461245344,-0.025219620023340526
2020-10-26,-0.09069893120413353,1.0934954125040943,0.019813207669869826,2.8748092959965748,0.0068920076533290275
2020-10-27,-0.0907127177079757,1.0933840259082146,-0.03192752729057702,2.8652895368219786,-0.011142862485719078
2020-10-28,-0.09010656848852389,1.093849061159463,0.12926311492446985,2.7669202358899767,0.04671732608977523
2020-10-29,-0.08987180278208201,1.0932418845490988,-0.16951334404933505,2.795894330204561,-0.060629381524920735
2020-10-30,-0.08959451545566191,1.093891311585563,0.17979838841466744,2.7644580973103294,0.06503928874508957
2020-11-02,-0.08948906284099656,1.0936450783607623,-0.06875198906323021,2.796637125526311,-0.02458380761511613
2020-11-03,-0.0896415651625029,1.0938834506215414,0.06768103348849763,2.8459477379133933,0.023781544751106484
2020-11-04,-0.08926966254482843,1.0934181809781955,-0.13500748249924754,2.9099923540739576,-0.04639444578273154
2020-11-05,-0.08924359834696427,1.0933799544585432,-0.011314256987816407,2.9668787545528037,-0.003813521860458298
2020-11-06,-0.08924328353389199,1.0934227118635071,0.012683214298135681,2.9664112764519586,0.004275608847235006
2020-11-09,-0.08925464113013455,1.0934492694119775,0.007964335822464363,3.0033895955374725,0.0026517824508342225
2020-11-10,-0.0892547960158005,1.0934460309786604,-0.0009714609312823086,2.9994731289979106,-0.00032387719092748213
2020-11-11,-0.08929701853901571,1.0936227794684525,0.053342827567917084,3.0205848468153325,0.0176597679830638
2020-11-12,-0.08939580007124946,1.0933189102810947,-0.09103147406864309,2.9926596272820394,-0.03041825179140693
2020-11-13,-0.08939872806551377,1.093325250312432,0.001920069321442952,3.0333273665676437,0.0006329911313250713
2020-11-16,-0.08952252223355112,1.093629068737798,0.09314390473895173,3.0700656382462133,0.03033938544459282
2020-11-17,-0.08954129245999284,1.0935205616294834,-0.03316297135700097,3.05472973068873,-0.010856270204147957
2020-11-18,-0.08949920442754833,1.093620200810835,0.03010865211814462,3.0177160503100815,0.009977297935321264
2020-11-19,-0.08947907699399474,1.0934766098993154,-0.043490193399975396,3.0303367282940976,-0.014351604227315634
2020-11-20,-0.08948358990973332,1.0934573967161172,-0.005787488725729872,3.0100630602399083,-0.0019227134481589888
2020-11-23,-0.08950266112320959,1.093552908187806,0.028898665691883707,3.027855822828306,0.009544267423172612
2020-11-24,-0.08938317741682311,1.0933332552770925,-0.06746033897081816,3.076906527681356,-0.021924728087743955
2020-11-25,-0.08936890724746357,1.0935757198920721,0.07448974206351977,3.0717691904841478,0.02424978487780825
2020-11-26,-0.08936890684770674,1.093575841577807,3.737740712494997e-05,3.071771270252963,1.216803070167132e-05
2020-11-27,-0.08935549832406692,1.0934318339873312,-0.044345972450173576,3.0805267042213416,-0.014395581245702208
2020-11-30,-0.08936540428960141,1.0933682267511124,-0.019515305916172565,3.066703267474014,-0.006363610761809035
2020-12-01,-0.08936689018836748,1.0933722879890986,0.0012575958789966535,3.1004515225421034,0.0004056170108944432
2020-12-02,-0.08936775788731188,1.0933850996906105,0.003979448221969051,3.106957419517619,0.0012808183971143362
2020-12-03,-0.0893662269362802,1.0935016281459324,0.03619365153662102,3.1060320987509837,0.011652697198839454
2020-12-04,-0.08935902080566753,1.093476146577734,-0.00797506740713061,3.1327669968179404,-0.0025456944021790195
2020-12-07,-0.08935933104173355,1.0934713628915445,-0.0014960574829956386,3.1269368829453343,-0.00047844185508038375
2020-12-08,-0.08934818788461832,1.0933512406349728,-0.037656702808760656,3.1359713693914837,-0.012007986799977614
2020-12-09,-0.08930419180803592,1.0934973406966466,0.04545162210649778,3.1081511022957744,0.01462336308969208
2020-12-10,-0.08930562734750203,1.0934229312079147,-0.023116788131687827,3.106676705886237,-0.007441002176984919
2020-12-11,-0.08930428671010601,1.0934520061189625,0.009021964699229557,3.102715084950784,0.0029077644747302553
2020-12-14,-0.08929711571000735,1.093497457071868,0.014044080263147407,3.0885305224940045,0.004547172242871908
2020-12-15,-0.08919326993407425,1.093269821555259,-0.07116887203932265,3.1312292622627433,-0.0227287324173425
2020-12-16,-0.08919672899902885,1.0933419991342492,0.022629932905829264,3.135968322501095,0.007216250477868583
2020-12-17,-0.0892215768117736,1.0934827038480868,0.04433694426938928,3.153016586594589,0.01406175421274118
2020-12-18,-0.08921338199758105,1.0935428837220669,0.018905959394714955,3.1403823284750536,0.006020273144224305
2020-12-21,-0.08923773550758553,1.0933130848276862,-0.07196388351752603,3.1307118585762708,-0.02298642825285508
2020-12-22,-0.08923397358461477,1.093367532710298,0.01701532426460517,3.12454495085718,0.005445696743756952
2020-12-23,-0.08923571537600844,1.093441806662737,0.02322277151790786,3.127045671137739,0.00742642543799449
2020-12-24,-0.08921862805528065,1.0933099250924538,-0.04138523099061331,3.1395381208284294,-0.013181948872050323
2020-12-25,-0.0892186282530436,1.0933098617698502,-1.987942061987269e-05,3.139529433380538,-6.331974597373724e-06
2020-12-28,-0.08921732799971303,1.0933052695768701,-0.0014528790625263355,3.1668347446460277,-0.0004587795637213557
2020-12-29,-0.08920326565688746,1.0934991654374844,0.06128474188250266,3.1601498152212044,0.019392986239866874
2020-12-30,-0.0892017750407304,1.093463012939965,-0.01143799668795964,3.16440809605252,-0.0036145769890514783
2020-12-31,-0.0892422791734648,1.093696667779513,0.074290846509939,3.181434333478459,0.02335136882385758
2021-01-01,-0.08924227883894387,1.0936967770185095,3.475195495639127e-05,3.1814215561850885,1.0923404629867125e-05
2021-01-04,-0.08934806266345782,1.093464200026173,-0.07309207125223338,3.138336927704296,-0.023290065068220855
2021-01-05,-0.08935704090496421,1.0935061865867841,0.013253627379697264,3.1589658472966753,0.004195558933009429
2021-01-06,-0.08935059891553174,1.0934733366658793,-0.010432989188018382,3.1781073826006496,-0.003282767991143538
2021-01-07,-0.08927685868086449,1.0933196935367733,-0.04948162821119695,3.225592586441943,-0.015340321781238557
2021-01-08,-0.08929178391836688,1.0934034892974227,0.027164082214483187,3.2436741575674946,0.00837447933884153
2021-01-11,-0.08929096952237278,1.0934072780147928,0.0012216553141684017,3.222479681213707,0.00037910411702216855
2021-01-12,-0.08929093709983477,1.0934858028557695,0.02530531138495462,3.2227594408662537,0.007852063379000681
2021-01-13,-0.0892930539652296,1.0935130535162427,0.008801559316054863,3.2308106183000596,0.0027242572703583406
2021-01-14,-0.08930307286739932,1.0934242308884876,-0.02860838897015583,3.219889649552559,-0.00888489733619638
2021-01-15,-0.08932454648307266,1.0933333678427126,-0.029068425141019816,3.1969560349907713,-0.009092532028237206
2021-01-18,-0.08932454661944819,1.093333325719594,-1.3465982249272201e-05,3.196958237273321,-4.212123290280235e-06
2021-01-19,-0.08930157843209485,1.093242551173069,-0.029224840523340845,3.2222271232662427,-0.009069764298215202
2021-01-20,-0.08938066877639254,1.0934259536783586,0.05981590814519677,3.265997691989196,0.018314742931972237
2021-01-21,-0.08937910427023539,1.0933680793392988,-0.018916523911684635,3.2690018868743262,-0.005786635972171852
2021-01-22,-0.0893569783430743,1.093556260383547,0.06131589547197791,3.2573448094704007,0.018823888491543216
2021-01-25,-0.08934548402129787,1.0934655450393918,-0.029655984959333637,3.270580557667239,-0.009067498701357764
2021-01-26,-0.08934419899910075,1.0934907241473795,0.008223501908901198,3.265668301078378,0.0025181681514272777
2021-01-27,-0.08946003798592704,1.093346141321829,-0.046184784401987145,3.1865683027676543,-0.014493580558707598
2021-01-28,-0.08947829048447574,1.093413879410501,0.021746383089634946,3.2132585820866684,0.0067677040406480425
2021-01-29,-0.08935831837963838,1.0935931402819792,0.05656548287572605,3.148998436322549,0.017963007610059065
2021-02-01,-0.08931736325342489,1.093516229109858,-0.02457430676452077,3.2007261027732365,-0.007677728732623705
2021-02-02,-0.08922684484733913,1.0933192257669855,-0.06386544628401225,3.246674848779412,-0.01967103244355451
2021-02-03,-0.08921999937821788,1.0930850152446285,-0.07610403528929055,3.2498577540058853,-0.02341765118657336
2021-02-04,-0.08926849407350802,1.0932224509312272,0.04511315667582494,3.2862379883204986,0.01372790310262373
2021-02-05,-0.08925779170504648,1.0931360613422607,-0.02849055200681505,3.2993428095888646,-0.00863522030024073
2021-02-08,-0.08929500808056973,1.093298496904951,0.05394783438924833,3.323676207385663,0.016231374846132383
2021-02-09,-0.0892960528202218,1.0932616608447878,-0.01223354044077496,3.3209736648014903,-0.00368372100340224
2021-02-10,-0.08929636064714987,1.093241560401812,-0.006672649796200858,3.3196804277507606,-0.002010027754605853
2021-02-11,-0.08929990878279977,1.0933156741396066,0.024638258757761378,3.3250478275536905,0.007409896048288808
2021-02-12,-0.08928320534818063,1.0932089213462435,-0.03565779403925262,3.341979897859306,-0.010669661436950325
2021-02-15,-0.08928320548053421,1.093208876113372,-1.511599242576267e-05,3.341968604509259,-4.52308032019419e-06
2021-02-16,-0.08927767728857867,1.0933788582927013,0.05675649673457883,3.338822849013288,0.01699895421266567
2021-02-17,-0.08927726849800667,1.093275247425028,-0.03459921925553999,3.3395644415297863,-0.010360398746996718
2021-02-18,-0.08927276382286117,1.0933080226068181,0.010902714990550066,3.3253186105360664,0.003278697853494546
2021-02-19,-0.08927604041559647,1.0932543323191204,-0.017823285556573865,3.31921640807918,-0.00536972687685891
2021-02-22,-0.08920502392025052,1.0935346849144536,0.09238998099635864,3.2931364864913277,0.028055314857233733
2021-02-23,-0.08919653423532879,1.0933054047281152,-0.07558793650724738,3.297302165279611,-0.022924176407968823
2021-02-24,-0.08916497281046264,1.0932136856241401,-0.030543499696250365,3.333772473871523,-0.009161842907887496
2021-02-25,-0.08915339087272903,1.0932285928245382,0.004861875810149741,3.253891247288798,0.0014941728043925083
2021-02-26,-0.08910282561991414,1.0935075798136296,0.09032540831952929,3.2359816970474684,0.027912830409993605
2021-03-01,-0.08897949183334566,1.09334659233376,-0.05323897929446275,3.3150007028992663,-0.016060020514596113
2021-03-02,-0.08896874404318182,1.0933897158318784,0.014194391204853218,3.2892523479417988,0.004315385292264107
2021-03-03,-0.08903925495072612,1.0932256377993552,-0.0533253933123774,3.245889406789127,-0.01642859217595079
2021-03-04,-0.08906558227959432,1.0931608624310207,-0.020791721850173417,3.2059355621656533,-0.006485383578991315
2021-03-05,-0.08912535018399946,1.093263183100497,0.033342529511912744,3.2647340892918764,0.010212938818286658
2021-03-08,-0.08912111933349988,1.0932894437422613,0.008534941831555898,3.2486515840744925,0.0026272259768932455
2021-03-09,-0.08916815930036401,1.0933960225544324,0.035058752087365974,3.2941141909656935,0.010642846621260645
2021-03-10,-0.08915581876929987,1.0933319304366995,-0.021229243927734842,3.314423845636996,-0.006405108373716402
2021-03-11,-0.08905778565807772,1.0930322490387137,-0.10027076375610022,3.3493996753761626,-0.029936936010731257
2021-03-12,-0.08906495900457816,1.0932063417979905,0.05838182496944455,3.354086702138263,0.017406176451021844
2021-03-15,-0.08911691238170032,1.0934997752571831,0.09893259841237523,3.373519545399074,0.029326226536112124
2021-03-16,-0.08912857186858983,1.0931922298945975,-0.10363998726035106,3.3697116433865753,-0.030756337107881556
2021-03-17,-0.08912863591080773,1.0931928808076188,0.00021997941144036304,3.3807259349411676,6.506869106625504e-05
2021-03-18,-0.08907163604391306,1.093315079309885,0.0407598143250425,3.3310695999338598,0.012236254182696095
2021-03-19,-0.08907673451073733,1.0932291170604098,-0.028587167153943938,3.3251349103792127,-0.008597295425430944
2021-03-22,-0.08907574780000153,1.09322507679872,-0.0013529933613654066,3.351423284152491,-0.0004037070959562639
2021-03-23,-0.08919015147824859,1.0927376207526927,-0.16227259813098271,3.3268003465558516,-0.04877737802900593
2021-03-24,-0.08910897087676727,1.0931916832513169,0.150294925970627,3.3083941347038186,0.045428361873239155
2021-03-25,-0.0891252636759706,1.0932852358729919,0.03110683414280402,3.326999510445768,0.009349816266920991
2021-03-26,-0.08905324810676744,1.0931419383315661,-0.0483773004403929,3.381279433986874,-0.01430739499200488
2021-03-29,-0.08905087529782413,1.093252191934045,0.03725694758657028,3.379172234782896,0.011025465705202195
2021-03-30,-0.08904269645194667,1.0933512245873171,0.03338573375111764,3.370539010091612,0.009905161652530529
2021-03-31,-0.0890350773660273,1.0932877585500727,-0.02146752678197572,3.3839149994292717,-0.0063439911420932315
2021-04-01,-0.08907343686224267,1.0934068832078745,0.040696853733948046,3.4197639609559163,0.011900486173487886
2021-04-02,-0.08907343672762796,1.0934069313900483,1.6476252369557187e-05,3.4197319910333177,4.8179952150515364e-06
2021-04-05,-0.08903794070607066,1.0933249571269208,-0.028399942831072167,3.469066098277388,-0.008186624880158536
2021-04-06,-0.08903903393174714,1.0932695654925593,-0.019204700504474204,3.4670656109826004,-0.005539180003874055
2021-04-07,-0.08903872263292306,1.0932607176953308,-0.003070971003808154,3.4714295645850415,-0.0008846415998577934
2021-04-08,-0.0890050745211353,1.093026516697846,-0.08165869795601566,3.48832924729056,-0.023409114268511565
2021-04-09,-0.08901720480354915,1.0930837426628177,0.020092427879149,3.513396331502141,0.005718804821134013
2021-04-12,-0.08901676312742635,1.0930423177910997,-0.014559432996634314,3.514957053303908,-0.004142136810163605
2021-04-13,-0.08903432715425467,1.0932667224036818,0.07906994549898627,3.5245218704824346,0.02243423318243255
2021-04-14,-0.0890467067189221,1.0931416523666189,-0.04394953206303853,3.51319062360789,-0.012509862621090662
2021-04-15,-0.08905151041701195,1.0931569295396466,0.005419636617205015,3.550907566514301,0.0015262680077378432
2021-04-16,-0.0890532391042978,1.093174109004288,0.0061195206538968705,3.56331903324982,0.0017173653542651617
2021-04-19,-0.08904771125572825,1.0932112489868615,0.013173804179984927,3.54576744632867,0.003715360462690592
2021-04-20,-0.08903119985681225,1.0932856206360073,0.026192309569978534,3.5197811910279215,0.007441459610257562
2021-04-21,-0.08901786891372697,1.0932371051996106,-0.017222420627035717,3.552850888193032,-0.004847493229808747
2021-04-22,-0.08892743756642582,1.0935636485523614,0.11503556967352324,3.5202469757484964,0.032678266742651965
2021-04-23,-0.08886709034618821,1.0933700688710757,-0.06880660892801416,3.5577750329399773,-0.01933978632458827
2021-04-26,-0.08887241991706019,1.0934571683034533,0.03104784121387638,3.565451357399996,0.008707969370957044
2021-04-27,-0.08887238323230656,1.0934602236469884,0.001089004332584409,3.5643332451400616,0.0003055282033657367
2021-04-28,-0.08887079207684981,1.0935557336485597,0.03402674572595288,3.5626618485273873,0.009550933311287375
2021-04-29,-0.08879735026059424,1.0931747842510544,-0.13654376067506746,3.5864390152701264,-0.03807223825463073
2021-04-30,-0.08876900988033393,1.093318082000393,0.05107908999485744,3.5627537885983047,0.014336968824038078
2021-05-03,-0.08876062518275461,1.093186907231449,-0.046829385519060907,3.5708352319025467,-0.013114406708177945
2021-05-04,-0.088757875045342,1.0932019128889576,0.005328140399910808,3.5491099056612576,0.0015012610320722338
2021-05-05,-0.08875776665403833,1.0931591677639478,-0.015172572101448623,3.549761649957664,-0.0042742509491107885
2021-05-06,-0.0887536370019007,1.093141689278075,-0.006250430446527844,3.578647936989685,-0.0017465899290964144
2021-05-07,-0.0887783892915269,1.0932621123023347,0.04337518274036256,3.604168279925902,0.012034727396594898
2021-05-10,-0.08875517489436911,1.0933417006462436,0.028425829783486734,3.568882934750722,0.007964909553827159
2021-05-11,-0.08879590494256732,1.0931874326501767,-0.054611690285980785,3.5376027228043574,-0.015437485372209505
2021-05-12,-0.08881474428477827,1.0931585837479831,-0.010006219854915344,3.462187503282576,-0.002890143831155368
2021-05-13,-0.08880705505887249,1.0931368356671467,-0.007610819063359031,3.503299711688634,-0.0021724715809971398
2021-05-14,-0.0888502058621428,1.0932325178646314,0.033989167822085165,3.557056916083313,0.009555418601373055
2021-05-17,-0.08884925932752732,1.0932453217699811,0.004544119710431005,3.5484603490609463,0.0012805891184985473
2021-05-18,-0.08883933702711293,1.093283258428954,0.013354692371706278,3.5178337713263454,0.0037962829513320338
2021-05-19,-0.08884539109714945,1.09320960188067,-0.02584745135538924,3.508550740364579,-0.007366988043816459
2021-05-20,-0.08881131836653174,1.0931009655645687,-0.038485796586883225,3.5459874055720073,-0.010853337077962644
2021-05-21,-0.08880623576122505,1.0933020519842718,0.07125148794267488,3.5432642055719628,0.020108996622557333
2021-05-24,-0.08879450978673192,1.0932621544187742,-0.014266832041585076,3.5790267670022207,-0.00398623228334638
2021-05-25,-0.0887987650961935,1.093196375235576,-0.023495896184044796,3.5714782324171397,-0.006578759453377101
2021-05-26,-0.08879948794658242,1.0932106143345213,0.005093719909666561,3.577980482728459,0.0014236298756393005
2021-05-27,-0.08880039847235695,1.0932998045906475,0.03192351207434285,3.5795557513599023,0.008918288830175322
2021-05-28,-0.0887976838442165,1.0932498788388165,-0.017902273649610834,3.5865198254583834,-0.0049915445949954545
2021-05-31,-0.08879768389508166,1.0932498604650256,-6.5894865883819875e-06,3.586516699128067,-1.837294272178904e-06
2021-06-01,-0.08879783432381538,1.0932439925977275,-0.0021029236759773084,3.583731320479999,-0.0005867972478739411
2021-06-02,-0.08879661686932017,1.0932178952324596,-0.009366618562410167,3.5897678047028885,-0.0026092547128366166
2021-06-03,-0.08879793173867802,1.0932064521285532,-0.004093287370778853,3.576118301070465,-0.001144617438845236
2021-06-04,-0.08881024139372803,1.093253481717371,0.016957460965159044,3.608537080798668,0.00469926194063271
2021-06-07,-0.08881021280019702,1.0932545211501956,0.0003747708101400349,3.605449755377365,0.00010394564771872946
2021-06-08,-0.08881001038531919,1.093137471345152,-0.04220576535590226,3.6060071293454734,-0.011704293375471787
2021-06-09,-0.08881173506654849,1.0931021231473212,-0.0127276115452446,3.6003435728685065,-0.0035351102714633736
2021-06-10,-0.08884422153849421,1.093348624004982,0.08912108869810709,3.6169696471073385,0.02463971152464092
2021-06-11,-0.08883919366129328,1.0932440832831567,-0.0378708723239356,3.623274088426907,-0.010452113585582411
2021-06-14,-0.08883068552525067,1.09312285905237,-0.04402221357088365,3.6323715190057926,-0.012119413815614561
2021-06-15,-0.08882037802798914,1.0932845401531732,0.0586126196539567,3.6247543959578645,0.016170094095014662
2021-06-16,-0.08882850199740897,1.0932347965851166,-0.017939188733635092,3.604890914264733,-0.004976347179507937
2021-06-17,-0.08882772379126282,1.0932928896209382,0.0209340229369559,3.6035936014910988,0.005809207488961518
2021-06-18,-0.08890169140378303,1.0931066067537811,-0.06630879320778149,3.5558037773312186,-0.018648046225303538
2021-06-21,-0.08894732767085675,1.09321892884524,0.04045038464812478,3.6055906710807135,0.011218795570047468
2021-06-22,-0.08885616183463572,1.0926183623931287,-0.21758221352160945,3.624674493748756,-0.06002806980236696
2021-06-23,-0.08883800400295008,1.0931512586486787,0.19295701462056059,3.6207641993561195,0.0532917925599447
2021-06-24,-0.08885126649350104,1.0932326510972592,0.0296238954100545,3.641474891168211,0.008135136529954474
2021-06-25,-0.08884883543757485,1.093209296379203,-0.008533075077593821,3.6549281347422347,-0.002334676569008824
2021-06-28,-0.0888513248208207,1.0932527078608958,0.015896246579529816,3.6625346467655397,0.004340231045614305
2021-06-29,-0.08885134332516466,1.0932545611513542,0.000679017313359509,3.664144587969975,0.00018531400632738158
2021-06-30,-0.08885054364167722,1.0932207174899065,-0.012410683332518602,3.6674975387239037,-0.0033839650065141877
2021-07-01,-0.08885223173100207,1.093231353257862,0.003920753957117995,3.6881829226582536,0.0010630584326582469
2021-07-02,-0.08885268172187205,1.093233462470109,0.0007833339485046054,3.7162211354290178,0.00021078776530185513
2021-07-05,-0.08885268171998013,1.0932334631928031,2.6855531132241595e-07,3.7162031919905933,7.226604613580444e-08
2021-07-06,-0.08889373631084568,1.0925036162280217,-0.27074278434974985,3.7092172898179343,-0.07299189106363708
2021-07-07,-0.0889612027396042,1.0932141614590087,0.2643817359810896,3.7219845246101597,0.07103246513599648
2021-07-08,-0.08897564385137617,1.0931515408248889,-0.023135008517101596,3.6923606455326468,-0.006265641614692332
2021-07-09,-0.08899973824630332,1.093233022943213,0.0303776189497853,3.731320407430054,0.00814125179100014
2021-07-12,-0.08900856743843534,1.0933216957838792,0.03319554684821924,3.744801082943846,0.008864435283201666
2021-07-13,-0.08902179893561693,1.0931873524562425,-0.05014920738443607,3.7321260071336684,-0.013437168865300839
2021-07-14,-0.08901989747945979,1.0931347198660666,-0.019667169109311544,3.737253992576192,-0.0052624652079786595
2021-07-15,-0.08904113272034825,1.0929087125677364,-0.08420980604535089,3.7252344697610766,-0.02260523645663351
2021-07-16,-0.08898583967849555,1.0931540878900445,0.09074786096618936,3.696271655934753,0.024551188173759935
2021-07-19,-0.08897504220094288,1.0931787747567012,0.008998921050135777,3.641059743117649,0.002471511506271103
2021-07-20,-0.08913542688209715,1.0935785663308821,0.14745289106792825,3.692502189192147,0.03993305447442085
2021-07-21,-0.0890586559557906,1.0932531514223829,-0.12108389288795252,3.7234883482599024,-0.032518939650915964
2021-07-22,-0.0890617082180622,1.0933060785806605,0.01974504153389489,3.7313869931863968,0.005291609144253816
2021-07-23,-0.08901949881446924,1.093153947068686,-0.05728755571919919,3.7686638519167426,-0.015201025607540651
2021-07-26,-0.08902875608157824,1.0932886605309409,0.05088585849210858,3.778233939046523,0.013468159810387539
2021-07-27,-0.08904547361118119,1.0931575466624197,-0.04933212055692593,3.761463344429141,-0.013115140582185528
2021-07-28,-0.08904545734995477,1.0931584481417835,0.00033890182174900474,3.75941653319553,9.014745207308429e-05
2021-07-29,-0.08906260349791459,1.0933035788372651,0.05477577963881686,3.7756299596262024,0.01450771930103018
2021-07-30,-0.08908908336644293,1.093114811190477,-0.07094611630378722,3.757178410356234,-0.018882818049904774
2021-08-02,-0.08908821811959473,1.0931292062566635,0.005398071079298461,3.749542871809909,0.0014396611170611326
2021-08-03,-0.08906564358245245,1.0930281141138511,-0.038186309311754485,3.77983191948508,-0.010102647452365169
2021-08-04,-0.08906244389131088,1.0930514401196354,0.008777380975743654,3.761742819653521,0.0023333282992887066
2021-08-05,-0.08905680504923376,1.093018611562246,-0.012420008822175532,3.7852281207993443,-0.00328117841932146
2021-08-06,-0.08905740713598846,1.0930318404262243,0.005015162371591941,3.7917362585083567,0.0013226559100302173
2021-08-09,-0.08904902385866177,1.0933169669171159,0.10801144664310414,3.7881014483189923,0.028513345832127935
2021-08-10,-0.08904606143148618,1.0932254302891602,-0.03471366667571374,3.792853629459322,-0.009152387639240967
2021-08-11,-0.08904274941060769,1.0931740154835539,-0.019543444032649404,3.8019830237851204,-0.005140329115197532
2021-08-12,-0.08899288929313216,1.0925377648724535,-0.2425434172790233,3.8130661238982593,-0.06360850019329349
2021-08-13,-0.08902418507554846,1.093136577466813,0.22873910914216822,3.820607991333076,0.05986981906048864
2021-08-16,-0.08903643189707316,1.0933294573809937,0.07385165542541472,3.829736462053461,0.01928374345262815
2021-08-17,-0.08907671476431975,1.0931131922310737,-0.08231382598131631,3.804491035451694,-0.021635962659468714
2021-08-18,-0.08908673239466271,1.0930804099453018,-0.012347326329916086,3.7636103908515315,-0.0032807132108917513
2021-08-19,-0.08908919575207352,1.0931471472121241,0.025148909505617212,3.768918754516447,0.006672712027947077
2021-08-20,-0.08910177750403515,1.093204888233949,0.021920433065645284,3.7987376501008123,0.0057704519460730725
2021-08-23,-0.08906367061139568,1.0930475048664638,-0.0602733219910192,3.8323621634440106,-0.01572745983298553
2021-08-24,-0.08907064481955371,1.093217214679215,0.06513085206177038,3.838395954518756,0.016968247370387886
2021-08-25,-0.08908344425357259,1.0934824787764499,0.10198831936219221,3.8454748434200563,0.026521645184262
2021-08-26,-0.08909382802797347,1.0934193765923743,-0.02413323822958091,3.823025241371871,-0.006312602377932727
2021-08-27,-0.08907155419871743,1.093326954738964,-0.0356222518762479,3.856948854279746,-0.009235863171149068
2021-08-30,-0.0890518680197138,1.0931669586834942,-0.061969447882177064,3.8746319449942743,-0.01599363468889911
2021-08-31,-0.08901787697013736,1.0938556693345323,0.266413775292051,3.8680085407380576,0.06887621174725131
2021-09-01,-0.0890000066406341,1.0931793000896535,-0.26186562719180984,3.8721093907105275,-0.06762867490780207
2021-09-02,-0.08900095018689572,1.0931912609328698,0.0046439893246770225,3.8836615204824545,0.0011957760222369006
2021-09-03,-0.08900173700762352,1.0931308881244535,-0.02343727096223347,3.882166745306445,-0.0060371623631491934
2021-09-06,-0.08900173705656006,1.0931308691576314,-7.362893825302308e-06,3.882167192944116,-1.8965936960892495e-06
2021-09-07,-0.0889484728401847,1.0936431566002265,0.1981864994560283,3.867821786736492,0.05123982189035908
2021-09-08,-0.08895988209098094,1.0932507694171343,-0.15162561302605582,3.8640978802890147,-0.0392395890899935
2021-09-09,-0.08895605132206232,1.093281089752795,0.011666761674291592,3.846772725332072,0.003032870020488268
2021-09-10,-0.08893159613311266,1.0933935011593103,0.0429303454261003,3.817064698182391,0.011246952519967206
2021-09-13,-0.08893018097576331,1.0933707860122732,-0.008688952523129956,3.826011210618921,-0.0022710211875527605
2021-09-14,-0.08895254993298547,1.0932189170518516,-0.05782318422910748,3.8061666419302145,-0.01519197388577388
2021-09-15,-0.0889435803694839,1.0931795840973577,-0.015085926504411873,3.837948058151644,-0.003930727116634626
2021-09-16,-0.08895143401670744,1.0930234372252534,-0.05982944979621152,3.831313507198565,-0.015615910753270222
2021-09-17,-0.08890187329464426,1.0932023138040106,0.06790783441527992,3.793783948670767,0.01789976322691567
2021-09-20,-0.0891741610047297,1.0926204315737222,-0.21741043364659163,3.731866938049546,-0.0582578203498919
2021-09-21,-0.08916073532035693,1.0930596598032045,0.1637585153789587,3.728216977600676,0.04392408391540205
2021-09-22,-0.08922256705294286,1.0932893098251029,0.08637762510181801,3.764192404879537,0.022947186490745362
2021-09-23,-0.08918749542204292,1.0931842582185545,-0.03998340179828119,3.809651072668016,-0.010495292360273715
2021-09-24,-0.08919960171246423,1.0934608743063898,0.10553752909885361,3.8159511472222727,0.027656939260262033
2021-09-27,-0.08922708793088517,1.0931243643054143,-0.12806761014428503,3.8051433480349934,-0.033656448241409925
2021-09-28,-0.08920974432141919,1.0931546497924944,0.011310654093108496,3.7291809709958117,0.0030330129272562994
2021-09-29,-0.0892164764417046,1.0933153435639735,0.06000944973197875,3.7350195733039224,0.016066702879121892
2021-09-30,-0.08909803685878923,1.0936372943633919,0.11883909406236626,3.687743931749304,0.03222541918901462
2021-10-01,-0.0890751968029757,1.093569620369519,-0.025230648563137947,3.7318753854486824,-0.0067608496954419265
2021-10-04,-0.0893433501958504,1.0928194693367252,-0.27675626851123525,3.6859687084341655,-0.07508372707504724
2021-10-05,-0.08956991611087368,1.0936454337583716,0.3071601283605787,3.7217752132064796,0.08253054275568303
2021-10-06,-0.0895439755577066,1.093435812096149,-0.07833244824303165,3.738295599042728,-0.020954054105055357
2021-10-07,-0.08946196797391505,1.0930936899285486,-0.12890583753721785,3.770451524885909,-0.03418843517451625
2021-10-08,-0.08943699493931923,1.0935411716141765,0.16841800627298653,3.763326230843035,0.04475243333747834
2021-10-11,-0.08947850362940932,1.0933434010303429,-0.07392369251863329,3.7359497550309078,-0.01978712171358464
2021-10-12,-0.08951245126729981,1.0927761154592648,-0.2115336613919112,3.7284736032625028,-0.05673465441912053
2021-10-13,-0.089546207931228,1.0931575244959135,0.1426222040016114,3.740441705625586,0.038129775899757794
2021-10-14,-0.0897082011443037,1.0935049039369125,0.13194717749047413,3.803287550705628,0.03469292703518929
2021-10-15,-0.08968052344288742,1.093375312829665,-0.04963995029834223,3.8328651825921587,-0.01295113392555353
2021-10-18,-0.08966751558148471,1.0932162496182924,-0.061136007964933015,3.8445322771300265,-0.015902066508483453
2021-10-19,-0.08968532968820947,1.0933007143354099,0.03270568023197029,3.8744457283664606,0.008441382980930183
2021-10-20,-0.08968072148138885,1.0932562728124822,-0.01727987372004236,3.8894785643212875,-0.004442722445767661
2021-10-21,-0.08969089848798101,1.0934144593765687,0.06166351561853389,3.89900641810576,0.01581518700051067
2021-10-22,-0.08969747426738779,1.0931956674308698,-0.08522319569630099,3.8950764871904706,-0.02187972328054916
2021-10-25,-0.08970436045597077,1.093245476659445,0.019493686665214227,3.9152710869604124,0.0049788855566443
2021-10-26,-0.08970901595093317,1.0934443060522052,0.07791239772592462,3.9189995503532056,0.019880685548663218
2021-10-27,-0.08972405286041515,1.093320012828775,-0.04851157660590388,3.901989560877623,-0.012432523421460107
2021-10-28,-0.08967662462980946,1.0931384636659731,-0.07148121729977674,3.9401402261715894,-0.01814179526529973
2021-10-29,-0.08968211535282333,1.093259088841735,0.0476042219233932,3.9471261727871916,0.012060476366727932
2021-11-01,-0.08967927681990469,1.0932067167383737,-0.02071153118043867,3.9554433858133295,-0.005236209739399394
2021-11-02,-0.0896862003577019,1.0932750159426488,0.02711163523679261,3.970770762725714,0.0068278016679517335
2021-11-03,-0.08970613560313861,1.0934011280433575,0.05035519868397387,3.994697412354269,0.012605510126559775
2021-11-04,-0.08969345842656315,1.0932969390897322,-0.04180002213848866,4.013382442526349,-0.010415160463047307
2021-11-05,-0.08970471395834057,1.0934256598496228,0.051822041001571506,4.027021198675271,0.012868579141976923
2021-11-08,-0.08969937903984285,1.0932443816942385,-0.07307988154991563,4.031877232098613,-0.018125522515445535
2021-11-09,-0.08969734186921978,1.093265758185005,0.008590155329898153,4.017763431557406,0.0021380440825427964
2021-11-10,-0.08966199661850904,1.0934280472199833,0.0647111497596029,3.985433632715365,0.01623691565916599
2021-11-11,-0.08966253597599874,1.0935150051298772,0.03466550229546783,3.986743464738431,0.0086951926057129
2021-11-12,-0.08964749857329296,1.093437714641633,-0.031025983005861235,4.016380106534253,-0.007724862234872897
2021-11-15,-0.08964522979412384,1.0932086137136685,-0.09205090597276921,4.018232389580385,-0.022908308193290403
2021-11-16,-0.08966319424680368,1.0933913895263891,0.0737017949244887,4.033564053540786,0.01827212706831592
2021-11-17,-0.08965916418249709,1.0934521770436039,0.02446265061126951,4.023836891254921,0.006079433951320105
2021-11-18,-0.08964314015401008,1.0932718199237326,-0.07280403445616912,4.037768502948315,-0.0180307599118198
2021-11-19,-0.08962928111668003,1.0935380612761192,0.10730858683035649,4.030191862663331,0.026626173265965104
2021-11-22,-0.08965707698026257,1.093155382039523,-0.15383911300449427,4.019538512594234,-0.038272829709798104
2021-11-23,-0.08965992399052279,1.0932443904991518,0.035819141743672844,4.024775540299201,0.008899661952579362
2021-11-24,-0.08966895694879912,1.0933887506083748,0.058232541616121125,4.034682584747961,0.014432992036660748
2021-11-25,-0.08966895684550841,1.0933887925889403,1.693701449312357e-05,4.034678891949072,4.197859345614897e-06
2021-11-26,-0.09023283304406265,1.092434881882487,-0.37704663355305,3.946975947119656,-0.09552797853460532
2021-11-29,-0.090467924067097,1.0931707304324316,0.29369067272693883,3.99462559455119,0.07352145170439583
2021-11-30,-0.09038835897085143,1.0933225293193634,0.05955361062075326,3.918184081915059,0.01519928859280285
2021-12-01,-0.09044631817101435,1.0931412131184108,-0.07028014345502243,3.873122670558437,-0.018145602252481522
2021-12-02,-0.09051273799411101,1.093302949289737,0.06352763817676532,3.932223294882352,0.016155653789916832
2021-12-03,-0.09054611372358687,1.0931665117798113,-0.05320589812220078,3.8974139907062515,-0.013651590066920072
2021-12-06,-0.09057742583515946,1.0932643019470634,0.038534551688599095,3.943980950990882,0.009770471046245219
2021-12-07,-0.09070430690481701,1.0934985991746928,0.09417178296001794,4.025040914709648,0.023396478434756767
2021-12-08,-0.09069063690833766,1.0933086150673876,-0.07666492508388956,4.036271903465665,-0.018993994190050163
2021-12-09,-0.09067723636582488,1.0933815262311144,0.029240443308538033,4.008793215465279,0.00729407623115433
2021-12-10,-0.09069007476666288,1.0934331278766116,0.020869305641951996,4.047036737933893,0.005156687965379396
2021-12-13,-0.09068476560229721,1.0934553836390286,0.008931914923550721,4.011131252138968,0.002226782012876718
2021-12-14,-0.09073713277578804,1.0931722824233634,-0.11282955663813254,3.9838442969231807,-0.02832177872144088
2021-12-15,-0.09077472453489285,1.0932641243075065,0.0371203690827997,4.046128733046916,0.00917429264660257
2021-12-16,-0.09081057688576268,1.0931165964345717,-0.0591846495681807,4.009542791974438,-0.014760947229855135
2021-12-17,-0.09066782421161225,1.0936229543456717,0.20105296426555697,3.967963361066652,0.050669057642586376
2021-12-20,-0.09080324691340924,1.0931669749727908,-0.1791010988722519,3.9250744644626483,-0.04562998753114643
2021-12-21,-0.09083563571401483,1.0932357255988614,0.027429866857801244,3.9947505168134976,0.006866478079757855
2021-12-22,-0.09083033868166454,1.0932157179766286,-0.008067377512588791,4.035039922499061,-0.001999330283600352
2021-12-23,-0.09082454838654633,1.093179445118378,-0.014719727909266567,4.05988000629771,-0.0036256559027442285
2021-12-24,-0.09082454841172419,1.0931794347030777,-4.228275201967335e-06,4.059867801368566,-1.0414810059928553e-06
2021-12-27,-0.0908482387175218,1.0932439707298658,0.026549105595506717,4.117775430732913,0.00644743892475489
2021-12-28,-0.09084870719692383,1.0932225234849378,-0.00882476721835701,4.114637691645025,-0.002144725217551022
2021-12-29,-0.09084349370262985,1.09304213645348,-0.07430325313356434,4.1196105261060065,-0.018036475211116197
2021-12-30,-0.09084269034827809,1.093052723306938,0.004349631650882202,4.107977972175599,0.0010588254563056048
2021-12-31,-0.09082215969126138,1.093330303635205,0.11373153538147562,4.0967227048473,0.02776158983055086
2022-01-03,-0.09079406708027367,1.0931509283089977,-0.07390398326083414,4.121871965178948,-0.017929713461545052
2022-01-04,-0.09079298096290657,1.0932343923676786,0.03438788969589268,4.1201711122418585,0.0083462285325285
2022-01-05,-0.09098243462292062,1.0928626096994758,-0.15042999306820093,4.041324364339014,-0.03722294463557734
2022-01-06,-0.09095720180569186,1.0935217157190626,0.26601706041600437,4.035858298700523,0.06591337968968268
2022-01-07,-0.09101263699748058,1.0929356952888554,-0.2357335491362278,4.021881394095771,-0.05861275508578919
2022-01-10,-0.09103602636690888,1.0923083891577219,-0.2519758532523042,4.016631469725269,-0.0627331272862678
2022-01-11,-0.09130920306893013,1.093503754420448,0.48403943621775625,4.051822823587488,0.11946214266821946
2022-01-12,-0.09128109551160402,1.0931347996826788,-0.14990346139154553,4.06390500177409,-0.036886556483506736
2022-01-13,-0.09125263280401277,1.0932116120519453,0.03081255355510848,4.007920668048322,0.007687915033037022
2022-01-14,-0.09125286430024238,1.093253641103782,0.016848865678696257,4.009130122620619,0.004202623802013884
2022-01-17,-0.0912528642693806,1.0932536534840627,4.963182334449812e-06,4.009129751584307,1.2379699939839778e-06
2022-01-18,-0.09132765288201007,1.0930975534852383,-0.06155755788591932,3.9389074461978266,-0.015628079290195048
2022-01-19,-0.09127274269667254,1.0932860935345197,0.07353502484102137,3.897530567520887,0.01886708098040524
2022-01-20,-0.09130736830377319,1.0931737645289559,-0.043331450949835926,3.854673407935751,-0.011241276851270448
2022-01-21,-0.09119932618033001,1.0933668017391591,0.07305269239793688,3.7790176659340013,0.01933113281170163
2022-01-24,-0.09111530392321034,1.0926346367519646,-0.2777388950203772,3.794750753198106,-0.07319028655210276
2022-01-25,-0.09086872921802379,1.0933401599880312,0.26471177635522736,3.748702816501521,0.07061423359301386
2022-01-26,-0.0908731667104343,1.0932741823651733,-0.024680439978965296,3.7402543606361114,-0.006598599346266881
2022-01-27,-0.09089660915664505,1.0931163308045513,-0.05876179901309797,3.721309725440349,-0.015790623019465166
2022-01-28,-0.09084607371479432,1.0930424598054818,-0.028111019282107463,3.81258241790323,-0.007373222713849531
2022-01-31,-0.09072775579735291,1.0928063697942418,-0.09153037823830346,3.8822160029432236,-0.023576838117433843
2022-02-01,-0.09080009618294371,1.0932167223193319,0.1602630715025839,3.9074827843057838,0.04101440245527704
2022-02-02,-0.09081968749055466,1.0932932343034922,0.030160480536210343,3.944724050691531,0.007645777029935225
2022-02-03,-0.09079386489663464,1.0933330036969382,0.015348457257971404,3.85312151541057,0.003983382615000645
2022-02-04,-0.0908373164948329,1.093674716442166,0.13223246094798924,3.871183769221264,0.03415814614623408
2022-02-07,-0.09086324092942549,1.093399084026587,-0.10637083497857702,3.8584180092022327,-0.02756850987241019
2022-02-08,-0.09082640843417933,1.093231829531571,-0.06501583134996736,3.8896688558363097,-0.01671500422263798
2022-02-09,-0.0908604737184968,1.0933180426122584,0.03398957869814012,3.946717762702688,0.008612112834454183
2022-02-10,-0.09091274320873817,1.0932110167664337,-0.041547899763997975,3.8773863769368204,-0.010715439660883445
2022-02-11,-0.09094921937288572,1.0931465337576942,-0.024539292320014283,3.8001200675063873,-0.0064575044693566215
2022-02-14,-0.09094869000317678,1.093152104635061,0.002110503226106175,3.787707004612241,0.0005571981210627546
2022-02-15,-0.09095926973992458,1.0931759492621966,0.009165483309118372,3.848535466047672,0.0023815509535971727
2022-02-16,-0.09095737103922133,1.0931142237824967,-0.023780119767934593,3.853076370063286,-0.006171722925788779
2022-02-17,-0.09076365349904568,1.0934330364374274,0.12041810091625393,3.7712417707365598,0.03193062344892704
2022-02-18,-0.09086655673898894,1.0928792588269864,-0.2075979600662663,3.7471001342735617,-0.055402298478077004
2022-02-21,-0.09086655724931576,1.0928790719968682,-7.000391758538171e-05,3.747102323475608,-1.868214730801637e-05
2022-02-22,-0.09083136023648888,1.0929892624952553,0.04087094756096121,3.706124162954131,0.011027948812266238
2022-02-23,-0.09095862674374477,1.092750833717486,-0.0868974628306205,3.6394685261105635,-0.023876415528034885
2022-02-24,-0.09112768445028957,1.0931330696661892,0.14107234007803982,3.6953903616410786,0.03817522000988044
2022-02-25,-0.09124053880241793,1.0933161534309908,0.06901560162009446,3.776082527426939,0.018277037410811672
2022-02-28,-0.09120116193015322,1.0938489706887944,0.20071505339939222,3.7665124851872993,0.053289363619197234
2022-03-01,-0.0914418515750365,1.093297705018833,-0.2047526394235888,3.710072908939167,-0.05518830611933564
2022-03-02,-0.09137272807457868,1.0931641497098707,-0.050387273368130536,3.7782151350028457,-0.013336263703282366
2022-03-03,-0.0913373686238369,1.0934069201281709,0.09129273212170119,3.7591969316876286,0.024285168822139054
2022-03-04,-0.09145526276950089,1.0929062248704104,-0.18680793246772964,3.7288143183376783,-0.05009848078222609
2022-03-07,-0.09131067919562877,1.093070578066674,0.05961778576755705,3.6189043566874646,0.016473987674581077
2022-03-08,-0.09128719073289603,1.0931733379668278,0.036927966432017456,3.591521952449437,0.01028198265830796
2022-03-09,-0.09149363660886185,1.093441186948374,0.09854884234306382,3.6873150923675113,0.026726449970888886
2022-03-10,-0.09151309860302588,1.0932944551369173,-0.053878391792409275,3.6707632699914146,-0.014677708103071242
2022-03-11,-0.09139192118990037,1.0936126821758758,0.11543953924638117,3.623977537816004,0.03185437493521304
2022-03-14,-0.09145384660417669,1.0933322150836373,-0.10095525419171736,3.5975235223417417,-0.028062430603929003
2022-03-15,-0.09150206111025622,1.0934079963332715,0.027810430979798184,3.6764908955037043,0.007564395443984355
2022-03-16,-0.09135305772075296,1.0931732481414955,-0.0880773620506261,3.758643897288182,-0.023433281911641828
2022-03-17,-0.09142578440043704,1.0933857205958095,0.08075799890934832,3.8045329553851195,0.021226783906560607
2022-03-18,-0.09130935413915289,1.0930046303820127,-0.14646246253943218,3.846541349246562,-0.03807640403192868
2022-03-21,-0.0913096664241846,1.0927318212241404,-0.10493614518361483,3.84669771760095,-0.027279540241352734
2022-03-22,-0.09150972463579955,1.0933620973779903,0.2450485413311867,3.891370517435581,0.06297229735210978
2022-03-23,-0.0913718309985541,1.0937423357797262,0.14618953751659092,3.841265867853767,0.038057646241048
2022-03-24,-0.09119648127379328,1.0933106041146652,-0.16811842217083495,3.898368088070922,-0.0431253330554599
2022-03-25,-0.09119155446416868,1.0932745068972076,-0.014137496714170084,3.918089605298465,-0.0036082627347398667
2022-03-28,-0.09121531491123312,1.0934028742651312,0.05061556610326079,3.9451006401331234,0.012829980961284886
2022-03-29,-0.09125304563759995,1.0935147644170735,0.04465953711940074,3.9949953633311477,0.01117887082656393
2022-03-30,-0.0912507271965962,1.093528340895922,0.005392053063644653,3.970114537239481,0.0013581605802722963
2022-03-31,-0.09126825505975378,1.0934871203545709,-0.016130364089406157,3.9091546174585265,-0.004126304960506538
2022-04-01,-0.09124067188697228,1.093110230279452,-0.14770400844344067,3.919966161120086,-0.03767991925757745
2022-04-04,-0.09132364878039603,1.0934746107314088,0.14395545562751977,3.953199144816339,0.03641492633030704
2022-04-05,-0.0915197086752622,1.092902772071525,-0.22344959898526895,3.90434821086258,-0.05723096069238729
2022-04-06,-0.09138937125967662,1.0933610219971943,0.17722628562870568,3.864822103717631,0.045856259582615466
2022-04-07,-0.09137532502614719,1.093258317468363,-0.03987732783815545,3.88430825275571,-0.010266262418762622
2022-04-08,-0.09139348157997,1.0929980394696093,-0.10086762336788979,3.874887032775603,-0.02603111329819537
2022-04-11,-0.09136961251020218,1.0930465373970666,0.018489917353235796,3.8078183009670994,0.004855777217242687
2022-04-12,-0.09138891102403188,1.0928652934513263,-0.06877725087770159,3.7938688001295944,-0.018128526446500266
2022-04-13,-0.09152726847275856,1.0933067805123116,0.1692372098052033,3.8367163936366766,0.044109908693248455
2022-04-14,-0.09160520672755534,1.0930823859322556,-0.08512136094850575,3.790112792281802,-0.022458793606841245
2022-04-15,-0.09160520693135028,1.0930823119048108,-2.8055896564183058e-05,3.7901069536952807,-7.402402335065796e-06
2022-04-18,-0.09160568216775394,1.0932896275696025,0.07858383134725955,3.7907658631647982,0.020730331068680732
2022-04-19,-0.0916850998702588,1.0934690223415287,0.06900662945963632,3.8513248505897204,0.01791763409650316
2022-04-20,-0.09168864584254038,1.0933189010046211,-0.057772468061045856,3.848353152250926,-0.015012257393075887
2022-04-21,-0.09152806824800498,1.0936979701058693,0.14387056315325708,3.791343171853208,0.03794712233420252
2022-04-22,-0.09213053515798852,1.0929452326256752,-0.2781912418521415,3.687992914518221,-0.07543160963162611
2022-04-25,-0.09224979999344901,1.0937126597490567,0.28443162582317427,3.7080662835263536,0.0767061870190414
2022-04-26,-0.09274258383948737,1.0931385708479424,-0.20727468850208197,3.602190285431657,-0.05754129351255076
2022-04-27,-0.09277695790216399,1.0936032412339756,0.16776862508925205,3.6114255438608818,0.046454958866435594
2022-04-28,-0.09282334263056413,1.0936673214335197,0.023673822472403572,3.7019686202483477,0.006394927915627607
2022-04-29,-0.09380361630259984,1.0927872007447061,-0.3148123998875576,3.566128967575034,-0.088278467422234
2022-05-02,-0.09383284837437646,1.092945145627041,0.0566441327810594,3.588381810966006,0.015785425232052043
2022-05-03,-0.09387499696792478,1.093278392473069,0.12004995654240247,3.603901224948133,0.03331111177835631
2022-05-04,-0.09365848273985385,1.093030681391025,-0.0917569810179657,3.7133090298173173,-0.02471030024195962
2022-05-05,-0.09409782230056714,1.0926162545959655,-0.14891300672462648,3.5829559440640044,-0.04156149532659907
2022-05-06,-0.09390881384666723,1.0935950348013084,0.34864807641054085,3.5603250526098424,0.0979259116116293
2022-05-09,-0.09378121082273357,1.0937209507536612,0.04351010030336511,3.4456553875823395,0.01262752521919906
2022-05-10,-0.09373149719611078,1.0930727923380767,-0.22383676001720687,3.4543857906026134,-0.06479784644382723
2022-05-11,-0.09353632873164916,1.0934527143769592,0.12931513496494063,3.3987925263524885,0.03804737534353674
2022-05-12,-0.09355739943519906,1.092693141637957,-0.257968510308217,3.396137862927868,-0.07595937524332949
2022-05-13,-0.09415860424946583,1.0935212177692335,0.2872396353166664,3.476328868298896,0.08262729051213846
2022-05-16,-0.0942380745269119,1.0928224866763947,-0.2420921812032475,3.463787290708665,-0.06989233485919895
2022-05-17,-0.09469093838998176,1.0935702910868519,0.2637351126126646,3.533129820117406,0.07464631248786116
2022-05-18,-0.09548144056919779,1.0929446856905998,-0.21306110665801725,3.3934170085502493,-0.0627865971441695
2022-05-19,-0.09537669406581574,1.093426962982485,0.16264977747607645,3.3705448881894746,0.048256226477210805
2022-05-20,-0.09537810642026899,1.0937112093652779,0.09582401749298697,3.3713939784305214,0.02842266970459375
2022-05-23,-0.09519476679032465,1.093400648985969,-0.10649699411567326,3.43536305437306,-0.031000215240746525
2022-05-24,-0.09518564321546641,1.0934402456937855,0.013512989201501568,3.410533086603389,0.003962134029598111
2022-05-25,-0.0953263631975755,1.0939859786084403,0.18752386453968484,3.4389723821574423,0.05452904056822974
2022-05-26,-0.09511630142856993,1.093639615802304,-0.12126172986563688,3.507347813565275,-0.034573625517445444
2022-05-27,-0.09507665866921088,1.0935865409011498,-0.019040494145940556,3.595269506245636,-0.005295985214144241
2022-05-30,-0.09507665871785718,1.0935865215008023,-6.974373093271424e-06,3.5951418596278555,-1.9399437812429923e-06
2022-05-31,-0.09510470373581133,1.093421682308584,-0.05895809820276554,3.575191990368642,-0.01649089010089394
2022-06-01,-0.09502561273688938,1.0937288032807415,0.10895598818365215,3.5452717533091773,0.0307327606358954
2022-06-02,-0.09492760991172922,1.0935545684074635,-0.0628417797170755,3.6126282006549912,-0.017395031048498683
2022-06-03,-0.0950478897688132,1.093311031426535,-0.08667155273849403,3.5541355686915517,-0.024386113321614795
2022-06-06,-0.09507189966633053,1.093613099236023,0.10762137865975774,3.5638139684711443,0.03019837163552246
2022-06-07,-0.09491670729041941,1.0930773991961695,-0.19261265262201732,3.598650943531034,-0.053523571928602715
2022-06-08,-0.09487528473234462,1.0932013758371175,0.04416597857760962,3.5592968177022635,0.01240862474799766
2022-06-09,-0.09484078600917421,1.0932483958557309,0.016376114545778364,3.4756987362768346,0.004711603561855434
2022-06-10,-0.09500411428504148,1.0930751986917584,-0.058592544651048684,3.373843301985949,-0.017366705980849582
2022-06-13,-0.09484731549012722,1.0931968455454029,0.03961465679918774,3.24400365696076,0.012211656023933676
2022-06-14,-0.09486330214423216,1.0930127390861675,-0.05958443730531826,3.23571803551916,-0.018414595045441944
2022-06-15,-0.09482473857068832,1.0929300547665264,-0.0270970156057615,3.2820648190336263,-0.008256087889738865
2022-06-16,-0.09482545882881965,1.0929294129580438,-0.00020443759552790652,3.1744184797724646,-6.440158940309601e-05
2022-06-17,-0.09475292949326475,1.092073292074172,-0.27237833477948925,3.1825680675938504,-0.0855844490972406
2022-06-20,-0.09475293073459339,1.0920728919916025,-0.00012732304605833633,3.182563041634411,-4.000644901379529e-05
2022-06-21,-0.0955466068776763,1.09305899191734,0.3207028559720584,3.26060079872885,0.09835698258341986
2022-06-22,-0.09551599249840613,1.0934807318238826,0.13724027518520643,3.253594365500595,0.04218112639990718
2022-06-23,-0.09533419311135272,1.0929477136875476,-0.17505161599700614,3.2877839035290775,-0.05324304185841026
2022-06-24,-0.095421321149235,1.093036224084159,0.029916436350163167,3.3902218416435614,0.008824330013654753
2022-06-27,-0.09540407289611691,1.0931772469181125,0.04764261130969771,3.3773185835899717,0.014106638189594563
2022-06-28,-0.09444826533062697,1.0945240654856931,0.44597510308517485,3.3044489458533355,0.13496201950549638
2022-06-29,-0.09443160813646528,1.0932149772625606,-0.43274803707589626,3.306029439188989,-0.13089660725527444
2022-06-30,-0.094561239114955,1.0927216731520648,-0.16192236920250025,3.2799538163834487,-0.04936727108585923
2022-07-01,-0.09460632603097412,1.0928580735674382,0.04514988070684467,3.3136180534030655,0.013625553693635878
2022-07-04,-0.09460632586202514,1.0928581323249271,1.946890716908456e-05,3.3135861985229504,5.875479315360178e-06
2022-07-05,-0.09462836872119502,1.0932628418395545,0.1343116496110497,3.3194463506362357,0.04046206367676534
2022-07-06,-0.09462215385039725,1.0932083859615043,-0.018134451262199036,3.3314488624066527,-0.005443412764588748
2022-07-07,-0.09469354877466259,1.093361998448661,0.0518511540328177,3.380340343230254,0.01533903357886997
2022-07-08,-0.09469837523771521,1.0931378922044663,-0.07571053559769325,3.3782997759456688,-0.022410839954692896
2022-07-11,-0.09473105916744419,1.0930492440510615,-0.029640749894667806,3.340138091647247,-0.008874109118060431
2022-07-12,-0.09464833508914806,1.0933210159328148,0.09001627772079246,3.3093359860085974,0.027200706758506388
2022-07-13,-0.09472730336064178,1.0928142792908413,-0.16698567481353166,3.2939325133697674,-0.05069492897494173
2022-07-14,-0.09470512946438038,1.093060938572844,0.08105136300025606,3.285241926605904,0.024671352920420383
2022-07-15,-0.09481607671154701,1.0932441327566038,0.06120649109271881,3.3473975858580136,0.018284798719847974
2022-07-18,-0.09475817166886512,1.0934569307645228,0.07069520082740155,3.3196321312186763,0.02129609487827451
2022-07-19,-0.0945059880739665,1.093161697399102,-0.10040697021509004,3.4098211361831097,-0.029446403844948812
2022-07-20,-0.0944585260179942,1.0929230223345199,-0.08184919652524059,3.4315058178543736,-0.023852268033285353
2022-07-21,-0.09448988946840611,1.093023579853009,0.034821601976716465,3.466191911122687,0.010046068674090776
2022-07-22,-0.09442416985500493,1.0932506205726147,0.07804109550664862,3.4346082019349837,0.022721979020105396
2022-07-25,-0.09442542081820861,1.0932951396142678,0.015303603002848831,3.4380100657642267,0.0044512967414617015
2022-07-26,-0.09437263973191362,1.093432376659318,0.04666719079716586,3.3968238712980736,0.013738478227112877
2022-07-27,-0.09407751269481494,1.0930665071952748,-0.12722967494482873,3.485861513643628,-0.03649877496476926
2022-07-28,-0.09410172224662348,1.0931295786756707,0.022237203708527886,3.5297866910859135,0.006299871820777581
2022-07-29,-0.0942027908216751,1.0933599451367317,0.0823984723761555,3.5814771598143924,0.023006840110750767
2022-08-01,-0.09422333908795652,1.0931406786334545,-0.07830883378449016,3.5706522113348282,-0.02193124089092276
2022-08-02,-0.0942027454709755,1.093243786988252,0.03659736520728529,3.547599544683525,0.010316092542668898
2022-08-03,-0.09419059157289875,1.0932176431113567,-0.009406885546866306,3.6030237411663206,-0.002610830852816207
2022-08-04,-0.09419553633894186,1.0930292131397055,-0.06783856452130976,3.600130777010021,-0.01884336117857669
2022-08-05,-0.0941725839644532,1.0933811888932703,0.12646934981825098,3.5926659001181287,0.0352020904070408
2022-08-08,-0.09417164115946657,1.0934128775635268,0.011374838417623323,3.589454759152285,0.00316895996212798
2022-08-09,-0.09420364334613004,1.0931511849686817,-0.09358952189558067,3.5752818137981923,-0.026176823749777662
2022-08-10,-0.09419985792164909,1.09314504359068,-0.0022377640966624313,3.6502038216716968,-0.0006130518201138682
2022-08-11,-0.09419888013325338,1.0935329972291776,0.14160076731178606,3.6501114438400086,0.03879354630411462
2022-08-12,-0.09384302084026568,1.0928143923438345,-0.26641631375787256,3.712627911667724,-0.07175949761100556
2022-08-15,-0.09385930917451733,1.0929484375445557,0.049958925244084185,3.7284443152559685,0.013399402276081562
2022-08-16,-0.09387698264533759,1.0933165530755682,0.13746445783050376,3.7349579573410545,0.03680482067015442
2022-08-17,-0.09402938827650432,1.092562210447839,-0.27995669412007373,3.709443066060517,-0.07547135490002058
2022-08-18,-0.09401550728521163,1.0924024088663276,-0.059443140514986226,3.7208830197902167,-0.015975546718030826
2022-08-19,-0.09375738434230642,1.0930322639312398,0.23137582273892576,3.6695851488408024,0.06305231064389277
2022-08-22,-0.0936800813284894,1.0931533043594537,0.04355621649204977,3.5923291282834655,0.012124784488458712
2022-08-23,-0.09366745596998374,1.0933227028384902,0.060718172762790346,3.5837852051051855,0.016942469843420273
2022-08-24,-0.09367491094205604,1.0934069658119538,0.03028051881784677,3.5946575927401296,0.008423756098217017
2022-08-25,-0.0934516085030282,1.0928865050245333,-0.18957812275647257,3.6470440542776887,-0.05198130868041276
2022-08-26,-0.09332209030209006,1.0930088498027715,0.04321820285281319,3.522227814859237,0.012270132746805412
2022-08-29,-0.09318749234483024,1.0936571964039365,0.2269691981019264,3.4988489083028904,0.06486967687096193
2022-08-30,-0.09341298983691863,1.0929996768704628,-0.227772385122762,3.460876195582674,-0.06581350278102456
2022-08-31,-0.09331662690948035,1.0933832684181979,0.1318016620496678,3.4336618321537746,0.03838516094259487
2022-09-01,-0.09335133922285563,1.093753024153279,0.12731127076546045,3.444249867756471,0.03696342473793546
2022-09-02,-0.09342544288474905,1.0935326458269872,-0.07517840526628561,3.408158027514482,-0.0220583683794475
2022-09-05,-0.09342544316090605,1.093532555909564,-3.064386385176476e-05,3.4081550489088683,-8.991335022030613e-06
2022-09-06,-0.09350065986161277,1.0928485720022623,-0.2323930341095206,3.3967204781906277,-0.06841688493405622
2022-09-07,-0.09360457009358167,1.0930349717313261,0.06434147782891841,3.4576403085860643,0.018608493679676482
2022-09-08,-0.09355353161666982,1.0927804956667684,-0.08850550726498341,3.4801605629425625,-0.025431443654470295
2022-09-09,-0.09381687184317122,1.0933414383467406,0.19795223192733147,3.5338654492703174,0.05601578067105108
2022-09-12,-0.09374169848040202,1.093113900906621,-0.08121131525797409,3.572671425270335,-0.022731257815523584
2022-09-13,-0.0937634466801146,1.0930982609728421,-0.005365538648277379,3.4171826563835443,-0.0015701644271938946
2022-09-14,-0.09377400515281271,1.09319052414936,0.03163117738870369,3.4297025060397406,0.009222717519376934
2022-09-15,-0.09392435353865182,1.0927726915835358,-0.14184778198267622,3.391436421905189,-0.04182528118955305
2022-09-16,-0.09384286275378326,1.093090542004104,0.10702571338475764,3.364789490790616,0.031807551015505
2022-09-19,-0.09387268665044367,1.093213859166225,0.04177959098018391,3.3906025436352345,0.012322172959673982
2022-09-20,-0.09407020580653128,1.0926761422487283,-0.18045280125841145,3.35241948840617,-0.053827631620231256
2022-09-21,-0.09371631489778699,1.0932830226367845,0.20021698102971186,3.293489621141971,0.06079174494568149
2022-09-22,-0.0937194874362679,1.0932718355689164,-0.0036563222678864804,3.2656883864735637,-0.0011196176227440797
2022-09-23,-0.0937048105337783,1.0932978149006747,0.008357392221284954,3.2114853478745857,0.002602344808085771
2022-09-26,-0.09376809767188103,1.093108217274918,-0.060359290137625976,3.180383630404807,-0.018978619296296434
2022-09-27,-0.09374013517697881,1.0933882745680756,0.08884068967677194,3.1714052644174116,0.028013035947675395
2022-09-28,-0.09358634045877245,1.0931530433479693,-0.07590734318534942,3.2337365838379544,-0.023473570347297405
2022-09-29,-0.09335079233773663,1.093480990756314,0.10406711899565835,3.166318634840593,0.032866912966545946
2022-09-30,-0.09362062437418649,1.0929758070663147,-0.15778130399507972,3.1180917775710566,-0.050601879370590186
2022-10-03,-0.09363362563835752,1.0929904235527321,0.0046646452543086525,3.2005915551077173,0.0014574322196359297
2022-10-04,-0.09389420795764312,1.0932530590065244,0.08633868138139178,3.2976984660282525,0.026181496662239734
2022-10-05,-0.09393437521972317,1.0925783240414073,-0.22213785996672186,3.2918061659076794,-0.06748205962651807
2022-10-06,-0.09367976058205303,1.09329766341871,0.2345432853572902,3.2571776081944828,0.07200813513123164
2022-10-07,-0.09345916175573948,1.0935256069863966,0.07237911043171152,3.1658938269919794,0.02286214080036958
2022-10-10,-0.09344944183604034,1.0935627629561042,0.011684133282642506,3.1421723099283803,0.003718489035666164
2022-10-11,-0.09351756065504557,1.0932696259066694,-0.0915655213982518,3.1214868403805625,-0.029333944392694735
2022-10-12,-0.09353294697688636,1.093131636109808,-0.04295285304755225,3.1118087960216347,-0.013803178750078198
2022-10-13,-0.09393582701479748,1.093587590762093,0.14518536072932875,3.193377434965329,0.045464516389339696
2022-10-14,-0.09427769636169216,1.0931531807157737,-0.1359310642114906,3.121448611354106,-0.04354742977893292
2022-10-17,-0.09456743658339052,1.0934920544039104,0.1081648631637222,3.200770383543999,0.033793384155210306
2022-10-18,-0.09442942636514355,1.0931394045465832,-0.1140540105762966,3.2383331153201933,-0.035219974756988334
2022-10-19,-0.09433924069289036,1.0935206730601794,0.1226956192211901,3.2158972653202462,0.03815284167946571
2022-10-20,-0.09443216481036792,1.0931919731246034,-0.10492674980207539,3.189520514387531,-0.03289734282277347
2022-10-21,-0.09452378519669306,1.093307518744893,0.03764456441359698,3.266225531145053,0.01152540265656419
2022-10-24,-0.09456938240640245,1.0934224723028974,0.037954261203253736,3.305894619834852,0.011480783741724279
2022-10-25,-0.0944550959240569,1.0932033038410578,-0.07351260819518757,3.3596254462887534,-0.021881191629975916
2022-10-26,-0.09447929340805261,1.09310485527319,-0.03285018189370703,3.3345074678638307,-0.009851584442469905
2022-10-27,-0.09447180665812482,1.0931468216369853,0.013925584975709171,3.3166661960393644,0.004198669432678685
2022-10-28,-0.09456046413305942,1.0932663924602364,0.04049148837270877,3.3941242699910243,0.01192987797492042
2022-10-31,-0.09461285781437943,1.0930300669373605,-0.07971214833111162,3.3709443056498136,-0.023646830414110205
2022-11-01,-0.09460430279010536,1.0930942166515802,0.021544863160670502,3.3573738900913552,0.006417177194430454
2022-11-02,-0.09470855787409471,1.0929718133184114,-0.04014988618047255,3.271859562948284,-0.012271274303807022
2022-11-03,-0.09446480272957522,1.0936468569231947,0.21874110227452093,3.2369679079350213,0.06757592552533638
2022-11-04,-0.09420613520049378,1.0931079383785358,-0.17672925968349773,3.2843695791928766,-0.05380918785848954
2022-11-07,-0.09426119958694253,1.0932848769337125,0.05861126155991769,3.3158438236128713,0.017676122482770052
2022-11-08,-0.09425780933840001,1.0932654226539174,-0.006482008661521377,3.3338568187730133,-0.001944297255065382
2022-11-09,-0.0942437017587528,1.093286063566991,0.006754673503394315,3.2658492735736293,0.0020682747235309692
2022-11-10,-0.09428487373929348,1.0933100980841617,0.008236788103431536,3.444939751205939,0.002390981758258082
2022-11-11,-0.09430667107674118,1.0933836731011648,0.025561185700553324,3.4773459472030717,0.007350774437933883
2022-11-14,-0.09440943902556864,1.0929817643411293,-0.13873052670697916,3.449419699736598,-0.040218511744909674
2022-11-15,-0.09447322065712979,1.0932321817694335,0.0870238567770798,3.477910001608646,0.02502188289427514
2022-11-16,-0.09440769023412031,1.0935031927346286,0.09360014100622038,3.4515068062264644,0.027118631444494674
2022-11-17,-0.09445758449713917,1.0929734679096819,-0.18234722123276015,3.4415425521005596,-0.05298415419023768
2022-11-18,-0.09450665052304834,1.0933349595798272,0.12490194179406444,3.456736040163576,0.03613291276592643
2022-11-21,-0.09454448483267433,1.0930024487266026,-0.11456767354843578,3.4445774452367894,-0.03326029835876142
2022-11-22,-0.09474803883763606,1.0934976649378523,0.1726379408428329,3.490459129851693,0.04945995194912028
2022-11-23,-0.09468891001809336,1.093187727886906,-0.10879226749631243,3.5122536573174576,-0.03097505992189765
2022-11-24,-0.09468891034790847,1.0931876089950487,-4.175573599241034e-05,3.5122391343567605,-1.1888636962089307e-05
2022-11-25,-0.09468867860666216,1.0932249864380268,0.013125953236453825,3.5118588696829844,0.003737608407264585
2022-11-28,-0.0946969095016908,1.093208556904452,-0.0056865440054707506,3.4563652787884576,-0.0016452381466648762
2022-11-29,-0.09469375613368497,1.0932624627428384,0.01860113833987498,3.450272193260105,0.005391208953372189
2022-11-30,-0.09491875907766506,1.0935030934079768,0.08534733364012936,3.5565510234348037,0.023997218956725
2022-12-01,-0.09491778970292584,1.0929032104136718,-0.21335623132279125,3.5568390268040897,-0.059984786973757774
2022-12-02,-0.09489896585921759,1.0933041736436546,0.1424218368412653,3.551712891990652,0.040099479088649304
2022-12-05,-0.09502043781142096,1.0930867492022651,-0.07596626161682707,3.488540696598831,-0.021775942499650563
2022-12-06,-0.09494055110175528,1.093260110476111,0.0596805238249658,3.438142066303035,0.017358364684778447
2022-12-07,-0.09493960813553838,1.093274756730149,0.0050265112247416255,3.4314832264665074,0.0014648217383004848
2022-12-08,-0.09492938097481589,1.0932329944345465,-0.014432602095894254,3.4585507973753034,-0.004173020129369551
2022-12-09,-0.09495050996657216,1.0931428225663338,-0.030978065072361005,3.4332872651440773,-0.009022858467702677
2022-12-12,-0.09483044911339966,1.0928713193238306,-0.09441906420232726,3.482304050679408,-0.027113963292178873
2022-12-13,-0.09497549716322556,1.0935122345215895,0.22467380580337704,3.507987518801195,0.06404635267349985
2022-12-14,-0.0949662420287581,1.0935606378090912,0.016885641122200923,3.4868052479678875,0.004842725624564746
2022-12-15,-0.09512060403812424,1.0933655944691238,-0.06648741747852682,3.401183820068525,-0.019548316408604834
2022-12-16,-0.09524479251816838,1.0930469167117542,-0.10721334255345027,3.360609014453086,-0.03190295035582961
2022-12-19,-0.09514806617199967,1.0933864741642734,0.11321964127324691,3.331661197389062,0.03398293961041845
2022-12-20,-0.09512919762668678,1.0929812160554866,-0.1351975836123529,3.336736005952018,-0.0405179143244145
2022-12-21,-0.09510515890720184,1.0929308142735739,-0.01704408344659214,3.3866555688752285,-0.0050327182968455215
2022-12-22,-0.0948746357990728,1.093430163586524,0.1669554012057688,3.3390350443303256,0.05000109282747982
2022-12-23,-0.0947968332398178,1.0929937426553633,-0.14645166833935264,3.3577227379249837,-0.043616367332895783
2022-12-26,-0.0947968337716679,1.092993559478231,-6.150274805349909e-05,3.3577097502771887,-1.831687448518201e-05
2022-12-27,-0.0947777448677038,1.0931375891051889,0.048185191303218744,3.3443587631382283,0.014407901399311435
2022-12-28,-0.09471694047581594,1.0932866603871632,0.049301822629558956,3.303371978522313,0.014924696022763076
2022-12-29,-0.09445053602443476,1.0928194496671317,-0.15679674958471423,3.3619813502637816,-0.04663819731552405
2022-12-30,-0.09438231835097274,1.0935594975211895,0.24816735403578605,3.3526537531568406,0.07402117018559194
2023-01-02,-0.09438231740878439,1.0935598093295746,0.00010453388813402853,3.3526564085315322,3.1179421746893086e-05
2023-01-03,-0.09445676736747548,1.0929796247922396,-0.19383310186543667,3.3397822630476317,-0.058037646349004594
2023-01-04,-0.09460347332083441,1.0936177362219006,0.2144901928386389,3.3638298415898507,0.06376368691029394
2023-01-05,-0.09477744944634055,1.0931355514833951,-0.16059319338381783,3.3271083314506176,-0.04826809871676144
2023-01-06,-0.09483652653365916,1.0932172238741176,0.027730151310834117,3.402826815936335,0.008149151517487315
2023-01-09,-0.09483547399476808,1.0932576962004195,0.013761838507434732,3.400231882573139,0.0040473235304824
2023-01-10,-0.09484941371969512,1.0933200176641042,0.021326574726515446,3.424468722320053,0.006227703172615589
2023-01-11,-0.09471944732835688,1.0929931722746205,-0.11321772650512685,3.4681625464295758,-0.03264487318268369
2023-01-12,-0.09473922338623306,1.0931660974243471,0.06017370223173657,3.4810940347357424,0.017285859454326546
2023-01-13,-0.09474482568544275,1.0932133733102607,0.016514653325714335,3.494633134005597,0.004725718749992223
2023-01-16,-0.09474482563385259,1.0932133916323712,6.402596625321166e-06,3.4946254906954475,1.8321266877862265e-06
2023-01-17,-0.09476246513124609,1.0928650244304132,-0.12156634292364288,3.4892841205949106,-0.034839909483472
2023-01-18,-0.09448417303240929,1.0934007382923594,0.1841602809683991,3.432670340509344,0.05364927671472034
2023-01-19,-0.0944628279064051,1.093492119997741,0.03116214415661034,3.4079541878500783,0.009143944559967546
2023-01-20,-0.09443739026180269,1.093447792124931,-0.015358143493756415,3.4706768674051807,-0.004425114777463795
2023-01-23,-0.09430987059007324,1.0931076951171683,-0.11933649968676718,3.5128763228705213,-0.03397116457241291
2023-01-24,-0.09429473650473284,1.093532540225129,0.14909025158033273,3.5091169869088397,0.04248654351978885
2023-01-25,-0.09429314901905525,1.0933368363059233,-0.06869376291075469,3.5103576368017424,-0.0195688787349146
2023-01-26,-0.09439993687429148,1.0936651894248233,0.11638096678143484,3.547861221986874,0.03280313391634274
2023-01-27,-0.09436596817961473,1.0932640228588932,-0.14269083451597453,3.557941554154982,-0.04010488433946855
2023-01-30,-0.09445511248216348,1.093036140335275,-0.08015147238558029,3.513511786490064,-0.022812353353637158
2023-01-31,-0.0945959544409223,1.0933627138208408,0.11622309004457065,3.563421285004846,0.032615590677882084
2023-02-01,-0.09449759419590929,1.093063476452622,-0.10769212611120338,3.6024011962010563,-0.029894539848801697
2023-02-02,-0.09458069557284166,1.0932591482016552,0.07141056955560998,3.654002696740705,0.019543108060458395
2023-02-03,-0.0944411926070336,1.0936880751440443,0.15518636162363464,3.6149581862021103,0.04292895066282193
2023-02-06,-0.09451418173217639,1.0932790983880634,-0.14705436049223408,3.594071272679481,-0.04091581644751328
2023-02-07,-0.09451952369968894,1.0932930277728075,0.005065254169721811,3.6404544265789616,0.0013913796400637198
2023-02-08,-0.09450086378098674,1.0933487299107298,0.02007346044371161,3.6005611616560382,0.005575092198816876
2023-02-09,-0.09447789967082043,1.093435448133051,0.030977617113876477,3.5697587330579186,0.008677790133828037
2023-02-10,-0.09445788604810008,1.0931546966822472,-0.10043967604838144,3.5784402367718675,-0.028068004326652855
2023-02-13,-0.09453556174048529,1.0933797814639967,0.08139235949118984,3.6197579570947838,0.022485580653717332
2023-02-14,-0.09453798675761566,1.093203726285006,-0.06370258564311371,3.618387183670584,-0.01760524300179844
2023-02-15,-0.09452030871671326,1.0930231845265692,-0.06552441286078192,3.630502631072943,-0.0180483033671338
2023-02-16,-0.09431162846243896,1.0935115857998816,0.17504977087497764,3.58006821732517,0.0488956523308277
2023-02-17,-0.0943289418151761,1.0933005200967387,-0.07538077807885202,3.5708061913672333,-0.021110296677846106
2023-02-20,-0.0943289420371107,1.0933004417048147,-2.7990968078484002e-05,3.5708085863122325,-7.838831850517026e-06
2023-02-21,-0.09430295006165892,1.0933421310637106,0.014616343102488827,3.5000000929167783,0.004176097918416932
2023-02-22,-0.09432336151328279,1.092859477527287,-0.16872665607769477,3.49557769677773,-0.048268604137516165
2023-02-23,-0.09436437513430025,1.0931271418711064,0.09398766173546846,3.513133632214642,0.0267532270545085
2023-02-24,-0.09440342067874692,1.0930121296337847,-0.04001004506369554,3.4755596236536284,-0.011511828135935013
2023-02-27,-0.09440703250297725,1.0930464224894174,0.011955611265534571,3.487576067534993,0.0034280574915129397
2023-02-28,-0.09441416456788555,1.0929877710694482,-0.020383953639395713,3.474409521739501,-0.005866882850698114
2023-03-01,-0.09440303999566436,1.0930818286608759,0.032569569840120494,3.461727791300282,0.009408472243823315
2023-03-02,-0.09450226119287551,1.0935113934203022,0.14970632750134882,3.4875884071571845,0.042925457371667884
2023-03-03,-0.09460301486750242,1.0937190283490448,0.07345563594151372,3.5428358394567487,0.020733570300784033
2023-03-06,-0.0946000002996463,1.093632175154018,-0.03080273134816025,3.547068824244416,-0.008683995962418839
2023-03-07,-0.09475957292265498,1.0933049448945211,-0.1144301758228039,3.4922586167670318,-0.03276681035974877
2023-03-08,-0.0947691005924509,1.093513810866689,0.07304107745710553,3.4976789962405146,0.020882727527487183
2023-03-09,-0.09490028517430406,1.0932902023778268,-0.07690751359024262,3.433728126679992,-0.02239767120543788
2023-03-10,-0.09475207496075856,1.0936075518845423,0.107549402369159,3.384514303777261,0.03177690880169404
2023-03-13,-0.09477717177598766,1.093174148239898,-0.1464546912344531,3.3787778984146937,-0.043345462660676494
2023-03-14,-0.09489449408493661,1.0933976714663585,0.07665519436642398,3.43491042827607,0.022316504598024138
2023-03-15,-0.09489001223101745,1.093420036932945,0.007638916438565957,3.413674294510264,0.0022377402703153493
2023-03-16,-0.09494391276483187,1.0935207828005353,0.034923430701610414,3.472097572179708,0.010058309127437982
2023-03-17,-0.09530139805785866,1.0925034804236031,-0.34968853476112827,3.434084848361163,-0.10182874046574852
2023-03-20,-0.09557168627357683,1.0934626484552943,0.33206988631792456,3.465093675446734,0.09583287420797151
2023-03-21,-0.09553319783883474,1.0933674675872354,-0.03337157411743874,3.510401557985482,-0.009506483394050714
2023-03-22,-0.09563359360978528,1.0931776701984868,-0.0656186692952474,3.4522173505529707,-0.019007687706782628
2023-03-23,-0.09564586257257769,1.0933479949342866,0.05892363084961971,3.460399825778662,0.01702798341702051
2023-03-24,-0.09563333387259657,1.0932872823843165,-0.02113517450385416,3.4834561172201868,-0.006067300345589001
2023-03-27,-0.09563787036118881,1.0933799354879308,0.0323220900898491,3.489187211554753,0.00926350124831698
2023-03-28,-0.09564427162454646,1.0932697045382547,-0.03839840260746996,3.483055903952848,-0.011024342894953942
2023-03-29,-0.09575903795081582,1.0935322168942743,0.09261411104137096,3.532605397681281,0.026216942062694204
2023-03-30,-0.09567793610719388,1.0930842341295877,-0.1591062454152734,3.553631625004019,-0.04477285836150602
2023-03-31,-0.09570778820656949,1.093155133535072,0.025515320495117066,3.6032602016467066,0.007081176231307538
2023-04-03,-0.09565531254680387,1.092707542298623,-0.16185391691931272,3.617485167236225,-0.04474210934856986
2023-04-04,-0.09555415357264103,1.0932871897525651,0.20859403946190014,3.5970817339153114,0.057989796977688364
2023-04-05,-0.09554900304513189,1.093354237868094,0.024063215194246368,3.5883698871668113,0.006705890404527227
2023-04-06,-0.09554486652228503,1.093317702672652,-0.013155360248958914,3.6020701056732976,-0.0036521666328034777
2023-04-07,-0.09554486655873655,1.0933176893448944,-4.8005200028455874e-06,3.60206286640227,-1.3327141088018635e-06
2023-04-10,-0.09554661908640352,1.093375454770331,0.020827266515368592,3.605989315357773,0.005775742714118993
2023-04-11,-0.09554639926906959,1.0932033767822205,-0.06205579654761095,3.6064671593564186,-0.01720681037857695
2023-04-12,-0.09551326650321038,1.0934698549821789,0.09574979053871857,3.592103516465427,0.02665563230564548
2023-04-13,-0.09553859546947771,1.0935352979269417,0.02378568740789433,3.6386783760187935,0.006536902949339284
2023-04-14,-0.09556701129033192,1.0930953792981484,-0.15976167974929467,3.6311660151631497,-0.04399734935889912
2023-04-17,-0.0955983025793427,1.0934096731973915,0.1144761270772392,3.6435254165176354,0.03141905544511113
2023-04-18,-0.09559622394591849,1.0932931585968735,-0.04247696142300583,3.646009667836266,-0.011650260227700904
2023-04-19,-0.09559631568683917,1.0932718963737655,-0.007751493338673754,3.6458173561072726,-0.00212613320458549
2023-04-20,-0.09558671368028789,1.0933271924814831,0.020054654410500916,3.625230498290476,0.005531966703898675
2023-04-21,-0.09558630835123634,1.0932996943017101,-0.00997357814719635,3.627339192013582,-0.0027495576286759907
2023-04-24,-0.09558368229996951,1.0932289225384655,-0.025701184232048035,3.632127687153973,-0.007076068477148367
2023-04-25,-0.09562324560095199,1.0931478476493264,-0.029020475355309827,3.5747939472747285,-0.008118083386997398
2023-04-26,-0.0955648792262741,1.0935644609679167,0.14831822666610606,3.558880924246074,0.04167552380177662
2023-04-27,-0.09556339374444472,1.0935619667117586,-0.0009037418095658722,3.6295305377237983,-0.0002489968882126115
2023-04-28,-0.09548785718378215,1.0932639946697136,-0.10899021663584563,3.6604876925590673,-0.0297747802451017
2023-05-01,-0.09548880362173197,1.0932229297216125,-0.015021599566523491,3.6579753341807764,-0.004106533859361755
2023-05-02,-0.09547992023476554,1.0932488300522254,0.009376528350344415,3.6170030905190678,0.0025923473427275426
2023-05-03,-0.09553410908272829,1.0929976699102717,-0.09026153154798067,3.591817529128074,-0.025129765311294072
2023-05-04,-0.09545135131428338,1.0933608507672874,0.12957105026964655,3.5655842385751413,0.03633936028431206
2023-05-05,-0.09540926967001609,1.0932844435494251,-0.027699695971307392,3.631052075376061,-0.007628559270508008
2023-05-08,-0.09540890873529338,1.09325898286703,-0.009248975590082864,3.632988323753679,-0.0025458313558593083
2023-05-09,-0.09537231307088959,1.0935321203802353,0.09883294962281752,3.6172835009072513,0.027322422917094892
2023-05-10,-0.09535032706515113,1.0933618672453205,-0.0618290668775785,3.6330922407976662,-0.017018303632170807
2023-05-11,-0.09535512852866893,1.0932551443441745,-0.038721887300766866,3.628007727569989,-0.010673044328574924
2023-05-12,-0.0953530986232242,1.0933017281754684,0.016879033515408537,3.623124966363574,0.004658694820661827
2023-05-15,-0.09533636344648014,1.0931372912984807,-0.059763832206556344,3.6356743183941322,-0.016438169916428012
2023-05-16,-0.09535028148313561,1.0930690205859712,-0.02466949982897404,3.611635165225866,-0.006830562529266781
2023-05-17,-0.09542499690387474,1.0932792539958465,0.07675559127670795,3.6547587786852542,0.021001547824264243
2023-05-18,-0.09539613092116883,1.0931790432549542,-0.036951241289614245,3.6904598319825257,-0.01001263879622392
2023-05-19,-0.09538875995355353,1.093327049008433,0.05453854794001245,3.6845917340893357,0.014801788603993574
2023-05-22,-0.09538490887823005,1.093042401264755,-0.10492885353295378,3.686604334681336,-0.028462195561874327
2023-05-23,-0.09529497575690818,1.093307167224994,0.09660345728650555,3.6454383229983707,0.026499819425568904
2023-05-24,-0.09529706121298626,1.0932981149503291,-0.003277156188346453,3.618146009376412,-0.0009057556493999177
2023-05-25,-0.09532592666643298,1.0934094974989503,0.0406196316768046,3.649669256732993,0.011129674723776293
2023-05-26,-0.095382072064722,1.0935560752693265,0.054131308845455806,3.697081431663604,0.014641632824705712
2023-05-29,-0.09538207193425856,1.0935561259901783,1.8750823983282316e-05,3.6970395958490383,5.0718482983886254e-06
2023-05-30,-0.09538120502015544,1.093423471219186,-0.049054739799942126,3.6981892607234443,-0.013264529298412915
2023-05-31,-0.09551174161726103,1.0926337573564553,-0.2905782912354766,3.678080356775084,-0.0790027033259963
2023-06-01,-0.09572781213892825,1.0934036052812697,0.28563737401645994,3.7133417272404916,0.07692191966095364
2023-06-02,-0.0955303605169088,1.0929391301745486,-0.1747978071896341,3.7678449099236144,-0.04639198570229309
2023-06-05,-0.09551673526147098,1.0931700563386602,0.08684917861893382,3.7605160474499595,0.02309501608903572
2023-06-06,-0.09552031580026138,1.0932323273607512,0.023460581281881332,3.768275875498775,0.006225813092513046
2023-06-07,-0.09552156197295249,1.0932196943103,-0.004745867842757434,3.7559195412557993,-0.0012635701565562939
2023-06-08,-0.0954815899212929,1.0929868021456708,-0.08795180205271436,3.7784351006785353,-0.02327730917937955
2023-06-09,-0.09549803375758904,1.093344166121335,0.13522932601608773,3.784743544970123,0.03573011603277739
2023-06-12,-0.09546695189034167,1.0932254034689695,-0.04532784244861432,3.8195204937533838,-0.011867417002407898
2023-06-13,-0.09545449665455731,1.0931584586266758,-0.02572430252803315,3.8446923207996617,-0.006690861161728209
2023-06-14,-0.09546289139727156,1.0935881908206195,0.1653285069787671,3.8476469206173145,0.04296873138043599
2023-06-15,-0.09528084942685217,1.0930810792937555,-0.19742650054217847,3.8969949168261113,-0.05066121582292736
2023-06-16,-0.09526634463945814,1.093216696802252,0.05266647040349426,3.8825911506801605,0.013564773719290026
2023-06-19,-0.09526634452828338,1.0932167394090646,1.654172342568927e-05,3.882593714624733,4.260482718905367e-06
2023-06-20,-0.09528352435924602,1.0930885068853975,-0.04957241955730751,3.864686071274897,-0.012827023629620292
2023-06-21,-0.09524823009147017,1.093309765030701,0.08507197452246373,3.843526540514054,0.022133832985341047
2023-06-22,-0.09524531255684653,1.0932809148002418,-0.011125488017114549,3.8575146702198775,-0.002884107765811918
2023-06-23,-0.0952715385666292,1.093160756358218,-0.046027549260145406,3.8285914345345953,-0.01202205825488938
2023-06-26,-0.0952842912057512,1.093056137072688,-0.03989980722690234,3.812791712922189,-0.010464722500228694
2023-06-27,-0.09527933926461707,1.093040338611631,-0.00608505826619421,3.8550502593512452,-0.0015784640554124048
2023-06-28,-0.09527790437317532,1.0929006228065221,-0.053880473554841046,3.8567428003772246,-0.013970460656482213
2023-06-29,-0.09529626600931039,1.0930733710014895,0.06685763761964836,3.871513072883355,0.01726912355996653
2023-06-30,-0.09544282018151544,1.0935172225581355,0.17371663277771177,3.9173909907583346,0.0443449819503678
2023-07-03,-0.09541600794467373,1.092994192808375,-0.2052438198924733,3.924857420198734,-0.052293318691327355
2023-07-04,-0.09541600835169228,1.0929940320739382,-6.308297713530919e-05,3.924854592720997,-1.6072691521439383e-05
2023-07-05,-0.09537991378975302,1.09354710822284,0.216615151067856,3.916105801333184,0.05531391695140422
2023-07-06,-0.09538899988120818,1.0935082626370267,-0.015096665716271218,3.884194078225083,-0.0038866919140069785
2023-07-07,-0.09540624621784485,1.0932576193453725,-0.09714035229558249,3.8751577266261688,-0.02506745767485337
2023-07-10,-0.0954041085153189,1.0932284806847765,-0.011319201144488034,3.8855442961285873,-0.00291315714911964
2023-07-11,-0.09546341971710792,1.0935617358509542,0.13025106026856292,3.9104505539205086,0.033308453456335575
2023-07-12,-0.09537711888984522,1.0931647172826435,-0.1563781268505977,3.9412137185497627,-0.03967765719341394
2023-07-13,-0.09546643472384117,1.0935644966708227,0.15874658373076045,3.9733196716052532,0.03995313663413987
2023-07-14,-0.09547171972460647,1.0933498260297039,-0.08522776634072216,3.9701280411582394,-0.021467258853409155
2023-07-17,-0.09549525005630011,1.0936002903633975,0.09975543640007345,3.9839773739286164,0.025039157363914495
2023-07-18,-0.09542282362709838,1.0932478894105337,-0.14137922484422916,4.014171308734655,-0.03522002773937285
2023-07-19,-0.09540321305014196,1.0929016428751934,-0.13926122719885825,4.0228084498908965,-0.03461791157434682
2023-07-20,-0.09534334738966448,1.0932295613947272,0.13110764194789226,3.996561771298997,0.032805108353242976
2023-07-21,-0.09534322909287865,1.0930742132100244,-0.06208993748566627,3.997044277007118,-0.015533962894240838
2023-07-24,-0.09536619028515468,1.0932760177794791,0.08097631607063249,4.013969396626968,0.020173625673050418
2023-07-25,-0.09534451367490782,1.0929989678923,-0.11150672916255644,4.02578985267528,-0.027698099812253307
2023-07-26,-0.09534383673420944,1.0928331956817359,-0.06674805221541646,4.026747160070961,-0.016576171674568263
2023-07-27,-0.09527699432379119,1.0931857253159032,0.14105172291482404,3.9994451377882414,0.03526782292426393
2023-07-28,-0.09519437491906702,1.0928718761768994,-0.12665477396609504,4.038402357014806,-0.031362594107566456
2023-07-31,-0.0952031784575307,1.0930473340398228,0.07098054773496187,4.046166293819713,0.01754266695448988
2023-08-01,-0.09517369280522746,1.0933863449231882,0.1367679539246751,4.033665166588857,0.03390662047448411
2023-08-02,-0.09522147230846219,1.0932629010410089,-0.049148931694787734,3.9778297732929606,-0.012355715175338147
2023-08-03,-0.0952253102261251,1.0932157121673842,-0.018720651888713746,3.966570119487636,-0.004719606946248035
2023-08-04,-0.0951878381667636,1.0934843217231605,0.10605620587978137,3.947152835674166,0.026869039607803073
2023-08-07,-0.09514026157692387,1.0932917409247578,-0.07664789565217234,3.982743260073331,-0.019245000404761486
2023-08-08,-0.09512278514186076,1.093434102141569,0.056468040728816504,3.9655129627551573,0.014239782156602425
2023-08-09,-0.09514626223018202,1.0933097767147024,-0.04899486440166356,3.9391752809534415,-0.012437848256857665
2023-08-10,-0.0951441528451636,1.0931570703293139,-0.06018366700061506,3.9414849436675525,-0.015269287555520672
2023-08-11,-0.09513400415723401,1.0935128336424205,0.14009629554612957,3.9378305777602693,0.03557702465346097
2023-08-14,-0.09508580020401067,1.0932011746522707,-0.12336330652800598,3.9600474539918586,-0.031151976828876556
2023-08-15,-0.09503395286813962,1.093360195768525,0.062300006558018595,3.9146709634415617,0.015914493744130127
2023-08-16,-0.09505264435295273,1.0932724053163472,-0.03412989479983253,3.885730719547519,-0.008783391661223206
2023-08-17,-0.09494838876520521,1.0937167089597752,0.17134315493393615,3.854300667118056,0.04445505676184135
2023-08-18,-0.09492917717513226,1.0929077441720623,-0.3120511284419081,3.857857675705604,-0.08088715413401916
2023-08-21,-0.09495703113943724,1.093058127803827,0.0583679442621019,3.8833438865249654,0.015030331067159963
2023-08-22,-0.09496184196962694,1.0929997143549712,-0.022624024916865437,3.872465346759823,-0.0058422795018154144
2023-08-23,-0.0950443831267973,1.093273623286779,0.10712475568431046,3.9142148784012063,0.027368133588022755
2023-08-24,-0.0951009805163621,1.0931258738898684,-0.057117086224366176,3.862191723045466,-0.014788775472629169
2023-08-25,-0.09520612961200624,1.0936929131528939,0.22033383001763696,3.8877656500702664,0.05667363978424335
2023-08-28,-0.09509724626144637,1.0930985403730686,-0.2324757889864486,3.913334233792034,-0.05940606528800858
2023-08-29,-0.0951976950668902,1.0933543989097911,0.10144129108914512,3.9689246834172796,0.02555888538600417
2023-08-30,-0.0952243093122694,1.0935896439970965,0.09372327340162201,3.985420200847798,0.02351653493944873
2023-08-31,-0.0952444602151577,1.0930592301847712,-0.21113051346753764,3.9803169918778396,-0.053043642980789375
2023-09-01,-0.09524405793131736,1.093052096071067,-0.0028450855567143662,3.9887806138643436,-0.0007132720076971188
2023-09-04,-0.09524405793660366,1.0930520939483825,-8.46651857955294e-07,3.9887774622772856,-2.122584842002995e-07
2023-09-05,-0.09523491556785883,1.0931258050544033,0.02928105936700831,3.9713760501135655,0.0073730261243255945
2023-09-06,-0.09524521160411661,1.0930733076097632,-0.020714101502221638,3.943981669582706,-0.005252078543360294
2023-09-07,-0.095225207873839,1.093305189521816,0.09119705795717437,3.9322535988750684,0.023192059124381968
2023-09-08,-0.0952196944563478,1.0931515929619342,-0.060472056260721274,3.9376415755966483,-0.015357430355137971
2023-09-11,-0.09525761137534125,1.0933614229646023,0.08312370005558023,3.9635105717309385,0.020972241287419747
2023-09-12,-0.09526552620734935,1.0933096821913597,-0.020404355306027355,3.9422509531293906,-0.00517581339915213
2023-09-13,-0.0952577702743063,1.0930531426791197,-0.10123960344060379,3.9468692288500455,-0.025650610033031377
2023-09-14,-0.0953299806148743,1.093356942384567,0.12086373805800577,3.9810120573465233,0.03036005325202794
2023-09-15,-0.09549621902744665,1.092886722014911,-0.1850184736637175,3.9313982279197632,-0.0470617482476755
2023-09-18,-0.09551539450504515,1.093564437383224,0.2666962267883264,3.9357187435166985,0.06776302987291827
2023-09-19,-0.09553014652610033,1.0933143666607745,-0.0982331670561507,3.9278326223252056,-0.025009509442385162
2023-09-20,-0.09556299505823292,1.0931921339609763,-0.04759248383385284,3.8911170368256154,-0.012231059457589311
2023-09-21,-0.09555688005812968,1.0932049520725298,0.004911841689022367,3.8274053046646825,0.0012833346087063261
2023-09-22,-0.09555495609812945,1.0932314147500912,0.010105255156588555,3.8181566352238208,0.0026466319017308163
2023-09-25,-0.0955533268347923,1.0932175253360419,-0.005323313049302669,3.834026274204435,-0.0013884393764117496
2023-09-26,-0.09553177122691241,1.0932673023478856,0.018825253626118865,3.7778007550517163,0.004983125063158911
2023-09-27,-0.09553189030882943,1.0932976393405962,0.011462564358396321,3.778653287619197,0.0030335051897864116
2023-09-28,-0.09553335349526632,1.0933063911362826,0.0033246366287471574,3.800692991540952,0.0008747448520958325
2023-09-29,-0.0955171759444759,1.0935301023350386,0.08483423166239845,3.791608899542039,0.02237420417296862
2023-10-02,-0.09551863414279353,1.093232078127301,-0.11298597477019712,3.7913214203208296,-0.029801212359525035
2023-10-03,-0.09546341480854287,1.0933697387530217,0.05154274286587679,3.740386854373557,0.013780056682000401
2023-10-04,-0.09539961396964476,1.0930706016021665,-0.11264128774729443,3.7678923462824554,-0.02989503876309804
2023-10-05,-0.09538830047857491,1.0934825658342664,0.1550948156392451,3.764689968654765,0.041197234548019115
2023-10-06,-0.09532234390774773,1.0932906887667677,-0.07302678970268062,3.809593230948221,-0.0191691829745571
2023-10-09,-0.09530506691241566,1.0931997200873231,-0.03486674729595052,3.834949202687424,-0.009091840713696255
2023-10-10,-0.0953154558654707,1.093271013007655,0.027469529134748427,3.854725063058265,0.007126196728789428
2023-10-11,-0.09531602924396158,1.093275849305954,0.0018714677531193047,3.871028642966282,0.00048345489680625076
2023-10-12,-0.09531365797014164,1.0932893448020022,0.0051948481074646224,3.8477654464543094,0.0013500947965140756
2023-10-13,-0.09531112142403586,1.093305680944375,0.006254869431529642,3.827502156559957,0.0016341909620637102
2023-10-16,-0.09529004522270726,1.0932347329789183,-0.027416921648807602,3.8675768879582755,-0.007088914439987051
2023-10-17,-0.09528951660180768,1.093531851459174,0.11490926181664918,3.867644452645219,0.029710399501189585
2023-10-18,-0.0951681018758045,1.093841876721931,0.11841849143866057,3.815935944352542,0.031032620349384005
2023-10-19,-0.09533117481434153,1.0931927887054562,-0.24573910955717793,3.7836027355240254,-0.06494844378083031
2023-10-20,-0.09526781368135759,1.0933628642248194,0.06360897956392364,3.7365240699998736,0.01702357013424131
2023-10-23,-0.0952672888228773,1.0933724006842915,0.0035573913733628615,3.729953775462621,0.0009537360480885969
2023-10-24,-0.09527813778627843,1.0934221905676664,0.018698390968893364,3.757858498096986,0.004975810286194224
2023-10-25,-0.09532866531703499,1.093303368998145,-0.044070021558752615,3.7048811598646227,-0.01189512420429781
2023-10-26,-0.09523904899311587,1.0935422264830696,0.0874930336111106,3.659431137302346,0.023908916530564525
2023-10-27,-0.09526184544869472,1.0933768515805171,-0.060269188750112335,3.6432117239560413,-0.01654287296942162
2023-10-30,-0.0952007285015148,1.093206505807158,-0.06274229674755816,3.687056108689901,-0.01701690858451622
2023-10-31,-0.09518403241413328,1.093112820565177,-0.034732169812286884,3.7093205707799815,-0.009363485616715931
2023-11-01,-0.09515500960214225,1.0930229030525096,-0.03368932063978036,3.7501533710089245,-0.008983451423672503
2023-11-02,-0.09530970569183218,1.0933050724104096,0.10766570296533473,3.8214057587130585,0.028174370837184663
2023-11-03,-0.09522895991483268,1.092998519233921,-0.11813959326173062,3.856668612399723,-0.030632549781927206
2023-11-06,-0.09525644273461616,1.0935186917471449,0.20096032031716504,3.864077422541518,0.05200732240633716
2023-11-07,-0.09524164820595955,1.0933296458250348,-0.07323615463468514,3.874981636674811,-0.018899742373367827
2023-11-08,-0.09524159699012179,1.0933272041894107,-0.0009468041007494321,3.87816301866247,-0.00024413726194418022
2023-11-09,-0.09523963801114654,1.0933361002077586,0.0034257882434758358,3.848924712040266,0.0008900637190328072
2023-11-10,-0.0952591151677146,1.093380381168549,0.017288765294551922,3.908995596249369,0.004422815239582329
2023-11-13,-0.0952638662460197,1.0932281442173413,-0.05944990352941204,3.9049850623400655,-0.015224105234806362
2023-11-14,-0.09548831319581513,1.0936496151763562,0.16751028822227454,3.980033709138938,0.04208765564915645
2023-11-15,-0.09547779771348319,1.093469562601459,-0.07180220727474307,3.988646173051137,-0.018001648719775405
2023-11-16,-0.0954712280094543,1.0932897346739738,-0.07181719554290567,3.9942415957504727,-0.017980183176529167
2023-11-17,-0.09545388502094107,1.0928384523212529,-0.18049165845076232,4.000127382190576,-0.04512147769452289
2023-11-20,-0.0955665343092883,1.0933882359923914,0.2214510653795969,4.030247508852689,0.05494726189723234
2023-11-21,-0.09554109698534152,1.0937293283529033,0.13712751721993754,4.0197112517893165,0.0341137730126504
2023-11-22,-0.09547458839287956,1.0931579271444827,-0.23060055794150003,4.037089213968514,-0.057120500865725614
2023-11-23,-0.09547458879834247,1.0931577611986245,-6.699054665659787e-05,4.037081565609773,-1.6593805591460577e-05
2023-11-24,-0.09547725977026678,1.0933688911679766,0.08527455595634592,4.039301865412032,0.021111211490911296
2023-11-27,-0.09548350933580621,1.0932452647639506,-0.049852952519927385,4.0322556763447714,-0.012363539547452247
2023-11-28,-0.09548009229187995,1.093105938995594,-0.056228448622732685,4.0362145307791195,-0.013930986124238242
2023-11-29,-0.09547596508145828,1.0933096420978194,0.08216561956839996,4.033607591408827,0.02037025608128177
2023-11-30,-0.09544586348131041,1.0930199319546152,-0.11727425221795329,4.049246472932089,-0.028961994040593467
2023-12-01,-0.09545350348289694,1.093068426509431,0.019743030499967062,4.072988376221806,0.004847308333907187
2023-12-04,-0.09544084989644691,1.0931586264639088,0.03656443581564872,4.052518240148986,0.009022645586983088
2023-12-05,-0.09543974341870944,1.0932591484419687,0.04072307412724285,4.05126570418913,0.010051938604059955
2023-12-06,-0.09543590802517103,1.093291811655314,0.013180718226919907,4.034377407539842,0.0032671009415942303
2023-12-07,-0.09540279769992202,1.0931351519680461,-0.06366028534512225,4.065950753910558,-0.015656924837049474
2023-12-08,-0.09541159033213371,1.0932127516351087,0.03167506365656436,4.0832128318217205,0.007757387371461744
2023-12-11,-0.09541322640306914,1.0932286751844709,0.006525127748545856,4.0990361686652745,0.0015918687906261056
2023-12-12,-0.09541100889283052,1.0932118386020044,-0.006933058855793206,4.1193986353122325,-0.0016830269341650424
2023-12-13,-0.09544166951144319,1.0932970101631638,0.035530434275585776,4.175493071408862,0.008509278705041026
2023-12-14,-0.09545759589150465,1.0935074569653713,0.0881083696534688,4.187711646137841,0.02103974129516
2023-12-15,-0.09546532468753419,1.0933270942683748,-0.07541949054240149,4.181336944529023,-0.018037171254778318
2023-12-18,-0.09544867238635624,1.093213968410548,-0.047550023089513616,4.204990268544553,-0.01130799836689558
2023-12-19,-0.09539554851825129,1.09287689999704,-0.14253783899198424,4.23056253184,-0.033692408023570854
2023-12-20,-0.09534941921122776,1.0929958348814448,0.049633639611045055,4.169530028348995,0.011903893070341657
2023-12-21,-0.0954602116062944,1.0934306274802246,0.18293225560250903,4.210139994616892,0.04345039733510221
2023-12-22,-0.09543384037862229,1.0929837527829898,-0.18854042899772594,4.219905847659609,-0.04467882360510291
2023-12-25,-0.09543384065828985,1.0929836339855934,-5.012897554479423e-05,4.219902521945395,-1.1879178555452636e-05
2023-12-26,-0.09545119644684717,1.0931461144845964,0.0688291401795027,4.237446828934365,0.016243068752985836
2023-12-27,-0.0954548767778851,1.093226735541938,0.034219690411589454,4.245193398322819,0.008060808354481303
2023-12-28,-0.09545548172535127,1.0935538585549935,0.13888422644436105,4.245869663129741,0.032710430951379196
2023-12-29,-0.09547044824270125,1.0933477091104287,-0.08730502727030398,4.234531081940335,-0.020617401450339412
2024-01-01,-0.09547044837231802,1.093347654668511,-2.3052522976740875e-05,4.234533125238382,-5.443934973455459e-06
2024-01-02,-0.0953474918618277,1.094064720286922,0.30181239927628667,4.207498085929398,0.07173203483694968
2024-01-03,-0.09551286254173996,1.0932392960622839,-0.3448691693718615,4.176299695004253,-0.08257768708131717
2024-01-04,-0.0955053334304727,1.0933259170844258,0.03606702490191083,4.163121211138118,0.008663457793497871
2024-01-05,-0.09550226366385187,1.0932293609597918,-0.04024376249572015,4.1684541302972535,-0.009654361362218073
2024-01-08,-0.09528301715855118,1.0926432712033864,-0.24756876248972048,4.228084075646008,-0.05855341522552258
2024-01-09,-0.09517486765924911,1.094270447611664,0.6863776838416698,4.217769084481075,0.1627347704660121
2024-01-10,-0.09499128314646253,1.0931945684452655,-0.45656519519206995,4.245591490887446,-0.10753865419506839
2024-01-11,-0.0949937647404364,1.0929749535702438,-0.09320487141496869,4.244125106100871,-0.021960915167412946
2024-01-12,-0.0949979689410231,1.0934115136193496,0.18535218215151872,4.246064068185618,0.04365270499338495
2024-01-15,-0.09499796867129988,1.0934116282626036,4.8675954758437e-05,4.246063531498484,1.14637839018058e-05
2024-01-16,-0.09500434089598798,1.0933423448870216,-0.029322959697537954,4.231623767308968,-0.006929481756877788
2024-01-17,-0.09501203694108598,1.0932909999723754,-0.021612914676722994,4.208079247935588,-0.0051360521994270715
2024-01-18,-0.09493218254684443,1.0929452036307887,-0.1467195692240466,4.245501714161256,-0.03455882934510429
2024-01-19,-0.09502442424780878,1.0932380666464439,0.12575654376058765,4.297449766942321,0.029263063114304814
2024-01-22,-0.09501747686921728,1.0931155783798343,-0.05274845276022688,4.307206117402906,-0.0122465587488607
2024-01-23,-0.09502857462637185,1.0932648266755287,0.06446066126733285,4.319997350819341,0.01492145851781763
2024-01-24,-0.09502709544816261,1.0931874426033201,-0.03345436305409066,4.323578721407097,-0.007737655588054849
2024-01-25,-0.09501920462936461,1.0931318712866662,-0.024152681884856975,4.347909126285282,-0.005555010738113626
2024-01-26,-0.09502768623389254,1.0926532027291214,-0.20799253205473178,4.345281656225646,-0.04786629464093154
2024-01-29,-0.09514389025416277,1.0932883705387584,0.2778737838636971,4.3768838525446485,0.06348667070572271
2024-01-30,-0.09514479161497884,1.093243991638758,-0.019410188479355384,4.373768857672957,-0.004437863341887363
2024-01-31,-0.09520412836273928,1.0931044064251632,-0.06011345211459229,4.302568744229296,-0.013971526241205985
2024-02-01,-0.09524434744715116,1.0932247974593803,0.052437130209114,4.359175231810336,0.01202914024342564
2024-02-02,-0.09525439969914401,1.093263770192952,0.017152257996144726,4.403927829525705,0.0038947636428438
2024-02-05,-0.09522175500922139,1.0936068511450332,0.15056244256277296,4.38781664583786,0.03431374980210069
2024-02-06,-0.09518759969592082,1.0931613280801615,-0.19605165704371075,4.401485622784464,-0.04454215550059771
2024-02-07,-0.09516574850928541,1.093054348845371,-0.047449000206654546,4.437640264509734,-0.010692394466070282
2024-02-08,-0.0951654599432668,1.0930348708506819,-0.00864870697500919,4.440627330808244,-0.001947631794049925
2024-02-09,-0.09518278949755396,1.093159029804713,0.05542690239389003,4.465829544652477,0.012411334073478
2024-02-12,-0.09518398058691614,1.093071504506657,-0.039068545339148386,4.4637838932428435,-0.00875233798802162
2024-02-13,-0.09491761869085157,1.0938112355150045,0.3257975121389336,4.40090994057949,0.07402957945920478
2024-02-14,-0.09476439687121192,1.0931637795501326,-0.28748065202796624,4.442779652615257,-0.06470738467948547
2024-02-15,-0.09473194360912636,1.0929689861089829,-0.08709008532133566,4.472808293931629,-0.019471007831811833
2024-02-16,-0.09468072051077044,1.0933612294954842,0.1745875636087817,4.449926207503312,0.03923381095947123
2024-02-19,-0.09468072029701079,1.0933613233089365,4.174433507841968e-05,4.449928352725041,9.380900493118354e-06
2024-02-20,-0.09469114347282472,1.0932873176180207,-0.03276000034094295,4.42550840525066,-0.007402539401365667
2024-02-21,-0.09468845690456414,1.0931710833355321,-0.051486020966422075,4.42996910948208,-0.011622207670978872
2024-02-22,-0.09462442509682882,1.0930469882235871,-0.05606107642557845,4.523064468688766,-0.012394489800812087
2024-02-23,-0.09462559248867797,1.0931764277386986,0.058567429775905566,4.525022793162338,0.012943013207448482
2024-02-26,-0.09463559318745861,1.0930689054413585,-0.04848338322977952,4.508450912957437,-0.010753889565579317
2024-02-27,-0.09463182122076859,1.0929821950748233,-0.03915939152579995,4.516788564997516,-0.008669741999716889
2024-02-28,-0.0946190171447124,1.093298378125265,0.14259787335231522,4.509808629235567,0.031619495432223296
2024-02-29,-0.09459785207717072,1.0930606652829864,-0.10757333199239838,4.526481447051274,-0.02376533147230192
2024-03-01,-0.09460755647867472,1.0931022473850864,0.01899264733947348,4.570100514533315,0.0041558489313473996
2024-03-04,-0.09460739580163262,1.0931073928678623,0.0023487717423336107,4.564651491035778,0.0005145566418260432
2024-03-05,-0.09462829512298408,1.0930238950014879,-0.03775092427451909,4.518919751008071,-0.008353970938762011
2024-03-06,-0.09464452812216968,1.093150628030052,0.05755367625567942,4.5428603611781995,0.012669039257185702
2024-03-07,-0.0946526644983866,1.0931846720132754,0.015609781672196732,4.5878337763683215,0.00340242965048164
2024-03-08,-0.0946531667464267,1.093181343154237,-0.0015183831638978518,4.56000012771573,-0.0003329787546866726
2024-03-11,-0.09464469309733098,1.09355664203959,0.17099404258152617,4.55622189486561,0.03752978817256876
2024-03-12,-0.0945675227306609,1.0932570217583184,-0.13788960269346262,4.604987432459498,-0.029943535072758397
2024-03-13,-0.09457102245309972,1.0931672631898035,-0.04127219385185299,4.597983655391386,-0.008976150622775507
2024-03-14,-0.09457015772658968,1.0931828031915862,0.007130101310735881,4.587906309120863,0.0015541078719417342
2024-03-15,-0.09480520904685572,1.0918111843684204,-0.6251557788912692,4.556318699663469,-0.13720633258982595
2024-03-18,-0.09493515795748356,1.0926755181211554,0.39612966319128873,4.5848188891860655,0.08640028597980517
2024-03-19,-0.09496149203596332,1.092872361221825,0.09072312843039754,4.610494759652376,0.01967752554982579
2024-03-20,-0.09508837462658627,1.0934832551050508,0.2839664817590233,4.650715414784541,0.06105866655618164
2024-03-21,-0.09506738711174638,1.0932136931764642,-0.12575542662676753,4.666205091756207,-0.02695025704055312
2024-03-22,-0.09506838765093105,1.0931838348517842,-0.013914567337110384,4.660104397294228,-0.0029858917635385003
2024-03-25,-0.09510668836841507,1.0925897609378752,-0.2761525022979754,4.6480500893920045,-0.059412548700416
2024-03-26,-0.09505327072840175,1.0933541527419222,0.3543324698633228,4.635023987427455,0.07644673918073626
2024-03-27,-0.09504899349793197,1.093333460911653,-0.009669607840464778,4.675482539465803,-0.0020681518450434803
2024-03-28,-0.09504819323266682,1.0934908824032075,0.07358962860541851,4.674881025156614,0.015741497635857627
2024-03-29,-0.09504819315967215,1.0934909165080064,1.594282753103471e-05,4.674881149712969,3.4103171867831494e-06
2024-04-01,-0.0950594318103423,1.093156138474969,-0.15630281626647502,4.668756491536467,-0.033478468313740746
2024-04-02,-0.09505820012867666,1.0931638309026912,0.003568973206483861,4.638232473838665,0.0007694683754240826
2024-04-03,-0.09506269470127086,1.0933936523931558,0.10668256892876116,4.642414861751277,0.02297997316175161
2024-04-04,-0.09505526460100895,1.093418155843633,0.011242299257673949,4.585260538681465,0.002451834342418147
2024-04-05,-0.09500182984277437,1.0932081607433544,-0.09725227560966232,4.633980989082389,-0.020986766203570466
2024-04-08,-0.095000757928787,1.0930658929683688,-0.06594802374979736,4.63580408206194,-0.014225800439880672
2024-04-09,-0.09500104452397101,1.093076233617292,0.004799114476440991,4.641540198549483,0.0010339487047727716
2024-04-10,-0.09500520612707329,1.093058763553657,-0.008034080996878856,4.596629864155632,-0.0017478198667959662
2024-04-11,-0.0950563519756657,1.0933555855141885,0.1373635862358924,4.629790256364387,0.02966950523235133
2024-04-12,-0.09518642076375274,1.0929694973570843,-0.1764352869369077,4.566697081643547,-0.0386352069740104
2024-04-15,-0.09507927847856555,1.093306460795012,0.15202766795721345,4.5087592025267105,0.033718293909334764
2024-04-16,-0.09508557684558268,1.0931721065908149,-0.06047171068814805,4.500682665822018,-0.013436119624111138
2024-04-17,-0.09504860819045903,1.0934132017002158,0.10788674017123867,4.473561575728573,0.024116520661430264
2024-04-18,-0.09505010132189795,1.0933881517382873,-0.011181598356756695,4.46335511829512,-0.0025052002496784883
2024-04-19,-0.0951206247787774,1.093059038478604,-0.14572939334931334,4.426029723006502,-0.032925534275518295
2024-04-22,-0.09524779174913879,1.0936490177147014,0.263250836160978,4.464444707514729,0.058966087253329365
2024-04-23,-0.0950578620731567,1.0930371802192973,-0.276389453137881,4.520742146627962,-0.06113807073558507
2024-04-24,-0.09505036758736521,1.0934064201274978,0.16679933351866794,4.517403370027931,0.036923719193496914
2024-04-25,-0.09506170119319035,1.0932987673989425,-0.04843896439467699,4.498738329021111,-0.010767233133387625
2024-04-26,-0.09500213935117957,1.0930553286074394,-0.11054705838978407,4.543770045879685,-0.02432936906435851
2024-04-29,-0.09500885364019497,1.0931355842321053,0.03658465777954234,4.559597246135685,0.008023659942892607
2024-04-30,-0.09504929361938633,1.0930338705734644,-0.045682684600876655,4.487576278403638,-0.010179812390203498
2024-05-01,-0.09503834038410422,1.093164476015376,0.058427449575731316,4.472978499265839,0.013062313978330358
2024-05-02,-0.09499320803875984,1.0929677477990585,-0.08876673972230265,4.514703035319322,-0.019661700676182843
2024-05-03,-0.09504611598312539,1.093142811625739,0.07995885739825326,4.570705943255312,0.017493765381306852
2024-05-06,-0.09513138425235686,1.0934938898567925,0.16199028979104924,4.616773323555413,0.03508733880534105
2024-05-07,-0.09512631794269144,1.0933387355187754,-0.07172462545912595,4.623362459599267,-0.015513519886421087
2024-05-08,-0.09512648925730184,1.0931875728483045,-0.0698874114660839,4.6235554541612,-0.01511551276046343
2024-05-09,-0.0950878381806077,1.0929041984753514,-0.13172617094448924,4.650103030690501,-0.02832758114714912
2024-05-10,-0.0950927473887534,1.0930819050508367,0.08272789202811737,4.655829732811727,0.017768667837033795
2024-05-13,-0.09509255310940425,1.0933891662806505,0.14305721692215911,4.6561197511785,0.03072455704902139
2024-05-14,-0.09507100418388022,1.0931960911323524,-0.09029787408570655,4.678193761198005,-0.019301867065587897
2024-05-15,-0.09513665380299706,1.093425184112213,0.108407654996995,4.7351808288461426,0.02289408977511246
2024-05-16,-0.09515934746320033,1.092946775019063,-0.226112320930838,4.72610923698806,-0.047843227820721916
2024-05-17,-0.0951669868720617,1.093178102372897,0.1094764209188952,4.733111738604073,0.023129904165580265
2024-05-20,-0.09517113872926738,1.093373285810754,0.09246455776974472,4.73777708260437,0.019516443293468903
2024-05-21,-0.09515444163305938,1.0931016141172338,-0.12903447309565763,4.750513654642364,-0.02716221496796683
2024-05-22,-0.09514967733292155,1.0931686788769681,0.0317697125047971,4.736704311167646,0.006707134416200352
2024-05-23,-0.09512419862465962,1.0933104011118973,0.06665295147411143,4.701516149625855,0.014176905779514477
2024-05-24,-0.09509537136289338,1.0931294386159718,-0.08562526114678803,4.733510741366752,-0.018089165911993818
2024-05-27,-0.09509537144236758,1.093129400389556,-1.8093602193403058e-05,4.733498421018096,-3.8224586942000985e-06
2024-05-28,-0.09509480228077244,1.0930957032479003,-0.01596190782845497,4.737290182503708,-0.0033694173701681353
2024-05-29,-0.09511572277401453,1.0929729189753432,-0.05777497776261953,4.70394588135587,-0.012282236917650595
2024-05-30,-0.09507367853530177,1.0932295379448655,0.11993725312595416,4.672352760060526,0.025669562912968173
2024-05-31,-0.09510277420677361,1.0933713154117073,0.06678695041091487,4.713005370385792,0.014170777489576231
2024-06-03,-0.09509043894788625,1.0928567856910487,-0.2427372682711848,4.718140550585313,-0.05144765520837903
2024-06-04,-0.09509789474010222,1.0931347296667846,0.13128293627607945,4.723876150035213,0.02779135864412974
2024-06-05,-0.0951016515108788,1.0931481935349752,0.0064321112607785835,4.780382080618817,0.0013455224189832858
2024-06-06,-0.09510016373811812,1.0933520503801797,0.09742538264856648,4.779283963228613,0.020384932847294437
2024-06-07,-0.09509883070543475,1.0933927207409675,0.019412538010101343,4.773061547956708,0.004067104062048315
2024-06-10,-0.0950743797219305,1.093066353911443,-0.15625510355482675,4.7887177317742005,-0.0326298421220444
2024-06-11,-0.09508579667931777,1.0932892533227823,0.10696582476862204,4.799603938596537,0.0222863857387158
2024-06-12,-0.09508524526421805,1.0932863722884019,-0.0013936681758650593,4.8395711142783435,-0.00028797348834347635
2024-06-13,-0.09509490801466255,1.0935176156009399,0.11210724945203765,4.848694219231136,0.02312112176663816
2024-06-14,-0.0950867200981944,1.0930228074167911,-0.24008898047316052,4.852581991115353,-0.04947654277923426
2024-06-17,-0.0951346030591199,1.0932882048134103,0.12975322832051006,4.891090922835424,0.026528484210898814
2024-06-18,-0.09511919543095441,1.0930275574358919,-0.12780207991534098,4.904105977186652,-0.02606021984636177
2024-06-19,-0.09511919553498153,1.0930275061297487,-2.5159852498291002e-05,4.904102587135691,-5.130368309237585e-06
2024-06-20,-0.09514204758387301,1.0926809174182193,-0.16951297848174818,4.890490764867383,-0.03466175208825793
2024-06-21,-0.09511384374233293,1.0932180196815695,0.2621096942771146,4.879798023018833,0.053713226047614845
2024-06-24,-0.0951045885379736,1.0933619790390479,0.07006596491692108,4.866674497091283,0.014397092914021296
2024-06-25,-0.09506755092052799,1.0929665033557256,-0.19321775198625346,4.886902322338124,-0.03953787885283719
2024-06-26,-0.09507835458348686,1.0934240455101687,0.2238227038919831,4.8923410399623135,0.045749611906390576
2024-06-27,-0.09507497382742235,1.0933233775277145,-0.04932057864698436,4.899924077243103,-0.010065580174200194
2024-06-28,-0.09506978433024359,1.0933804038549881,0.027838492337991738,4.881033348554788,0.0057034013804135066
2024-07-01,-0.09506182976032886,1.093223980035292,-0.07651456921087174,4.892257216939079,-0.015639931797932802
2024-07-02,-0.09504553735223133,1.0931125424235428,-0.05485228719624047,4.92397154465253,-0.011139846503745632
2024-07-03,-0.09503072160523443,1.0929656684337206,-0.07262826201042571,4.946209981790134,-0.014683618826902304
2024-07-04,-0.09503072166213745,1.092965640015342,-1.405563318712666e-05,4.9462033217354024,-2.84170145722905e-06
2024-07-05,-0.09506083866683937,1.093191596908529,0.11239482221628805,4.975772706442618,0.022588415678786836
2024-07-08,-0.09506524076512551,1.0934144549898843,0.11098525252509717,4.980544175438365,0.022283760291179174
2024-07-09,-0.09506110348239118,1.093232911241795,-0.09050897995291507,4.986007423068087,-0.01815259631066119
2024-07-10,-0.09503481862161497,1.093109770718446,-0.06195948011452401,5.034023732831429,-0.012308142234298602
2024-07-11,-0.09501728229280579,1.0931994742171351,0.04478518765188255,4.990884285148588,0.008973397316613846
2024-07-12,-0.09504972467721298,1.0934369879102965,0.1192339009647867,5.0217226958404195,0.023743625083788522
2024-07-15,-0.09503221824936348,1.0931711755027407,-0.13386340987051426,5.036934978368083,-0.026576362499300055
2024-07-16,-0.09506674116580748,1.0934488816904362,0.1406306517825442,5.065524022667202,0.027762310701370734
2024-07-17,-0.09506391305021039,1.0934577924816957,0.004453347108892558,4.994795298550406,0.0008915975215610963
2024-07-18,-0.09513760907271732,1.093032276760751,-0.21100054057342277,4.957226396110456,-0.042564233245223224
2024-07-19,-0.09511038074167114,1.093208052613653,0.08657748989935499,4.924154171796272,0.017582205365388178
2024-07-22,-0.09510873552667354,1.0932009972280003,-0.003508420490447861,4.9752975047883305,-0.0007051679798185503
2024-07-23,-0.09510873576763508,1.0932009911769982,-3.0056070272621582e-06,4.9669815120620875,-6.051174178851238e-07
2024-07-24,-0.0949185187233346,1.0935568846686192,0.1729081044851455,4.85336872783526,0.03562641006307126
2024-07-25,-0.09494824477735267,1.0933093323869045,-0.1195626096525757,4.828841078991175,-0.024760104484025453
2024-07-26,-0.0949362450425193,1.0932626151637261,-0.02279876715692808,4.8830121316587265,-0.004668996623848954
2024-07-29,-0.0949354954185792,1.0932128775864807,-0.024302728902398485,4.886596831627603,-0.004973344382557514
2024-07-30,-0.09495606178355089,1.0930463562534054,-0.08096297555857745,4.861034357665433,-0.016655503664751062
2024-07-31,-0.09489365027864231,1.0928719023860363,-0.08607175046165594,4.937661746287418,-0.017431682218080752
2024-08-01,-0.09471700423831024,1.0934272138545769,0.2706161858774294,4.870312938130643,0.055564434835125645
2024-08-02,-0.09498100238097401,1.0928186217619469,-0.2912370550984633,4.781355212865788,-0.060910984884535564
2024-08-05,-0.09421146785111015,1.0938672251867043,0.48706882023543585,4.637910718147848,0.10501901606893094
2024-08-06,-0.09408796998038536,1.093348026400731,-0.24306016792661467,4.684093286875527,-0.051890548082731566
2024-08-07,-0.09408297561181041,1.093377321943599,0.013631355869165418,4.651584656358545,0.0029304757144496675
2024-08-08,-0.09398228691031427,1.0931943726499977,-0.08697982101170965,4.760154364935404,-0.018272479071776905
2024-08-09,-0.09398088088109001,1.0931801949732436,-0.006775815322384915,4.780461986283285,-0.0014173975950079623
2024-08-12,-0.09398060603433382,1.0931526394201345,-0.01317856746891266,4.7828949797385825,-0.0027553537187707516
2024-08-13,-0.09399112043769521,1.0931800744784284,0.013328549454399763,4.862353012664062,0.0027411727243343664
2024-08-14,-0.09399690105231379,1.0932604968712059,0.03922073968180939,4.877820529734188,0.008040627867041817
2024-08-15,-0.09397502865498127,1.0932041717723013,-0.02792247798470271,4.961569755196356,-0.00562775076485802
2024-08-16,-0.09398305226468281,1.0933791415399716,0.08698169258559574,4.971961081275722,0.017494443573415442
2024-08-19,-0.09390706098852575,1.0930245121799942,-0.17793021157990552,5.019780763997148,-0.03544581326261415
2024-08-20,-0.09390019410514026,1.093199700127081,0.08779719921290052,5.011467698717117,0.017519258726415753
2024-08-21,-0.09393297292187747,1.0936269943088806,0.21484353091591402,5.029033740748583,0.04272063819638126
2024-08-22,-0.09400733386527553,1.0932256769152586,-0.2002550255992901,4.988347291568106,-0.040144563699040126
2024-08-23,-0.09400219834618702,1.0932043000682599,-0.010773143562687437,5.042319883152698,-0.0021365450452047793
2024-08-26,-0.09402548899799523,1.0927968196833455,-0.20497147016851613,5.029904987328712,-0.04075056500766481
2024-08-27,-0.09404041973057164,1.0933293743439794,0.26819967132337297,5.036640238421674,0.05324971779350641
2024-08-28,-0.09405868683326808,1.0931899247578458,-0.06984903341208337,5.007857833434775,-0.013947886648406614
2024-08-29,-0.09405869377744626,1.0931945614629912,0.0023222311601784895,5.008640519420423,0.0004636450053012005
2024-08-30,-0.09406475225063804,1.093223647145623,0.014698199368012865,5.055778733238304,0.0029072077999344015
2024-09-02,-0.09406475224019349,1.0932236525309533,2.7225627263760543e-06,5.055759982171626,5.385071158395099e-07
2024-09-03,-0.0940853679229136,1.0931792271580332,-0.022025670692073618,4.95354732417594,-0.004446443982593374
2024-09-04,-0.0940599575073569,1.093610574070268,0.21315264596205452,4.9412258778510125,0.04313760415558187
2024-09-05,-0.09407988561315943,1.0932708945863605,-0.16744037427531566,4.9290319231551205,-0.033970235309033155
2024-09-06,-0.09406992634697114,1.0932963796841781,0.01236191549992327,4.8470049470804,0.002550423536780066
2024-09-09,-0.09406121791204844,1.09326254427491,-0.016574927700048647,4.901547938043325,-0.0033815700488008045
2024-09-10,-0.09401804166656115,1.092796742142233,-0.22919948547303193,4.921722478661491,-0.046568957609199636
2024-09-11,-0.09415650610733865,1.093397164671107,0.29837941563539516,4.972077605761528,0.06001101336182686
2024-09-12,-0.09412913465699076,1.0932545019259985,-0.07151121822050754,5.014802539045446,-0.014260026723628387
2024-09-13,-0.0941048051496581,1.093046940537509,-0.10461061424064155,5.041426864668928,-0.020750199705120858
2024-09-16,-0.09411013331211447,1.0932141241677529,0.08440178484852368,5.0490307070783045,0.016716433261180146
2024-09-17,-0.09410928075235664,1.09311277002753,-0.051194210415587804,5.051370174736964,-0.010134717639903236
2024-09-18,-0.0940877964925717,1.0933995024520426,0.14438318041027287,5.034977905247442,0.028676030585913212
2024-09-19,-0.09396411688233135,1.093076605770515,-0.1652806585319695,5.122832371742999,-0.03226353051168336
2024-09-20,-0.09397042931958981,1.0929373313559312,-0.07120990045257258,5.1127311810829,-0.013927957080170602
2024-09-23,-0.09398823772050231,1.0932771407604494,0.1741363010457917,5.125321739364045,0.03397568189883016
2024-09-24,-0.09399032183792137,1.0933111063316518,0.01745548130259067,5.140053082018623,0.00339597296449232
2024-09-25,-0.0940071648778367,1.092950966429719,-0.18474501188450176,5.129609411730794,-0.036015415025949606
2024-09-26,-0.09403515438728319,1.0932785753950987,0.16868192829417694,5.15000723191108,0.03275372648973581
2024-09-27,-0.09405224248929103,1.0927169553520184,-0.288862185117182,5.143335437055598,-0.056162423908044136
2024-09-30,-0.09409610159186663,1.0931857201259343,0.24209555841730435,5.165752331976232,0.0468654985487249
2024-10-01,-0.09412000159629015,1.0930712156662525,-0.05861852672182977,5.117501668925891,-0.011454520294105378
2024-10-02,-0.09412045902066483,1.0933224692548105,0.12859405501649235,5.11838231293746,0.025123964400129324
2024-10-03,-0.09412107045106748,1.0933085528965578,-0.007109682901727865,5.108691836869218,-0.0013916836498959631
2024-10-04,-0.09409074855293724,1.093157278485025,-0.07795917060093416,5.155783684466572,-0.015120721770350995
2024-10-07,-0.09408208685003037,1.0932002607677773,0.0219687931040653,5.109377981177206,0.004299700117117517
2024-10-08,-0.09408557163488514,1.093217193052153,0.00872926164117871,5.157739726393679,0.0016924587327484745
2024-10-09,-0.09407831668025705,1.093167882146244,-0.025598333750735947,5.192963573574323,-0.004929426788394855
2024-10-10,-0.0940817379167565,1.0930791760138578,-0.04598845153930142,5.184241790758493,-0.008870815327572322
2024-10-11,-0.09409996290311709,1.0932223721624388,0.0746556912969254,5.215079046480419,0.01431535181567563
2024-10-14,-0.0941106892351613,1.0932838608676967,0.032316745897901455,5.257752434860283,0.006146494400084896
2024-10-15,-0.09416960382260187,1.0929317840814474,-0.1837528959993051,5.217710471885219,-0.03521715070037473
2024-10-16,-0.09419310163921306,1.0931959516142626,0.13838341081634553,5.239638469650264,0.026410870066304853
2024-10-17,-0.0941933081693281,1.0933497851701812,0.08061080390143616,5.240416487625074,0.015382518563513737
2024-10-18,-0.09418692175740284,1.0932709429195384,-0.04146702570290017,5.260580666950437,-0.007882594779587068
2024-10-21,-0.09418446896501498,1.0933405738836186,0.03657389783143117,5.252452300346842,0.006963204183504158
2024-10-22,-0.09418620270741818,1.0932374268962564,-0.05413905003774744,5.248831484751153,-0.010314495749202771
2024-10-23,-0.09418372758260066,1.0932497519532813,0.006412377404217295,5.200978136796212,0.0012329175850309
2024-10-24,-0.0941773686429418,1.093114940020989,-0.07026367726462013,5.212722227856352,-0.01347926749082023
2024-10-25,-0.09417541333170162,1.0933013340705857,0.09712062360108575,5.2106650955142975,0.018638815164822995
2024-10-28,-0.09416740822398398,1.0931795790113994,-0.06362898756174218,5.22691544794006,-0.012173334004631452
2024-10-29,-0.09416563014897655,1.0931250070593117,-0.028566404278649316,5.2352301115672315,-0.0054565708994399114
2024-10-30,-0.09418076340263822,1.0929002965059165,-0.1172961071968075,5.219470569883094,-0.022472797887513465
2024-10-31,-0.09415077337168024,1.0929686858711132,0.03502175787593842,5.116840784541409,0.006844410320865047
2024-11-01,-0.09415053874085391,1.092966185296255,-0.001284751651382976,5.139036454082543,-0.00024999854795004344
2024-11-04,-0.09414136153056883,1.0931497762173188,0.09414740354725382,5.127872516844191,0.018359934502660814
2024-11-05,-0.09415725967119065,1.093210712145942,0.03160532232789137,5.189553611581547,0.006090181293696947
2024-11-06,-0.09411612200167414,1.0931329297026575,-0.04132690653852933,5.318794369436668,-0.007769976364569703
2024-11-07,-0.09411772805224998,1.0931427822041397,0.0052791619792742495,5.360115591617494,0.0009848970398194687
2024-11-08,-0.09411343372627755,1.0930957611975718,-0.025309499396712454,5.38379200146726,-0.004701054459350359
2024-11-11,-0.0941125469124871,1.0930381376218246,-0.03104617656561004,5.388189406275503,-0.005761894065834296
2024-11-12,-0.09411686150294316,1.0929719735775014,-0.03554607358933026,5.3720394985866635,-0.006616867504172693
2024-11-13,-0.094119193684179,1.0932337852526124,0.14070845448895852,5.374782435216343,0.026179376781284507
2024-11-14,-0.094157865441094,1.09295158368966,-0.1507442241266972,5.3406262973953815,-0.02822594499828887
2024-11-15,-0.0940927334676654,1.0931841956030446,0.1226855592440188,5.27173849828687,0.023272315059612178
2024-11-18,-0.09409463790194873,1.0932061162200437,0.011601294796150796,5.293561141725936,0.0021915860581461534
2024-11-19,-0.09408150207901092,1.0930332591913847,-0.09181818209629,5.312838954676222,-0.017282319844360055
2024-11-20,-0.094082070680715,1.0931279382521075,0.0503167723571778,5.314791790560089,0.009467308286008183
2024-11-21,-0.09409061492436863,1.0932089824124958,0.04327982023653476,5.341614309002801,0.008102385858071144
2024-11-22,-0.09408674450959022,1.0931530661465194,-0.029962982491838375,5.359518724575797,-0.0055906106558495
2024-11-25,-0.0940682014272185,1.092872387073345,-0.15088744528213738,5.37674244592879,-0.028062985497173606
2024-11-26,-0.09410461158543547,1.093186349203852,0.16971039134637067,5.406889167365981,0.0313878065728961
2024-11-27,-0.09410656919932563,1.0931579882388625,-0.01528675280326297,5.389654619678845,-0.0028363139907792213
2024-11-28,-0.094106569207956,1.0931579836156577,-2.491628151801706e-06,5.389656343897438,-4.622981490504323e-07
2024-11-29,-0.09412213317396538,1.0933012776667703,0.07761767366343975,5.418045036197367,0.014325771222809066
2024-12-02,-0.09411536171450562,1.0931827551854032,-0.06438677698747597,5.433308249946417,-0.011850381761077323
2024-12-03,-0.09411595762378422,1.0933772552473742,0.10569648008663535,5.4345763888748335,0.019448890313329203
2024-12-04,-0.09409577415858972,1.09322101597752,-0.0854199730417804,5.468837964334048,-0.015619400976745189
2024-12-05,-0.09409272941562456,1.0933045003185347,0.04558087252723908,5.459727256753265,0.00834856218703215
2024-12-06,-0.09408469587272127,1.0931012390556847,-0.11118214008706673,5.470592996125798,-0.02032359931835625
2024-12-09,-0.09407846356462378,1.0931575630687567,0.03065680740053267,5.442110273392314,0.005633257295505498
2024-12-10,-0.09408206668965353,1.093098902270928,-0.031835115174772,5.426647583877129,-0.005866442344506744
2024-12-11,-0.09410389558039496,1.0932390998689732,0.07663079068663592,5.4677655916129915,0.014015010227245281
2024-12-12,-0.0941218761720602,1.0930751086461274,-0.08921751803723055,5.439566599876751,-0.016401585751197902
2024-12-13,-0.09412227661329932,1.0929561130322045,-0.0647208621670643,5.439175822245558,-0.011899020050494405
2024-12-16,-0.09415192248670069,1.0933271893832224,0.20258651990616272,5.460515806041537,0.03710025336471331
2024-12-17,-0.09416750575251408,1.0931532770836556,-0.09457744270821422,5.437609314465183,-0.017393203012327194
2024-12-18,-0.09419191481041282,1.0931148737603524,-0.020292619406177437,5.278062336918293,-0.0038447100679803088
2024-12-19,-0.09419586478185345,1.0927199817958837,-0.20833966713939844,5.276037870238502,-0.039487902146157355
2024-12-20,-0.09413285254237347,1.0924567453708747,-0.14038563992562558,5.335756931589548,-0.026310351413216273
2024-12-23,-0.09414984770274065,1.0925702634622723,0.06098350065383329,5.373926504365767,0.01134803399419222
2024-12-24,-0.09437029422247199,1.093601493050165,0.559624628116012,5.429209324805846,0.10307663503764881
2024-12-25,-0.09437029392316876,1.0936016586269848,8.989044033569371e-05,5.4291892101957755,1.6556881120828036e-05
2024-12-26,-0.09437141575442415,1.0930967533682374,-0.274104607934305,5.429090938881265,-0.05048812241682359
2024-12-27,-0.09448383347378576,1.0925893560380844,-0.2727145852195463,5.372838070298094,-0.05075801311175857
2024-12-30,-0.09443821598614519,1.0927789929891312,0.10079538252182374,5.313048859784931,0.018971288460144876
2024-12-31,-0.09442476303955688,1.0929307596740496,0.08031881679232811,5.291641745032135,0.015178430563205171
2025-01-01,-0.09442476299066703,1.092930785339958,1.3580829431703023e-05,5.291643593501789,2.566467146120814e-06
2025-01-02,-0.09439924639178544,1.0933868343495268,0.2407335145783236,5.278388629512629,0.045607387306105064
2025-01-03,-0.09418518230950791,1.0926027621404708,-0.4189703047858302,5.346553403202215,-0.0783626896039037
2025-01-06,-0.09423554120693325,1.0930173034510235,0.2228637682505905,5.37765535089283,0.04144255325205795
2025-01-07,-0.09423466250839922,1.0930209200794718,0.0019238015697737865,5.317172079689248,0.0003618091611370643
2025-01-08,-0.0942258309780269,1.0926929721786949,-0.17459261644626167,5.324337603201329,-0.03279142486030291
2025-01-09,-0.09422583108065252,1.092692917409035,-2.9159801442801836e-05,5.3243362096664235,-5.476701751076823e-06
2025-01-10,-0.09413043186603849,1.09297959620522,0.1504030712117128,5.243351709684954,0.028684528435104682
2025-01-13,-0.09413512136370492,1.0931593961662829,0.09438744113037956,5.250114981131559,0.017978166472467656
2025-01-14,-0.09413831782391242,1.093283876688599,0.06543021742004385,5.256791989385723,0.01244679598358801
2025-01-15,-0.09409473255315225,1.093171320620384,-0.06020348619301785,5.352957161925986,-0.01124677152681654
2025-01-16,-0.09410240207993217,1.0929423624654124,-0.12237838773171461,5.344951590406182,-0.022896070368789746
2025-01-17,-0.09407896676527536,1.0928255669935987,-0.06299848544051656,5.396219173177686,-0.011674560172362028
2025-01-20,-0.09407896679983677,1.0928255480102123,-1.0243321639791247e-05,5.3962010046541,-1.898246864962335e-06
2025-01-21,-0.09407102313111083,1.0927834300318267,-0.022925331578676378,5.445306929185044,-0.004210108241246087
2025-01-22,-0.09410413179068011,1.09306774131765,0.15565383850855596,5.4762241400402765,0.02842356969475891
2025-01-23,-0.09410875154729365,1.0931086527084757,0.02252229065516076,5.506561090930589,0.004090082772759101
2025-01-24,-0.0941044648769246,1.0931751970165196,0.036534959529035405,5.489958430003219,0.006654869976677397
2025-01-27,-0.09411331965053661,1.0931452001760162,-0.01624703879417666,5.413585887695452,-0.00300116025333681
2025-01-28,-0.09413528405077796,1.093272040704565,0.06921588974671522,5.4589508935368,0.01267933914347248
2025-01-29,-0.09412049912001642,1.093429408780504,0.08553960338974775,5.434978393085122,0.01573872004690563
2025-01-30,-0.0940955596147652,1.0931966897435552,-0.12711113680302333,5.4633614912986035,-0.023266104028713992
2025-01-31,-0.09410253920465168,1.0931354217391867,-0.033299493825666104,5.4341943260710694,-0.0061277701582934906
2025-02-03,-0.0941057696649254,1.0931124359815494,-0.012411583602215615,5.398556729184648,-0.0022990558819394225
2025-02-04,-0.09411098631676838,1.0931503737732826,0.020610599421047482,5.434402302821649,0.0037926156866130525
2025-02-05,-0.09411082089173207,1.0931484034828287,-0.001074903083576828,5.456683536876029,-0.00019698834948236966
2025-02-06,-0.09411662164382043,1.093227665764642,0.043398465938366826,5.476317967025947,0.007924752762655135
2025-02-07,-0.09399549338935936,1.0938143721986868,0.3182815955192382,5.423103746480938,0.05868993299745957
2025-02-10,-0.09389733036906532,1.0931491941734086,-0.3631954816946745,5.461894278816481,-0.0664962489485194
2025-02-11,-0.09389530150745298,1.0930295941942225,-0.06537740389637747,5.466792093331626,-0.011959006814274975
2025-02-12,-0.09389645937549136,1.0930133080873607,-0.008874553134091911,5.448724489697972,-0.0016287395611342126
2025-02-13,-0.09391818573054259,1.0931133941635667,0.05508540314451693,5.506279057710076,0.010004106687506967
2025-02-14,-0.09391820769571269,1.093092360840405,-0.011581326961959348,5.506454298422788,-0.0021032276550949644
2025-02-17,-0.09391820770167812,1.0930923575560274,-1.8084400608131546e-06,5.50645426768684,-3.284218796523024e-07
2025-02-18,-0.09392124882825899,1.093144855699469,0.02898682037994149,5.522362275699482,0.0052489892790074
2025-02-19,-0.09391131162882851,1.092938232850568,-0.11436458863613552,5.535713456057534,-0.020659412656374117
2025-02-20,-0.09387964585468389,1.0932942855452503,0.19629355236372703,5.512441231630021,0.03560918731204021
2025-02-21,-0.0939782617768235,1.0930209204314767,-0.14821886748063662,5.418698970667554,-0.02735322044700646
2025-02-24,-0.0939815888238856,1.0929883413319634,-0.01757252430149947,5.393058725722217,-0.0032583595312410075
2025-02-25,-0.09396910469850105,1.0931042134179583,0.062189214798422654,5.36625581320475,0.011588939656099435
2025-02-26,-0.09396554245752275,1.092790578122876,-0.16839718122662362,5.3695957704704345,-0.0313612399191588
2025-02-27,-0.09390520343378729,1.0929632659864135,0.091293465637591,5.283409917086851,0.017279269840930322
2025-02-28,-0.09398013008247427,1.0931911236156655,0.1221751111447702,5.365511646650632,0.022770449342149283
2025-03-03,-0.09395560968548829,1.0932564430104512,0.0344662287581059,5.273104310569127,0.006536231170133244
2025-03-04,-0.09395952582530159,1.0932417469848503,-0.007659514610168117,5.209573217331551,-0.0014702767943995758
2025-03-05,-0.09389034820461188,1.092955074267079,-0.15094169145004344,5.268006920467447,-0.028652523379116956
2025-03-06,-0.0938043396964704,1.0931684582486751,0.11045226736700897,5.1724779324547585,0.02135384023080606
2025-03-07,-0.09377484456597603,1.0929153124234567,-0.13160809957742003,5.200347708265051,-0.025307557678932082
2025-03-10,-0.0935099454763395,1.0933570481977177,0.22389952281139358,5.062949769396056,0.04422313730323694
2025-03-11,-0.0935749155794491,1.0930133017826305,-0.17266369483832023,5.0213668284614945,-0.03438579588721722
2025-03-12,-0.09360217786424944,1.0932660163361194,0.12747864387426944,5.045721286883752,0.02526470183869401
2025-03-13,-0.09365307518623622,1.0930975266036216,-0.08395170986091216,4.9798458583686465,-0.01685829486465551
2025-03-14,-0.09376240060520126,1.0933354284131072,0.12078698147684008,5.0821048723832485,0.023767117072536353
2025-03-17,-0.09367574281834255,1.0928213273617307,-0.26316143915141765,5.120831336746405,-0.05139037430563396
2025-03-18,-0.0936403279789386,1.0929687808685393,0.07474358942181425,5.066823541280772,0.014751567488557311
2025-03-19,-0.09371889504740184,1.093306550350536,0.1728514975353619,5.120054104683013,0.03375970136277755
2025-03-20,-0.09371501935474244,1.093379037277989,0.037030098515629106,5.108249818644844,0.007249077439492326
2025-03-21,-0.09371291166882238,1.0927977353505478,-0.2970002505414868,5.109527059628602,-0.05812675949759526
2025-03-24,-0.09385512348331577,1.0931680967202526,0.19240462292282245,5.19921115974474,0.03700650291192804
2025-03-25,-0.09384247915039233,1.0929172128193592,-0.1307294928542433,5.211533593485081,-0.02508464936648739
2025-03-26,-0.09374127386216902,1.0933046464117504,0.19964867674832476,5.150766079629808,0.03876096752634392
2025-03-27,-0.09376886643380661,1.0928687889914663,-0.22389824682022663,5.136592476141903,-0.04358886710599956
2025-03-28,-0.09387713612622908,1.0926316197129846,-0.11949404671418051,5.034066718978439,-0.02373708045300389
2025-03-31,-0.09397763896371658,1.0933733165077846,0.3755255169465954,5.064688025185453,0.07414583387549223
2025-04-01,-0.09394837222388235,1.093011387035063,-0.18394068837596933,5.08330238563764,-0.036185273749536374
2025-04-02,-0.09395350537466986,1.0930499809153047,0.019730505925394937,5.113945997248533,0.003858176432838865
2025-04-03,-0.09411750073360955,1.09290431311502,-0.07110218510899813,4.87033449335143,-0.014599035283112656
2025-04-04,-0.09770558554079031,1.0904349382687544,-1.1364719409417035,4.588333860418709,-0.24768728159593742
2025-04-07,-0.09749423503039129,1.09239116948244,0.8939009955673214,4.56866246892316,0.19565923323243775
2025-04-08,-0.097600040654121,1.0921103247895227,-0.12652088790082416,4.501492683563761,-0.02810642975446526
2025-04-09,-0.10269517661238553,1.0944841744271647,1.1624869393792778,4.919872470357846,0.23628395784306266
2025-04-10,-0.10361218375269725,1.0933734880962445,-0.5285669049803801,4.7510185094441875,-0.11125338786403004
2025-04-11,-0.10414925920680425,1.0946695997802538,0.6260416767635206,4.834603019152777,0.12949184747607864
2025-04-14,-0.10374507865671743,1.0929387640833503,-0.8447389134227024,4.883137987984155,-0.1729909978995751
2025-04-15,-0.10371905508801336,1.0933216186468893,0.1864443857441529,4.869420943776828,0.03828882076470115
2025-04-16,-0.10391038756606136,1.0929613620971639,-0.17175234542241924,4.762473986869873,-0.036063681585650646
2025-04-17,-0.10389738711979066,1.092543060089815,-0.19946640078330802,4.7690396209479395,-0.041825276499518824
2025-04-18,-0.10389738730181837,1.0925429730159677,-4.152386316036427e-05,4.769038014766143,-8.706968372194965e-06
2025-04-21,-0.10351238049289258,1.093196633233787,0.30467763304983464,4.65549919481952,0.06544467527539677
2025-04-22,-0.10347101589317587,1.093127976951588,-0.03272573687638669,4.7729818781400315,-0.006856455296063157
2025-04-23,-0.10344345417158209,1.0930549000937153,-0.035409374256914816,4.849569125191804,-0.007301550579612441
2025-04-24,-0.10350673819980473,1.09318574226817,0.06471834666945142,4.951457671556509,0.01307056446048684
2025-04-25,-0.10348184344920937,1.093036812511903,-0.07425495861559739,4.987849371868898,-0.014887169415016794
2025-04-28,-0.10347948136818293,1.0928414432637557,-0.09749922459320715,4.990891428271962,-0.019535432896997544
2025-04-29,-0.10352345897750448,1.0931641172999234,0.16196655991905118,5.0211442688503665,0.03225690226107261
2025-04-30,-0.10353678967877446,1.0946088764999498,0.7257377909656952,5.023597869557275,0.14446574144869878
2025-05-01,-0.10328931389178043,1.0930463196209272,-0.7902341364249423,5.059173639599827,-0.15619826333682604
2025-05-02,-0.10340149555729213,1.093399040193418,0.18088291432150072,5.13170493841385,0.03524811276024173
2025-05-05,-0.10344645174070224,1.0930218941918521,-0.1925631969852475,5.1048708257504725,-0.03772146319822668
2025-05-06,-0.1033740018333226,1.0933936906290294,0.18824474784605627,5.061427517585375,0.03719202679323581
2025-05-07,-0.10331460783179704,1.0927986860591299,-0.30244204626410465,5.084289529361695,-0.05948560649772331
2025-05-08,-0.10325786617514345,1.0924136509850588,-0.1970005998830402,5.118183384523502,-0.0384903363327574
2025-05-09,-0.10323867286469411,1.0930185446920657,0.3091870039403375,5.111373993040307,0.060489998259045274
2025-05-12,-0.10315844856067197,1.0929071110089443,-0.058770537246346066,5.281661839982281,-0.011127281341916284
2025-05-13,-0.10325755054377124,1.0936156630262712,0.37656102309904327,5.316199513515961,0.07083274849667899
2025-05-14,-0.1032394499998001,1.0928887692209182,-0.38687215788570484,5.322791034167612,-0.07268219913243402
2025-05-15,-0.10324002965417887,1.0928943800494553,0.003000439624088358,5.348904453907154,0.0005609447037134232
2025-05-16,-0.10324852005039538,1.092957037125737,0.03372043837566707,5.383388497381332,0.0062637943354951755
2025-05-19,-0.10325355369175944,1.0932089351361274,0.13573312992173214,5.388895725340136,0.025187559166059935
2025-05-20,-0.10326761016643608,1.0930279289875868,-0.09720539580109744,5.369780759759959,-0.01810230252406855
2025-05-21,-0.1032272744627181,1.0931383125754812,0.058320236547160675,5.280049791660215,0.011045395185340279
2025-05-22,-0.10322447987821788,1.092796555952306,-0.18052067966982577,5.282497193961831,-0.03417336025775277
2025-05-23,-0.10316927572089903,1.0931654900981143,0.1936188054410195,5.24683292673323,0.03690203369246026
2025-05-26,-0.10316927559829221,1.0931655535678235,3.329989988287707e-05,5.246834011248222,6.346665400789957e-06
2025-05-27,-0.10315195984618192,1.093126033313337,-0.02114314748905599,5.354675171636276,-0.0039485396987386425
2025-05-28,-0.1031774933735633,1.092921477467716,-0.1089268793410838,5.324069185151956,-0.020459328298149247
2025-05-29,-0.10318737218792735,1.0930437741642578,0.0653489657074715,5.344567098946077,0.01222717658841967
2025-05-30,-0.10318816940863407,1.0930106338325132,-0.0176936584299483,5.339045583126689,-0.003314011494089252
2025-06-02,-0.10318739779051704,1.0930043294158904,-0.0033845739468461034,5.370086665392275,-0.0006302643062835683
2025-06-03,-0.10317915451810226,1.0929348791286342,-0.037496586221323014,5.40052898337308,-0.006943132114792072
2025-06-04,-0.10317288830250894,1.0933412166636785,0.21929823830328132,5.397071970425833,0.04063281710990015
2025-06-05,-0.10317113033842676,1.093358484930019,0.009277535456931219,5.371850225919064,0.0017270651761970774
2025-06-06,-0.10314351507570949,1.093229613482241,-0.06990376175463098,5.426745502211428,-0.012881341446018579
2025-06-09,-0.1031406764724718,1.0930934201220317,-0.07398089427022114,5.4325388891348965,-0.01361810670480119
2025-06-10,-0.10314640595520383,1.0931420179573093,0.026544194150687872,5.463481474114301,0.004858476097421199
2025-06-11,-0.10315151017575117,1.0930569604974136,-0.04634540855238356,5.448397507902425,-0.00850624582460505
2025-06-12,-0.10313964324046719,1.0929039498756807,-0.08366515502484617,5.4689942530868905,-0.015298087939591937
2025-06-13,-0.10312432886731498,1.0929681594811547,0.034738754978320685,5.408109255423195,0.006423456579299877
2025-06-16,-0.10314663234046792,1.0930789708073183,0.060481100336573945,5.460338608578592,0.011076437684936553
2025-06-17,-0.10309852891031729,1.0933422900196408,0.1425970177739373,5.4138201325615665,0.02633944502815742
2025-06-18,-0.10309875342225465,1.0933056581409442,-0.01982706809235424,5.412735817349506,-0.0036630400524633594
2025-06-19,-0.10309875343319817,1.0933056522209834,-3.2041637041402282e-06,5.41273598813878,-5.91967483941889e-07
2025-06-20,-0.10313247602675304,1.092750877120276,-0.29947260863878,5.397759887397857,-0.055480905947290896
2025-06-23,-0.10318119527636048,1.0929773643927516,0.12345575314361668,5.453344857476318,0.022638537699365146
2025-06-24,-0.10316251164047513,1.0928951368064417,-0.045312883665928894,5.51324624418098,-0.008218911628290665
2025-06-25,-0.1031647590868495,1.0931548530992097,0.1432494103597719,5.515983118005267,0.025969878314561424
2025-06-26,-0.10315653743262185,1.0931040497042583,-0.028235113373398235,5.5596405701481055,-0.005078586109505649
2025-06-27,-0.1030941197741651,1.0924820764830627,-0.34742924825195587,5.5872184889451395,-0.0621828641459751
2025-06-30,-0.10315663949640314,1.0931037037083187,0.34897119539243704,5.6151361913922155,0.062148304777967144
2025-07-01,-0.10315557275825558,1.0931993956172676,0.05370594924397665,5.612559115304514,0.009568887942316629
2025-07-02,-0.10315477717104332,1.0931904318396097,-0.005052239032124817,5.63746748863762,-0.0008961894755593114
2025-07-03,-0.10296212771618192,1.0920773015794953,-0.6327208066383037,5.686196671843029,-0.11127311332219961
2025-07-04,-0.10296212799864028,1.0920771386279284,-9.265273092751158e-05,5.6861818846000824,-1.6294366379387807e-05
2025-07-07,-0.10276088971963147,1.0932947478104507,0.6869735120853875,5.640624730988624,0.12179032374043125
2025-07-08,-0.10276316353894106,1.0931470319085512,-0.08326350078880296,5.636868639243046,-0.014771233129176504
2025-07-09,-0.10276410343206487,1.093154964223003,0.004496665795613808,5.670280112261944,0.0007930235731899377
2025-07-10,-0.10276241620709499,1.093125630673544,-0.016679074258036053,5.686877875634257,-0.0029329052993204707
2025-07-11,-0.10278158949709534,1.0928694573072921,-0.14517021891094828,5.666415910083584,-0.02561940761401097
2025-07-14,-0.10278590591641316,1.0929825001333855,0.06417338938308603,5.677586134717886,0.01130293541311016
2025-07-15,-0.10279032802894819,1.0929333916196635,-0.02776392487260182,5.652976060323507,-0.004911382000618795
2025-07-16,-0.1028135394636981,1.093290838875375,0.20269453304172202,5.67155948196166,0.035738765270185394
2025-07-17,-0.10279669804517994,1.0931495653685774,-0.08058333507869975,5.705560561615283,-0.014123649062781319
2025-07-18,-0.10279624235527327,1.0931916333739218,0.02399052700741322,5.702981650295087,0.0042066638959239655
2025-07-21,-0.10279232094238072,1.0930770655543551,-0.06544714558935993,5.713162873393424,-0.011455501451595509
2025-07-22,-0.1027922907613048,1.093094356648664,0.009878201790456842,5.713161071695962,0.0017290256071013379
2025-07-23,-0.10285634191742563,1.0934755770701114,0.21957175029706377,5.761697278560043,0.03810886613465727
2025-07-24,-0.1028524863228033,1.0931542657617381,-0.18524302416358296,5.765637153233626,-0.03212880367605
2025-07-25,-0.10284500873661542,1.0930576683367186,-0.05590567467129404,5.78856831236431,-0.009657945048671224
2025-07-28,-0.10284486405141637,1.0930800103741718,0.012929217991313635,5.787179750735812,0.0022341137735819847
2025-07-29,-0.10283185552636194,1.0933228972540663,0.14020393810994847,5.772156694063915,0.024289697168847508
2025-07-30,-0.10283693587977506,1.093127786664072,-0.11248332905688585,5.765141964558393,-0.01951093828189919
2025-07-31,-0.10286553712518136,1.092756763577028,-0.21311473577486595,5.743498287664707,-0.03710538858043569
2025-08-01,-0.10274194385899435,1.0931224614248554,0.20669299060079993,5.648940645484811,0.036589690629164125
2025-08-04,-0.10275209201878213,1.0931558856672337,0.01915700824599753,5.73483915472129,0.0033404612978946836
2025-08-05,-0.10275201125307828,1.0931567028076792,0.0004664177092763566,5.707229823786947,8.172401036530751e-05
2025-08-06,-0.1027468651454025,1.0931217335644503,-0.020099826852174374,5.7496383729237,-0.003495841920568229
2025-08-07,-0.102746089045387,1.0931780063583465,0.03233440067810989,5.746167095881911,0.005627125027617607
2025-08-08,-0.10273183814040157,1.093083406904256,-0.05475737404594838,5.790156259290673,-0.009456976909403213
2025-08-11,-0.10272879019297748,1.093154976746633,0.04135601690347812,5.778284246587036,0.007157144774922624
2025-08-12,-0.10270675267557619,1.0930495158671814,-0.06156343911561635,5.839972156041411,-0.010541735040967514
2025-08-13,-0.10272006069191192,1.0932483720132367,0.11651655715536435,5.860313895671379,0.019882306516281888
2025-08-14,-0.10272003929633548,1.0932640210847056,0.009170544055564278,5.860408148572377,0.0015648302683147189
2025-08-15,-0.10272456477367291,1.0931618526828357,-0.05974706553251963,5.847757225627453,-0.010217090625903827
2025-08-18,-0.10272560400023063,1.0930426755632578,-0.06966462614184366,5.845683228130985,-0.011917276975700447
2025-08-19,-0.10270480781015916,1.0932315421081589,0.10981768288638705,5.813761707866296,0.01888926454240436
2025-08-20,-0.10270714428503944,1.0931884152830837,-0.025007903180039648,5.798443919968102,-0.004312864541798866
2025-08-21,-0.10270774200577744,1.0931809820639968,-0.004293519579277927,5.7756156250688315,-0.0007433873474270127
2025-08-22,-0.10272060224975217,1.0932239661240286,0.025191548338511893,5.864001644906904,0.00429596542838484
2025-08-25,-0.10273728158345648,1.0930284195185505,-0.11419362127730892,5.839159608540382,-0.019556516508007212
2025-08-26,-0.10274247674876076,1.0930959646873848,0.03959101202610782,5.862488558198451,0.006753277491815554
2025-08-27,-0.10274635791834058,1.0931855074129009,0.052608033782689745,5.875926088899749,0.00895314763779482
2025-08-28,-0.10275132514754164,1.0932591493246346,0.04341705433216703,5.896680962337767,0.007362964794852007
2025-08-29,-0.10276273571513114,1.093160147827502,-0.058049850027032335,5.862680122502498,-0.00990158917322162
2025-09-01,-0.10276273573861515,1.0931601341872204,-7.996474664651032e-06,5.862681491663287,-1.3639619815645778e-06
2025-09-02,-0.10279338219106322,1.092952962794364,-0.12058773453111371,5.819494495300096,-0.020721341798416
2025-09-03,-0.10282182820598508,1.0932398023572016,0.1677422689482455,5.849247038945308,0.028677583256680423
2025-09-04,-0.10282318963793007,1.0932483424049677,0.005034760066564559,5.897381633325957,0.0008537280406126771
2025-09-05,-0.10281926113019689,1.093319345827843,0.041760740917197836,5.8812587012582105,0.007100646823827649
2025-09-08,-0.10281648251110609,1.093262622594572,-0.03344223334772778,5.896481289136345,-0.005671557613409479
2025-09-09,-0.1028099259699073,1.093119497718283,-0.08458746291091757,5.910810883404279,-0.014310635982012702
2025-09-10,-0.10280798452752753,1.0930839969006987,-0.02104152226934275,5.927907784776191,-0.0035495697695198166
2025-09-11,-0.10283737499109721,1.0932725047963092,0.11262148068783517,5.976243535890944,0.018844861326596768
2025-09-12,-0.1028382195446679,1.093127205802311,-0.08681173674062848,5.9749451650516585,-0.014529294301879658
2025-09-15,-0.10283920719268382,1.0931372257773098,0.006016775650209638,6.006082279974666,0.001001780423533428
2025-09-16,-0.10283933750496678,1.0931324030774627,-0.002892718587759191,5.998168228295767,-0.0004822669984668113
2025-09-17,-0.1028380295657161,1.0931870742349563,0.032754489248077334,5.991250557526072,0.005467053820163119
2025-09-18,-0.10284143051018536,1.093225459383721,0.023101032091062734,6.019422565327555,0.0038377488605180953
2025-09-19,-0.10285205184950859,1.0933468773285502,0.07341290474175821,6.0474890366775735,0.01213940270028013
2025-09-22,-0.10284630093228568,1.093283678299395,-0.03839789771541291,6.076938291275797,-0.006318625576721403
2025-09-23,-0.10285794950317532,1.0931692698235589,-0.06916929147314477,6.045109585780594,-0.011442189838186873
2025-09-24,-0.10285970214930157,1.0931425885806019,-0.01607624332496016,6.0249487923023315,-0.0026682788317636302
2025-09-25,-0.10283926604881605,1.093360583713298,0.13072780878292178,5.996191383734825,0.021801807250104124
2025-09-26,-0.1027986976535621,1.0929955284438608,-0.2201302009433448,6.031480586766935,-0.0364968763103226
2025-09-29,-0.10279877674823622,1.0929970468345673,0.0009182603004092016,6.048423681064017,0.00015181811804686017
2025-09-30,-0.10280782823029527,1.0931289942901568,0.08008843059815263,6.070723523390199,0.013192567622224245
2025-10-01,-0.10282358107445669,1.0933667772981124,0.14484430079346566,6.092428165518655,0.023774478230739207
2025-10-02,-0.10282095342826596,1.0932309945499703,-0.08280924128348488,6.0991647246252825,-0.013577144580001891
2025-10-03,-0.10282097480860733,1.0930121667732382,-0.13347064324352687,6.099658769046772,-0.021881657367594856
2025-10-06,-0.10283876270341877,1.0932950972515052,0.17314012420320068,6.120475643156085,0.02828867138729748
2025-10-07,-0.1028460558267294,1.0931897620585176,-0.06424443456751305,6.09866662610205,-0.01053417714169675
2025-10-08,-0.10286302201076675,1.093347148225022,0.09651952717365475,6.134057004408537,0.015735022857512788
2025-10-09,-0.10286934058661641,1.0932271952433843,-0.07338377063888402,6.117497099643633,-0.011995718092479176
2025-10-10,-0.10302954202615215,1.0929218990333,-0.18189613951653882,5.953128667174384,-0.030554713275309522
2025-10-13,-0.10306948975415589,1.0930604459836997,0.0836833632812386,6.0433006583564355,0.013847294386309338
2025-10-14,-0.10306054291321802,1.0933724392638753,0.18827922817649778,6.034742937736553,0.031199212645686536
2025-10-15,-0.10304300471143935,1.0931596110158255,-0.12897750917545636,6.06130950309175,-0.0212788192237449
2025-10-16,-0.10301836951014484,1.0933510154248083,0.11526837849146432,6.021263748468712,0.019143552467831792
2025-10-17,-0.10302272253880738,1.093392710296923,0.025239194285063604,6.054671407709042,0.004168548974090994
2025-10-20,-0.1029881075077699,1.0932169291449114,-0.1075061396786623,6.118210388205633,-0.017571500954904562
2025-10-21,-0.1029885861658955,1.093099069245684,-0.07209638764823012,6.117399528649648,-0.011785463301944027
2025-10-22,-0.10296619659752745,1.0933278731006668,0.1392761897973287,6.086475881831332,0.022882895209209723
2025-10-23,-0.10296896073561596,1.0933541309301302,0.016068481201159557,6.120875389818602,0.0026251933224923506
2025-10-24,-0.10295984579664559,1.0932948151359323,-0.036595817159991384,6.1715244886254395,-0.005929785619005497
2025-10-27,-0.10293710151148097,1.0931915649675723,-0.06445726679100972,6.245370172938165,-0.010320808055591279
2025-10-28,-0.10292892516959734,1.0930213961888937,-0.1065476991129799,6.26209973905902,-0.017014692124496626
2025-10-29,-0.10292974291145324,1.0931572235604938,0.08508623613329291,6.264674087903537,0.013581909440043493
2025-10-30,-0.10297614546355471,1.0929253874399825,-0.14373504367574697,6.198174143799948,-0.023189900822571365
2025-10-31,-0.10297886052614229,1.0929775735328553,0.03243455615199764,6.216014502624281,0.0052179022649165956
2025-11-03,-0.10298528302691663,1.0931616268477335,0.11461981586637648,6.228203650836964,0.01840335067575601
2025-11-04,-0.10295759169283067,1.093287592748504,0.07756896380737999,6.15605460422449,0.012600434660561583
2025-11-05,-0.10296247514055511,1.0933765892173966,0.054943918599974495,6.174587736681546,0.008898394669099545
2025-11-06,-0.1030125556222707,1.0931303164324737,-0.150489791055179,6.108977516340774,-0.024634202802782803
2025-11-07,-0.1030158065554456,1.0933076454500175,0.10843527651024942,6.115418281915892,0.01773145703392146
2025-11-10,-0.10301870916586157,1.093317719167105,0.006252919004964497,6.210396366760546,0.0010068470087403023
2025-11-11,-0.10300331717047971,1.0929444682869627,-0.23230767631048366,6.224635579638465,-0.0373206870246975
2025-11-12,-0.10300502316614144,1.093169166764864,0.13992672748247514,6.22770662945698,0.022468419886804453
2025-11-13,-0.10300850848501855,1.0931579239867775,-0.006890816248301235,6.126331229340562,-0.0011247867590474638
2025-11-14,-0.10300813851207062,1.0932142222561205,0.03447979042425686,6.1247334586794855,0.005629598521613189
2025-11-17,-0.10300527335630268,1.0932300661062173,0.009615389975465405,6.067350982780165,0.0015847756298844387
2025-11-18,-0.10301323922918491,1.0931804196732915,-0.029880674909577465,6.017399776532419,-0.004965712104771685
2025-11-19,-0.10302383377903294,1.0933363855942388,0.09417555613072182,6.039207436261205,0.015594025726830255
2025-11-20,-0.10306236004767699,1.093206950226814,-0.07701792670036411,5.947639372353947,-0.012949326931010963
2025-11-21,-0.10305724618925731,1.0931800939162717,-0.016126091917044505,6.006812532921335,-0.00268463379349077
2025-11-24,-0.10302544887012748,1.0930670397945672,-0.06888347967651498,6.0961235484100875,-0.011299554401990472
2025-11-25,-0.10304441992183698,1.0931762091760613,0.06714710011908664,6.152795551093234,0.010913266914444424
2025-11-26,-0.1030424145789499,1.093160524004595,-0.00971492755206782,6.1953081270412405,-0.0015681104721271518
2025-11-27,-0.10304241458204202,1.0931605220701226,-1.198405016111792e-06,6.195298351337292,-1.93437821417125e-07
2025-11-28,-0.10304850936293507,1.0932205541534075,0.037389510743651044,6.229596712091514,0.006001915127359497
2025-12-01,-0.10305701096296103,1.0931236114055947,-0.06011910616030036,6.200945820805796,-0.009695151013670371
2025-12-02,-0.10305755384403023,1.093141678615888,0.011221244412126907,6.211454717123899,0.0018065404841786726
2025-12-03,-0.10306120181744155,1.0931991389401323,0.03581043617941759,6.233160678350906,0.005745148894331388
2025-12-04,-0.10306143747209302,1.0932158612726341,0.010431305578777028,6.238410500146881,0.0016721095186877212
2025-12-05,-0.10305985577180138,1.0931682716759177,-0.02974089095232557,6.250106858935484,-0.004758461194916438
2025-12-08,-0.10306037230763149,1.0931591900858362,-0.005659483955469113,6.231569874438695,-0.000908195538123351
2025-12-09,-0.10306017280906872,1.0931711036057374,0.007417792159344572,6.22651618833009,0.0011913230344196652
2025-12-10,-0.10305490179597428,1.0931265006140671,-0.02794489683651591,6.266763680578028,-0.004459223015401525
2025-12-11,-0.1030532175887433,1.0930880079622807,-0.024178609939667695,6.28211937674552,-0.0038487982302866605
2025-12-12,-0.10303484683583092,1.093178313346382,0.05613421378689054,6.214329800672588,0.009033027790191476
2025-12-15,-0.10303600577378867,1.093138094098001,-0.02495716107057433,6.20530707313842,-0.004021905890622089
2025-12-16,-0.1030351157797975,1.0931545407461623,0.0101774951186826,6.187962903491296,0.001644724649680815
2025-12-17,-0.10302061396780086,1.0932234782586152,0.042201932222951655,6.11997934419845,0.006895763833411917
2025-12-18,-0.1030237105980925,1.093245507760997,0.0135799507113461,6.1661717125031315,0.0022023309347370375
2025-12-19,-0.10300892584434299,1.093155923946216,-0.05571392372314676,6.221179220931828,-0.0089555246271786
2025-12-22,-0.10301533726359377,1.0932115229726096,0.034798653154894055,6.260342933654122,0.005558585771368008
2025-12-23,-0.1030057223578477,1.093097990521756,-0.07139358029803589,6.289560333110854,-0.011351124167168007
2025-12-24,-0.10301660056578064,1.093279745478914,0.11468017258096097,6.310529137775703,0.01817282989701601
2025-12-25,-0.10301660053169243,1.0932797670863028,1.3634733250000863e-05,6.310525607219905,2.160633534931115e-06
2025-12-26,-0.10301655429082668,1.0929871808628817,-0.18464523838190416,6.311122560974531,-0.029257114974073996
2025-12-29,-0.10300740354676645,1.0931240967111606,0.08610917635837723,6.288856934606626,0.01369234143084596
2025-12-30,-0.10300864865305219,1.093078586165503,-0.028580912806091874,6.2801112402639205,-0.004551020151179801
2025-12-31,-0.10300128604339673,1.0931322632348446,0.03347057762618988,6.234492271306857,0.005368613219753638
2026-01-01,-0.10300128603279708,1.0931322697747416,4.0770955820335075e-06,6.234492843750113,6.539578573934318e-07
2026-01-02,-0.1029998042827949,1.093087555503718,-0.02792616333931619,6.24612337442749,-0.004470959291910538
2026-01-05,-0.10301050442978273,1.0931760733930425,0.05564178090742189,6.28747659912044,0.008849620357267916
2026-01-06,-0.10301111583280895,1.0931817624519884,0.003597385114971985,6.324746166117488,0.0005687793660785406
2026-01-07,-0.10301412837557938,1.0931321757762091,-0.03126314269979957,6.304460735069954,-0.004958892443550555
2026-01-08,-0.10301382546318592,1.0931953738203481,0.03983432484392324,6.303369610694562,0.00631952864961919
2026-01-09,-0.10299238380404276,1.093018623975612,-0.11213137458071287,6.345619586150366,-0.017670673928428558
2026-01-12,-0.10299347359526355,1.093057566818681,0.024749120114620382,6.355849225804779,0.0038939124002719937
2026-01-13,-0.10298911493161717,1.0931688366074952,0.07057724948344912,6.342826295925882,0.01112709795139467
2026-01-14,-0.10298976985001058,1.0931616320410569,-0.004548027862597337,6.312114611579388,-0.0007205236505455896
2026-01-15,-0.10298938932142299,1.0931535476122682,-0.005115841424640166,6.32881614054049,-0.0008083409773701004
2026-01-16,-0.10299154444001908,1.093026040800018,-0.08062754141019468,6.323545378218549,-0.012750369703665958
2026-01-19,-0.10299154446392599,1.0930260257022588,-9.546672004034917e-06,6.323545937395778,-1.5097023250164792e-06
2026-01-20,-0.10294617965323025,1.093144107659952,0.07319264683030724,6.194960555089792,0.011814868905044441
2026-01-21,-0.10291956684080616,1.0930181008323419,-0.07892395197131918,6.265920767602396,-0.012595746881989188
2026-01-22,-0.1029281547429844,1.0931088488747633,0.05714613080840536,6.298505901968971,0.009072966144326539
2026-01-23,-0.10292811619773087,1.0931024356429506,-0.004040785624397358,6.301084456524719,-0.0006412841554937674
2026-01-26,-0.10294112400960714,1.0932423214476277,0.08857891230957193,6.333491108609028,0.013985795636338358
2026-01-27,-0.10293063857957623,1.0930995903882268,-0.09075360656061093,6.359429403368529,-0.014270715311744732
2026-01-28,-0.1029295350891269,1.093348744409716,0.1584158421231905,6.358430501421828,0.024914299541021426
2026-01-29,-0.10293931675304258,1.0931026958653156,-0.15612481317691618,6.345211375386278,-0.024605139835457687
2026-01-30,-0.10292218033864999,1.0933847484276593,0.1784016536469153,6.324835901800716,0.028206526843822674
2026-02-02,-0.10288069432828857,1.092961633394895,-0.2690131278956187,6.359232617697406,-0.042302765768776805
2026-02-03,-0.10286295954983095,1.0930715106020699,0.06928368326930467,6.304264893670992,0.010989970192854727
2026-02-04,-0.10282329200862267,1.0934823189554177,0.25768801361311944,6.272060727091442,0.041085063558148574
2026-02-05,-0.10291216986680338,1.0931035031187533,-0.2347320337638621,6.194444667723547,-0.03789395924172907
2026-02-06,-0.10291175338100186,1.0931023390176275,-0.0007346869862203675,6.315147202884441,-0.00011633727015655305
2026-02-09,-0.10291760123036116,1.0931711959948094,0.04368038815368891,6.344820163199532,0.0068844170567731264
2026-02-10,-0.10291631693202445,1.0931953144174125,0.01526028645707811,6.327022717999127,0.0024119221847687723
2026-02-11,-0.1029163275928307,1.093192772405007,-0.0016080381800520627,6.326129271777008,-0.00025418990206634923
2026-02-12,-0.10289251726143982,1.0932743677476597,0.05083986499766979,6.228143014081169,0.008162925109896524
2026-02-13,-0.10289240057820029,1.0932630473847373,-0.007054494317117133,6.2321088976895345,-0.0011319594110001008
2026-02-16,-0.10289240058041296,1.0932630460047605,-8.599746479376336e-07,6.232108374590686,-1.379909648946237e-07
2026-02-17,-0.10288636114507306,1.093069302105626,-0.12094285166961072,6.24304181311057,-0.01937242377836189
2026-02-18,-0.10289485184727636,1.0931616571210696,0.05793620990993986,6.274454000049141,0.009233665576237568
2026-02-19,-0.1028870236231424,1.0933200257015534,0.09911529520275053,6.258345377079908,0.01583730031355299
2026-02-20,-0.1028694395189644,1.0931851606084273,-0.08498315272640866,6.302982509902324,-0.013483006274076687
2026-02-23,-0.10287842270596588,1.0931379029567645,-0.029493709819234937,6.239465071727715,-0.004726961282767161
2026-02-24,-0.10288205273440981,1.0931650289125336,0.017044112517510257,6.284993434845168,0.002711874355033458
2026-02-25,-0.10286483843141526,1.093052754942659,-0.07113678823520786,6.337871130336061,-0.011224082467488714
2026-02-26,-0.10285312458519762,1.0931637211353729,0.06994209520826189,6.302275388041216,0.011097911611571183
2026-02-27,-0.10283256920727299,1.0933999523259463,0.14820913752839715,6.273352063344776,0.023625190493354233
2026-03-02,-0.10283090132892428,1.0930951441942132,-0.19127817854837303,6.27574016279595,-0.03047898312972144
2026-03-03,-0.10283271864108771,1.0930842568582404,-0.006773914605901155,6.220479585037138,-0.0010889698315537052
2026-03-04,-0.10284070887040687,1.0931451724718366,0.03815250706838924,6.264816945224496,0.006089963585842981
2026-03-05,-0.10286325066658902,1.0929237228490578,-0.13800766155850397,6.231311771418146,-0.02214744930457807
2026-03-06,-0.10282517400243087,1.0930726751098516,0.09160960830831755,6.148032063777518,0.014900639319702915
2026-03-09,-0.10284707592890785,1.0932080362301335,0.08391659533333495,6.201410892472158,0.013531855377491698
2026-03-10,-0.10284983323316854,1.0931275463471652,-0.04982877087729776,6.190661427044084,-0.00804902213834847
2026-03-11,-0.10284897611113061,1.0931655655000472,0.023509956294560652,6.183804950066402,0.003801859289612329
2026-03-12,-0.10286321969394538,1.0931173881989065,-0.029348319887049,6.089098333144612,-0.004819813752604083
2026-03-13,-0.10286774147418294,1.0930759400912244,-0.02510088110079778,6.0551961716618345,-0.0041453456484645814
2026-03-16,-0.10288225858963576,1.0931525196211533,0.046817763263561574,6.115840579031195,0.007655164103538149
2026-03-17,-0.10288323930069776,1.0931717379064885,0.011784450640334398,6.132722958811031,0.001921569051705392
2026-03-18,-0.10282505111536482,1.0933886633042886,0.13125097333909252,6.048147642057099,0.02170102006545121
2026-03-19,-0.1028377934940517,1.0931509026106307,-0.14342120278399761,6.031938722911049,-0.023776966141788276
2026-03-20,-0.10285311921538808,1.0930975487011474,-0.031729286604104345,5.944388928205386,-0.0053376868484417
2026-03-23,-0.10284262414830853,1.0930474058633268,-0.03011819337268662,6.008901762393563,-0.005012262567043441
2026-03-24,-0.10282872022058126,1.0932523691920473,0.1227500514737585,5.9885064837364945,0.020497606841893123
2026-03-25,-0.10281774554676362,1.0931468494924894,-0.06352029600452624,6.0211138305701315,-0.010549592283411721
2026-03-26,-0.10283510425348286,1.0930975828024394,-0.029153979022453314,5.914381572309776,-0.004929336848834332
2026-03-27,-0.10283237880170809,1.0931055058334744,0.004608770164963971,5.813802352177527,0.0007927290757034047
2026-03-30,-0.10281271468211876,1.0933784232846666,0.15812753739919572,5.793545533322956,0.027293742059967863
2026-03-31,-0.10291777449581324,1.0935663470180077,0.11187762375175225,5.959353584118059,0.018773449531491314
2026-04-01,-0.10283048148000547,1.092996190908719,-0.34236554089693527,6.006620787878617,-0.05699802817381616
2026-04-02,-0.10283547849930431,1.0932383848461757,0.1456305439252219,6.013488688227886,0.024217314021112383
2026-04-03,-0.10283547844665729,1.0932384165552838,1.9067305856879102e-05,6.013487658139977,3.1707566292364826e-06
2026-04-06,-0.10283140111335025,1.0931900991407748,-0.029179142718703588,6.040212679447325,-0.004830813792035789
2026-04-07,-0.1028333436778751,1.0933809365098055,0.11533226378321615,6.04389706734738,0.01908243348588903
2026-04-08,-0.1027454286663783,1.0931956898195667,-0.11469320053015508,6.196520533476939,-0.018509290804495957
2026-04-09,-0.10274506405441713,1.09319236268421,-0.002073376114481107,6.2331390552829955,-0.0003326375516560607
2026-04-10,-0.10274349222718014,1.0933029416756275,0.06887706622239875,6.228942855013438,0.0110575851834894
2026-04-13,-0.10280953108816489,1.0936685802404038,0.2299074036334332,6.2899776009644714,0.03655138670099246
2026-04-14,-0.10274284285544799,1.0933664443389615,-0.1922642054021253,6.366056969097603,-0.030201458506485687
2026-04-15,-0.10272605448390093,1.0932499623229268,-0.07472452959984821,6.416894844386029,-0.011644967139398072
2026-04-16,-0.10272658188335188,1.093263719860529,0.008846410743899469,6.4309430678198405,0.001375600848990022
2026-04-17,-0.10271422741686922,1.093207358285101,-0.036676623599419145,6.5099288228319105,-0.0056339515527090355
2026-04-20,-0.10270954401123135,1.0933384101414805,0.08515182675171218,6.497541496998313,0.013105237848969492
2026-04-21,-0.10274145055125976,1.0930746846447779,-0.17025193733036303,6.4547691460564325,-0.02637614661004246
2026-04-22,-0.10275898497131482,1.093170581599423,0.06251436909803942,6.521090149749726,0.009586490550270752
2026-04-23,-0.10275153116146275,1.0932708917723832,0.06515307932806991,6.494749515696874,0.01003165390298799
2026-04-24,-0.10273018378790284,1.0931185717372394,-0.09968525851024879,6.546209327823744,-0.015227936278565151
2026-04-27,-0.10273186474524887,1.0931788807908407,0.03954073904867528,6.556967774022808,0.006030339085289782
2026-04-28,-0.10273171298851085,1.093180567219937,0.0011004335196957982,6.524661045320771,0.00016865757654721167
2026-04-29,-0.10273186691872091,1.0931069854397395,-0.048005856281633896,6.524462837830256,-0.007357825076922117
2026-04-30,-0.10279683060698534,1.093487484230366,0.2505824411556432,6.587690272246513,0.03803798156864324
2026-05-01,-0.10278302246629582,1.093214426920932,-0.1803864089522449,6.60702051188408,-0.02730223231905864
2026-05-04,-0.10278270784194354,1.093219195087905,0.0031390805604587513,6.5830869785573976,0.00047684020744119684
2026-05-05,-0.1027679501074515,1.0931114907349244,-0.07144057171637996,6.634746173319713,-0.010767642024296836
2026-05-06,-0.10284044665668207,1.093409292034508,0.20027968019996933,6.728084622155087,0.029767711235447768
2026-05-07,-0.10285155024775494,1.0932123117199672,-0.13211747899856618,6.706918942997089,-0.019698684317113198
2026-05-08,-0.10285127991143944,1.0932103836938976,-0.0013033474662051958,6.761768883601529,-0.00019275244224422418
2026-05-11,-0.102859949490268,1.093449294554767,0.16188134285607703,6.776516166368753,0.0238885791580458
2026-05-12,-0.10286713395633179,1.0931387949103542,-0.21014381021871031,6.768037996790936,-0.031049443031843198
2026-05-13,-0.10287295869509198,1.0932011354635518,0.04241680249208457,6.805335056083987,0.006232874963909946
2026-05-14,-0.10287402674615634,1.0932092406254512,0.005557468596407489,6.858381452280283,0.000810317803854397
2026-05-15,-0.10288929220695024,1.093136579008975,-0.049246203329062155,6.775720739856329,-0.007268039109018292
2026-05-18,-0.10288842573411457,1.0931943112443778,0.039086085717713104,6.770431301646337,0.005773056985041516
2026-05-19,-0.10288818124779994,1.0931964861730743,0.0014633226616069805,6.727359499934341,0.00021751813049700444
2026-05-20,-0.10288070931388753,1.0931542674754626,-0.028686915109460642,6.796970278099458,-0.004220544439026437
2026-05-21,-0.10288080071385143,1.0931572506980924,0.0020312649055540533,6.809617684094308,0.0002982935312651426
2026-05-22,-0.10288063320446102,1.0931547361842495,-0.001718826147339314,6.836639641062127,-0.00025141388716990804
2026-05-25,-0.10288063320483186,1.0931547359295577,-1.7411502994946204e-07,6.836635536514047,-2.546794092204045e-08
2026-05-26,-0.1028831055907447,1.0931773282908532,0.015542772530920956,6.88111216051381,0.002258758783225586
2026-05-27,-0.10288235002308042,1.0934594403682065,0.19410103398956835,6.880605381437423,0.02820987736242168
2026-05-28,-0.1028385153768098,1.0930009335845101,-0.31722611854092975,6.9199949141842305,-0.045841958335937044
2026-05-29,-0.10284669465931949,1.093221482154885,0.15295080663088356,6.935743814760091,0.022052545583558895
2026-06-01,-0.10284619416324466,1.0932097000618168,-0.008192099550569765,6.9537907630922104,-0.001178076797198152
2026-06-02,-0.10284590233690308,1.0931962957543055,-0.009333134630082895,6.96336180071894,-0.0013403202213504526
2026-06-03,-0.10292493900001591,1.092540809053809,-0.453292520295804,6.9145044759789425,-0.06555676142383692
2026-06-04,-0.10298330241030686,1.0934472638371668,0.6291183179998825,6.941429075603847,0.09063239156486727
2026-06-05,-0.10310115119233154,1.093186662091334,-0.17631104848396717,6.761399310768105,-0.026076118327041677
2026-06-08,-0.1030959036371489,1.0930598784034762,-0.08592572691657097,6.778111252950336,-0.012676942544896961
2026-06-09,-0.10307640355102286,1.0934342848419218,0.2530442312171317,6.7583669427983795,0.037441623599140626
2026-06-10,-0.10315479558078003,1.093153305890909,-0.18698117854705743,6.652193529422455,-0.028108198855016052
2026-06-11,-0.10311694641089603,1.093022490910916,-0.08843632310902194,6.763687976060756,-0.013075163050399644
2026-06-12,-0.10312035081686535,1.0930589970612832,0.02482221820559971,6.800748477051325,0.00364992445895634
2026-06-15,-0.1032301077970189,1.0934321705575676,0.25808292604165217,6.919228908731049,0.037299376772459356
2026-06-16,-0.10321406875298003,1.0935896523075506,0.10833451141036221,6.878510337293562,0.01574970540103714
2026-06-17,-0.10330883856010815,1.0931395419798746,-0.3059452278656636,6.795362081748392,-0.045022652830729856
2026-06-18,-0.10335678639232289,1.0934270054760722,0.19720401692916312,6.862174811705998,0.028737830547942052
2026-06-19,-0.10335678635069581,1.0934270343723902,1.982814399070776e-05,6.862159722410304,2.8894903052100933e-06
2026-06-22,-0.10336724068193635,1.0932245233517146,-0.13856383463655675,6.842117973254906,-0.020251599749987897
2026-06-23,-0.10336767456901055,1.0932227835695691,-0.0011738236555629555,6.744815912356263,-0.00017403346078171715
2026-06-24,-0.10336147845808823,1.0935619135505361,0.22851139753106509,6.738326638349086,0.033912187668458174
2026-06-25,-0.10336173995852466,1.0932921450970798,-0.1817751673810335,6.738526827192594,-0.026975505484002755
2026-06-26,-0.10370809424885565,1.0895383067981819,-2.516659199335095,6.703647699012333,-0.37541638706728003
2026-06-29,-0.10464066662875587,1.0929272653348698,2.307217583002739,6.811176537341446,0.33873994754851816
2026-06-30,-0.10429637348569441,1.0905410202484696,-1.6387171212962812,6.8691520567602025,-0.23856177702218068
2026-07-01,-0.10421013321755403,1.092994474165682,1.6820002578242566,6.8556398694997815,0.24534548048641636
2026-07-02,-0.10420993880719015,1.0930059173973632,0.007837768494141528,6.849440710330263,0.0011442932095639107
2026-07-03,-0.10420993880550199,1.0930059185522467,7.909919759185868e-07,6.849441264905519,1.1548270075274493e-07
2026-07-06,-0.10421250823440635,1.0930239876815573,0.01247757082080625,6.907249864441972,0.0018064455558557235
2026-07-07,-0.1041879478528976,1.09329942273754,0.1892894622245649,6.871838735978378,0.027545678747307623
2026-07-08,-0.10419001470479357,1.0932553774330818,-0.03018759543226679,6.85363965112065,-0.0044046079118459
2026-07-09,-0.10420037444506207,1.093333015069292,0.05361849933785834,6.907948827335888,0.007761855317410739
2026-07-10,-0.10415571233030795,1.092748100439777,-0.40584409435098223,6.93964120481345,-0.058481999626937786
2026-07-13,-0.10409233529254197,1.0932230599323502,0.32710564938759035,6.886038920733597,0.047502730256532226
2026-07-14,-0.10406485821140944,1.0927855832978277,-0.30234257675112985,6.912041360473879,-0.04374143049549138
2026-07-15,-0.1040946955440805,1.09324602374875,0.3194551542837871,6.939040299782587,0.04603736835103786
2026-07-16,-0.10409055857529498,1.093291295024375,0.031250761391902415,6.902437192987663,0.00452749666793792
2026-07-17,-0.10411102874877382,1.0931746249106968,-0.07973407592453441,6.832743520745824,-0.01166940858857689
2026-07-20,-0.10412273685278514,1.092719420215661,-0.3105884999654336,6.82314178979138,-0.04551986599928622
2026-07-21,-0.10420548489037279,1.0933085939110516,0.40523269568143405,6.87975100629034,0.058902232844025744
2026-07-22,-0.10420879225325534,1.0931606765844941,-0.10163714456336947,6.87133944495188,-0.014791460293529604
2026-07-23,-0.10424207874236206,1.09300520778505,-0.10554681446694758,6.787148677386545,-0.015550980166179203
2026-07-24,-0.1042449272114684,1.0932417436432866,0.16065460434742818,6.792444751571133,0.023651955992762076
2026-07-27,-0.10424494487600523,1.0932479059302764,0.0041865149063369245,6.7941440720530295,0.0006161946025780785
2026-07-28,-0.1042369769958864,1.0930512766253184,-0.13390239584055053,6.810645455677108,-0.01966074973539172
2026-07-29,-0.1041606120904822,1.0933363110260303,0.19124911378173692,6.707358313970709,0.028513328918687034
2026-07-30,-0.10410964079225056,1.0931579492891397,-0.12156665181259996,6.8189779331227625,-0.01782769397479606
2026-07-31,-0.10407571758919028,1.0928771218478244,-0.19281560280330723,6.867549594930428,-0.028076332050902437
2026-08-03,-0.10419376064619659,1.0933718276504103,0.3444287054127244,6.965062196826969,0.04945091596879547
2026-08-04,-0.10407388510199563,1.0929703236419923,-0.28456522467934064,7.090868369395678,-0.040131223688699334
2026-08-05,-0.10407014766302634,1.093080942319372,0.07828491143652627,7.077028682565989,0.011061833284550392
2026-08-06,-0.1040667145905331,1.093196541847582,0.08167068952479895,7.065029809541499,0.011559850662554976
2026-08-07,-0.1040510440617499,1.09303938028482,-0.11169109358627338,7.108135890447684,-0.015713134260189117
2026-08-10,-0.10405074660026854,1.093145721817002,0.07557899349774289,7.10752872510116,0.010633652908193795
2026-08-11,-0.10405621238272242,1.0930437624215008,-0.07224235256069278,7.085228094977617,-0.01019619292311873
2026-08-12,-0.10405884176588204,1.0931102067611378,0.04718857485886474,7.102730735193826,0.006643722902945864
2026-08-13,-0.10406724904429915,1.093186963460745,0.05487387738492089,7.1505349658539386,0.007674093986947966
2026-08-14,-0.10406566673954969,1.0932358801911828,0.034912294646801456,7.137126126371927,0.004891646025113571
2026-08-17,-0.10407664632026123,1.0930970512307927,-0.09862628157145537,7.103727608176774,-0.013883736400299357
2026-08-18,-0.1040744478241953,1.0931160007900647,0.013370489929343421,7.055030508634888,0.0018951710999660213
2026-08-19,-0.10407975392023787,1.0932708392589248,0.10946191983725839,7.070131775389946,0.01548230263801853
2026-08-20,-0.10406958027464669,1.0933425784414426,0.05030490401713905,7.011133315327431,0.007175003206281171
2026-08-21,-0.10407118844099511,1.0933680678239088,0.017937240200240012,7.03813576158944,0.0025485783178739365
2026-08-24,-0.10407939847499433,1.0931907692149592,-0.12445365508983741,7.019331555730236,-0.017730129158557782
2026-08-25,-0.10408632255084191,1.093326966462095,0.09588782156481557,7.04123467155841,0.013618040874583303
2026-08-26,-0.10408564381645907,1.0930901911826356,-0.1667523922703822,7.043031775530598,-0.02367622319264911
2026-08-27,-0.1041045679473465,1.0932685610672717,0.12641264312344447,7.088537193435452,0.01783338926972304
2026-08-28,-0.10410974529516738,1.0931284002632715,-0.0991418848190051,7.073428933044787,-0.014016099653711946
2026-08-31,-0.10408476418178757,1.0935664139965267,0.3088059054697396,7.049929999344401,0.04380269101940823
2026-09-01,-0.10414032792985368,1.0930686547425612,-0.34866008144683747,7.003832808535738,-0.049781325593882986
2026-09-02,-0.1041443779895046,1.0931237366350801,0.03874480892966403,7.035136264529001,0.0055073288523229446
2026-09-03,-0.1042236559617123,1.0935871084564677,0.32927918462735306,7.108244135193751,0.046323561538503324
2026-09-04,-0.10424625756180118,1.0932391375248498,-0.2464127717073552,7.081128490725783,-0.03479851721799487
2026-09-07,-0.10424625760841001,1.093239104664904,-2.3267414235306205e-05,7.081129823836738,-3.2858335907050664e-06
2026-09-08,-0.10430175183940245,1.0926532096998156,-0.41260596390156934,7.041730474916105,-0.05859439883013772
2026-09-09,-0.1042576501312959,1.0932187144194256,0.3964275906879493,7.009731666891111,0.0565538895818774
2026-09-10,-0.10425180790423708,1.0932757074021149,0.03971615648947591,6.96793404118694,0.005699846791705642
